rinpersoon,GBAGEBOORTELAND,GBAGESLACHT,GBAGEBOORTELANDMOEDER,GBAGEBOORTELANDVADER,GBAAANTALOUDERSBUITENLAND,GBAHERKOMSTGROEPERING,GBAGENERATIE,GBAGEBOORTEJAAR,GBAGESLACHTMOEDER,GBAGESLACHTVADER,GBAGEBOORTEJAARMOEDER,GBAGEBOORTEJAARVADER,GBAHERKOMSTLAND,GBAGEBOORTELANDNL
0006861b,NL,1,NL,NL,0,Western,0,1984,2,1,1945,1953,NL,1
0009f3ff,NL,2,NL,NL,0,Western,0,1987,2,1,1950,1953,NL,1
0014ef1c,France,2,France,NL,1,Western,1,1954,2,1,1915,1928,France,0
001c3628,NL,1,France,NL,1,Western,1,1980,2,1,1957,1945,NL,1
0022efe0,NL,2,US,France,2,Western,1,1963,2,1,1931,1943,NL,1
003fbfa0,NL,2,NL,France,1,Western,2,1968,2,1,1939,1938,NL,1
00443ad5,NL,2,NL,NL,0,Western,2,1993,2,1,1965,1963,NL,1
004f0206,NL,1,NL,NL,0,Western,1,1984,2,1,1953,1950,NL,1
00527f04,NL,1,NL,NL,0,Western,0,1952,2,1,1920,1928,NL,1
00530c42,NL,2,NL,NL,0,Western,0,1987,2,1,1966,1956,NL,1
0057d6b5,NL,2,NL,NL,0,Western,1,1987,2,1,1958,1958,NL,1
0057e2cb,NL,2,NL,France,1,Western,1,1985,2,1,1959,1963,NL,1
0059dde3,NL,2,France,NL,1,Western,2,1960,2,1,1938,1925,NL,1
005b6208,NL,1,NL,NL,0,Western,1,1986,2,1,1962,1961,NL,1
00650caf,NL,2,NL,NL,0,Western,2,1959,2,1,1928,1927,NL,1
006c5d5e,NL,2,NL,NL,0,Western,0,1970,2,1,1935,1932,NL,1
006f20e1,NL,1,NL,NL,0,Western,1,1958,2,1,1937,1933,NL,1
00721713,Egypt,2,NL,NL,0,Non-Western,1,1980,2,1,1946,1949,Egypt,0
007adca0,NL,1,NL,NL,0,Western,1,1984,2,1,1957,1955,NL,1
007fc2cd,NL,1,NL,NL,0,Western,1,1998,2,1,1969,1972,NL,1
008915e9,NL,2,NL,NL,0,Western,1,1990,2,1,1956,1952,NL,1
008bcb7e,NL,2,NL,NL,0,Western,1,1996,2,1,1957,1973,NL,1
009228c8,NL,1,NL,NL,0,Western,1,1992,2,1,1962,1970,NL,1
0093b08f,NL,2,France,NL,1,Western,2,1994,2,1,1972,1966,NL,1
0098d70a,NL,1,NL,NL,0,Western,2,1959,2,1,1939,1928,NL,1
009994c9,NL,2,NL,NL,0,Western,0,1999,2,-,1962,1968,NL,1
00a05037,NL,1,NL,NL,0,Western,2,1997,2,1,1970,1959,NL,1
00a19f6a,NL,1,NL,NL,0,Western,0,1958,2,1,1933,1919,NL,1
00a2cd32,NL,2,NL,NL,0,Western,1,1988,2,1,1966,1949,NL,1
00a50ca8,NL,2,NL,NL,0,Western,0,1997,2,1,1973,1965,NL,1
00a579d8,NL,1,NL,France,1,Western,-,1991,2,1,1954,1959,NL,1
00acd53c,NL,1,NL,NL,0,Western,0,1995,2,1,1972,1960,NL,1
00b56f85,NL,2,NL,Egypt,1,Western,2,1958,2,1,1933,1921,NL,1
00b7d201,NL,1,NL,NL,0,Western,2,1987,2,1,1952,1960,NL,1
00b99b31,NL,2,NL,NL,0,Western,1,1956,2,1,1917,1922,NL,1
00c1aa6c,NL,2,NL,NL,0,Western,2,1991,2,1,1955,1960,NL,1
00ca0e25,NL,1,NL,NL,0,Western,1,1964,2,1,1930,1928,NL,1
00ca36fe,France,2,NL,NL,0,Western,2,1987,2,1,1963,1953,France,0
00cb281d,NL,2,NL,NL,0,Western,0,1982,2,1,1944,1945,NL,1
00cd2c1a,NL,1,NL,NL,0,Western,0,1993,2,1,1968,1967,NL,1
00d2f8a7,NL,2,NL,NL,0,Western,2,1986,2,1,1956,1954,NL,1
00dd5e7a,France,2,NL,NL,0,Western,2,1982,2,1,1960,1945,France,0
00de5278,NL,1,NL,NL,0,Western,1,1970,2,1,1937,1940,NL,1
00de943a,NL,1,NL,Egypt,1,Western,1,1958,2,1,1919,1929,NL,1
00e1ae12,US,1,NL,NL,0,Western,1,1950,2,1,1917,1916,US,0
00e4acd0,Egypt,1,France,NL,1,Non-Western,2,1956,2,1,1928,1936,Egypt,0
00e8e9b6,NL,2,NL,NL,0,Western,0,1960,1,1,1935,1925,NL,1
00ec362f,NL,2,NL,US,1,Western,1,1991,2,1,1955,1956,NL,1
00ed35f8,NL,2,NL,NL,0,Western,0,1950,2,1,1925,1916,NL,1
00f3036b,NL,1,France,NL,1,Western,0,1954,2,1,1922,1928,NL,1
00f4d6cb,NL,1,NL,NL,0,Western,2,1981,2,1,1951,1959,NL,1
00f8d405,France,1,NL,NL,0,Western,1,1960,2,1,1937,1924,France,0
00fe71ba,NL,1,NL,NL,0,Western,0,1988,2,1,1961,1967,NL,1
01030496,NL,2,NL,NL,0,Western,1,1995,2,1,1966,1962,NL,1
0108659d,NL,2,NL,NL,0,Western,2,1957,2,1,1937,1918,NL,1
01087c09,NL,1,NL,NL,0,Western,1,1982,2,1,1962,1947,NL,1
010f7508,NL,2,NL,NL,0,Western,2,1997,2,1,1968,1971,NL,1
011073ee,NL,2,NL,NL,0,Western,1,1967,2,1,1942,1942,NL,1
0111e9de,US,1,NL,NL,0,Western,1,1966,2,1,1935,1940,US,0
0119f3a6,NL,1,NL,NL,0,Western,0,1962,2,1,1934,1923,NL,1
011a63b4,NL,2,NL,NL,0,Western,0,1980,2,1,1956,1949,NL,1
011b4848,NL,1,NL,NL,0,Western,1,1981,2,1,1952,1942,NL,1
012ac48b,NL,1,NL,NL,0,Western,0,1968,2,1,1937,1942,NL,1
012c7ac3,NL,1,NL,NL,0,Western,0,1966,2,1,1936,1935,NL,1
013a0367,NL,2,Egypt,NL,1,Western,1,1992,2,1,1971,1970,NL,1
013e2a06,NL,2,NL,NL,0,Western,1,1962,2,1,1938,1933,NL,1
0144a511,NL,2,NL,France,1,Western,1,1969,2,1,1943,1948,NL,1
01514dd6,NL,1,France,NL,1,Western,1,1954,2,1,1926,1932,NL,1
01535ca4,NL,2,NL,NL,0,Western,1,1988,2,1,1950,1955,NL,1
0154fc64,France,1,NL,NL,0,Western,2,1985,2,1,1963,1951,France,0
01552407,NL,1,NL,NL,0,Western,0,1983,2,-,1949,1951,NL,1
015b01db,NL,1,NL,France,1,Western,2,1988,2,1,1954,1964,NL,1
015b95f6,NL,1,France,NL,1,Western,2,1968,2,1,1937,1936,NL,1
015ccec2,France,2,NL,NL,0,Western,1,1953,2,1,1916,1921,France,0
015db3b9,NL,2,NL,NL,0,Western,1,1955,2,1,1925,1935,NL,1
01676d27,NL,2,NL,NL,0,Western,0,1997,2,1,1967,1961,NL,1
01799c36,NL,2,NL,France,1,Western,2,1982,2,1,1962,1957,NL,1
017d561c,NL,2,NL,NL,0,Western,0,1996,2,1,1958,1972,NL,1
017f5a1a,NL,1,NL,NL,0,Western,0,1986,2,1,1965,1964,NL,1
01810df3,NL,1,France,NL,1,Western,0,1988,2,1,1949,1959,NL,1
01920b99,NL,2,France,NL,1,Western,0,1984,2,1,1958,1952,NL,1
01a0777a,NL,2,Egypt,NL,1,Western,2,1962,2,1,1932,1923,NL,1
01a8978d,NL,2,NL,NL,0,Western,-,1988,2,1,1963,1958,NL,1
01a9d2a2,NL,1,France,France,2,Western,0,1992,2,1,1953,1954,NL,1
01b0b28d,NL,1,NL,France,1,Western,0,1991,2,1,1969,1958,NL,1
01b2f964,NL,1,NL,NL,0,Western,2,1989,2,1,1968,1950,NL,1
01b3369c,NL,1,NL,Egypt,1,Western,1,1957,2,1,1929,1918,NL,1
01b6a095,NL,2,NL,NL,0,Western,1,1953,2,1,1929,1930,NL,1
01bdf583,NL,2,NL,NL,0,Western,1,1969,2,1,1938,1942,NL,1
01c140b9,NL,1,France,NL,1,Western,1,1962,2,1,1932,1926,NL,1
01ced5f8,NL,1,NL,NL,0,Western,0,1955,1,1,1926,1929,NL,1
01d0122a,NL,2,NL,NL,0,Western,0,1951,2,1,1919,1924,NL,1
01d8885b,NL,1,NL,NL,0,Western,1,1959,2,1,1921,1934,NL,1
01d9b190,NL,1,France,NL,1,Western,2,1980,2,1,1955,1947,NL,1
01dc1103,NL,2,NL,NL,0,Western,0,1970,2,1,1940,1938,NL,1
01e926e9,NL,2,NL,NL,0,Western,0,1989,2,1,1953,1952,NL,1
01f3a85f,NL,2,NL,NL,0,Western,0,1980,2,1,1955,1946,NL,1
01f85951,NL,1,NL,NL,0,Western,1,1997,2,1,1975,1969,NL,1
01fb1bc9,NL,1,NL,France,1,Western,0,1984,2,1,1947,1945,NL,1
01ff6239,NL,1,NL,NL,0,Western,0,1952,2,1,1926,1923,NL,1
020ad9c6,NL,1,NL,NL,0,Western,1,1994,2,1,1957,1971,NL,1
020c0daf,NL,1,France,NL,1,Western,0,1991,2,1,1971,1954,NL,1
020d3429,NL,1,NL,NL,0,Western,1,1997,2,1,1960,1971,NL,1
020d7395,France,2,NL,NL,0,Western,0,1987,2,1,1965,1964,France,0
02117e39,NL,1,NL,NL,0,Western,2,1984,2,-,1945,1963,NL,1
021227ce,NL,1,France,NL,1,Western,1,1988,2,1,1965,1950,NL,1
022825d7,NL,2,NL,NL,0,Western,0,1985,2,1,1956,1956,NL,1
022add7c,France,1,NL,NL,0,Western,1,1987,2,2,1962,1962,France,0
022b769d,NL,1,NL,NL,0,Western,2,1950,2,1,1917,1926,NL,1
022bd910,France,2,NL,NL,0,Western,1,1960,2,1,1930,1937,France,0
0236be40,France,2,NL,NL,0,Western,1,1967,2,1,1946,1940,France,0
023740c0,NL,1,NL,France,1,Western,1,1984,2,1,1959,1957,NL,1
0238dc56,Egypt,2,NL,NL,0,Non-Western,0,1969,2,1,1930,1930,Egypt,0
023dab25,NL,2,NL,NL,0,Western,1,1992,2,1,1954,1954,NL,1
0248a18b,NL,2,NL,NL,0,Western,0,1987,2,1,1964,1956,NL,1
02572f57,NL,2,NL,NL,0,Western,1,1998,2,1,1959,1977,NL,1
025baa36,NL,1,NL,France,1,Western,2,1997,2,1,1977,1965,NL,1
025db723,NL,2,NL,NL,0,Western,0,1989,2,1,1959,1957,NL,1
025ffac1,NL,2,France,NL,1,Western,0,1985,2,1,1952,1965,NL,1
02663063,NL,2,NL,NL,0,Western,1,1957,2,1,1937,1934,NL,1
026f64e8,NL,2,France,NL,1,Western,2,1950,2,1,1915,1921,NL,1
027733f3,NL,1,NL,France,1,Western,0,1989,2,1,1964,1961,NL,1
0283a644,NL,1,NL,NL,0,Western,2,1967,2,1,1937,1938,NL,1
02898702,NL,1,France,NL,1,Western,1,1963,2,1,1931,1934,NL,1
02910c0b,NL,2,NL,NL,0,Western,2,1955,2,1,1918,1923,NL,1
02926335,NL,1,France,France,2,Western,2,1950,2,1,1912,1918,NL,1
02930028,NL,1,NL,NL,0,Western,0,1983,2,1,1944,1945,NL,1
02962570,Egypt,1,NL,NL,0,Non-Western,0,1951,2,1,1914,1922,Egypt,0
02a2643d,NL,1,US,NL,1,Western,2,1988,1,1,1968,1968,NL,1
02a69902,NL,2,NL,France,1,Western,2,1987,2,1,1966,1949,NL,1
02af8852,NL,2,NL,NL,0,Western,2,1987,2,1,1963,1952,NL,1
02b17923,France,2,NL,France,1,Western,1,1951,2,1,1914,1924,France,0
02b19842,NL,2,NL,NL,0,Western,2,1986,2,1,1952,1948,NL,1
02c0c8d3,France,1,NL,NL,0,Western,1,1964,2,1,1933,1925,France,0
02c2dd52,NL,1,NL,France,1,Western,2,1957,2,1,1935,1918,NL,1
02c31eee,NL,2,NL,NL,0,Western,1,1982,2,1,1959,1955,NL,1
02c416bf,France,2,NL,France,1,Western,2,1983,2,1,1957,1959,France,0
02d0e543,NL,1,France,NL,1,Western,0,1963,2,1,1937,1926,NL,1
02d10f01,NL,1,NL,NL,0,Western,1,1953,2,1,1921,1932,NL,1
02defb9e,NL,1,NL,NL,0,Western,1,1998,2,1,1961,1977,NL,1
02df9da5,NL,1,NL,NL,0,Western,2,1997,2,1,1977,1969,NL,1
02e801ea,France,2,NL,Egypt,1,Western,1,1956,2,1,1925,1930,France,0
02f67d0c,NL,-,NL,NL,0,Western,2,1958,2,1,1935,1924,NL,1
02fc2f99,France,1,France,NL,1,Western,0,1963,2,1,1928,1933,France,0
02fd60d3,NL,1,NL,NL,0,Western,2,1995,2,1,1974,1971,NL,1
03041633,NL,2,NL,NL,0,Western,1,1962,2,1,1937,1932,NL,1
031da491,NL,1,NL,NL,0,Western,2,1970,2,1,1937,1934,NL,1
03268c7d,NL,2,France,NL,1,Western,1,1990,2,1,1963,1968,NL,1
032b44c2,NL,2,US,NL,1,Western,1,1952,2,1,1930,1915,NL,1
0339fa57,NL,1,France,France,2,Western,1,1987,2,1,1965,1957,NL,1
0341749a,France,2,NL,NL,0,Western,2,1990,2,1,1952,1967,France,0
0343c98f,NL,2,France,NL,1,Western,0,1991,2,1,1965,1966,NL,1
0346c2f0,NL,2,France,NL,1,Western,1,1964,2,1,1930,1942,NL,1
03484c8f,NL,2,NL,NL,0,Western,0,1968,2,1,1930,1941,NL,1
034e6db9,NL,1,NL,NL,0,Western,0,1952,2,1,1922,1924,NL,1
0357e4b5,NL,1,France,NL,1,Western,2,1987,2,1,1950,1963,NL,1
035d9eeb,NL,2,France,NL,1,Western,1,1991,2,1,1954,1953,NL,1
035efc5f,NL,1,NL,France,1,Western,2,1989,2,1,1953,1959,NL,1
0361a971,NL,1,NL,France,1,Western,2,1987,2,1,1955,1950,NL,1
0369321e,NL,2,NL,NL,0,Western,1,1986,2,1,1950,1950,NL,1
036de1d5,NL,2,NL,NL,0,Western,0,1959,2,1,1923,1934,NL,1
03750a3d,France,2,NL,NL,0,Western,0,1968,2,1,1935,1937,France,0
037e1878,NL,2,NL,NL,0,Western,2,1989,2,1,1963,1956,NL,1
03817f27,France,2,NL,NL,0,Western,0,1986,2,1,1951,1960,France,0
0381c208,NL,2,NL,NL,0,Western,1,1969,2,1,1932,1942,NL,1
03846d18,NL,1,NL,France,1,Western,0,1993,2,1,1966,1956,NL,1
038718c2,NL,2,NL,NL,0,Western,2,1964,2,1,1938,1935,NL,1
038deacd,NL,1,NL,NL,0,Western,0,1967,2,1,1937,1932,NL,1
039169f7,France,1,France,France,2,Western,1,1986,2,1,1966,1956,France,0
03a14f41,NL,2,France,NL,1,Western,2,1987,2,1,1957,1953,NL,1
03a1886a,NL,1,NL,NL,0,Western,0,1962,2,1,1936,1931,NL,1
03a39916,NL,2,NL,NL,0,Western,1,1952,2,1,1919,1920,NL,1
03a88b90,NL,2,NL,NL,0,Western,2,1951,2,1,1923,1918,NL,1
03b211ef,NL,2,NL,NL,0,Western,2,1964,2,1,1930,1937,NL,1
03bbbbc1,NL,1,NL,NL,0,Western,2,1982,2,1,1958,1956,NL,1
03c6e62a,NL,2,NL,NL,0,Western,1,1966,2,1,1941,1932,NL,1
03cb2f1b,NL,1,NL,NL,0,Western,1,1987,2,1,1949,1949,NL,1
03ce2441,NL,2,NL,France,1,Western,2,1953,2,1,1923,1917,NL,1
03d831f8,France,1,Egypt,NL,1,Western,2,1982,2,1,1948,1948,France,0
03dfa6d8,NL,1,NL,France,1,Western,2,1958,2,1,1925,1932,NL,1
03e23996,NL,2,France,NL,1,Western,0,1960,2,1,1929,1926,NL,1
03e4cb63,NL,2,France,NL,1,Western,1,1950,2,1,1921,1928,NL,1
03e75bc9,NL,1,NL,NL,0,Western,1,1995,2,1,1958,1962,NL,1
03e8f4bd,NL,2,NL,NL,0,Western,0,1986,2,1,1955,1957,NL,1
03ea5492,NL,1,France,NL,1,Western,1,1950,2,1,1914,1912,NL,1
03ef5c1c,NL,1,NL,NL,0,Western,1,1951,2,1,1922,1919,NL,1
03f236d9,NL,1,France,NL,1,Western,2,1980,2,1,1959,1954,NL,1
03fb10a7,NL,2,NL,NL,0,Western,1,1970,2,1,1938,1931,NL,1
04017f1c,NL,2,NL,NL,0,Western,1,1966,2,1,1936,1940,NL,1
040c815f,NL,1,NL,France,1,Western,0,1985,2,1,1965,1948,NL,1
04177e68,NL,2,US,NL,1,Western,2,1967,2,1,1947,1941,NL,1
041bb932,NL,2,NL,NL,0,Western,1,1964,2,1,1943,1940,NL,1
041d59df,NL,2,NL,France,1,Western,1,1993,2,1,1962,1959,NL,1
0429fecf,NL,2,NL,NL,0,Western,1,1982,2,1,1960,1948,NL,1
042c04e3,NL,1,NL,France,1,Western,2,1995,2,1,1975,1959,NL,1
042d011d,France,2,NL,France,1,Western,0,1969,2,1,1932,1933,France,0
0430e013,NL,2,France,NL,1,Western,0,1987,2,1,1951,1960,NL,1
04386117,NL,1,NL,NL,0,Western,1,1965,2,1,1927,1927,NL,1
043eae4f,NL,2,US,NL,1,Western,0,1984,2,1,1945,1964,NL,1
0443248d,France,2,NL,NL,0,Western,2,1950,2,1,1928,1928,France,0
0449799c,NL,2,NL,NL,0,Western,1,1968,2,1,1938,1947,NL,1
0449f294,Egypt,2,France,Egypt,2,Non-Western,2,1983,2,1,1961,1950,Egypt,0
045729e5,NL,2,NL,NL,0,Western,2,1968,2,-,1931,1943,NL,1
0464b408,US,1,NL,NL,0,Western,1,1989,-,1,1963,1963,US,0
04657cb5,NL,2,NL,NL,0,Western,1,1981,2,1,1955,1957,NL,1
04736cdb,NL,1,NL,France,1,Western,0,1988,2,1,1967,1961,NL,1
0474914a,France,2,NL,NL,0,Western,0,1962,2,1,1941,1939,France,0
0482b2b2,NL,1,NL,NL,0,Western,0,1981,2,1,1953,1961,NL,1
0483061e,NL,2,NL,Egypt,1,Western,1,1980,2,1,1956,1953,NL,1
048faefc,NL,1,NL,NL,0,Western,2,1960,2,1,1932,1927,NL,1
049c0e38,NL,2,NL,NL,0,Western,1,1986,2,1,1955,1952,NL,1
04a26ead,NL,2,NL,NL,0,Western,0,1964,2,1,1942,1934,NL,1
04b056d0,NL,2,France,NL,1,Western,0,1993,2,1,1964,1964,NL,1
04b38be4,France,2,NL,NL,0,Western,1,1951,2,1,1912,1925,France,0
04b4073e,NL,2,NL,NL,0,Western,0,1982,2,1,1949,1943,NL,1
04b54287,NL,1,NL,NL,0,Western,1,1995,2,1,1975,1964,NL,1
04b65617,NL,1,NL,NL,0,Western,1,1989,2,1,1958,1964,NL,1
04bae7cf,NL,1,NL,NL,0,Western,1,1987,2,1,1960,1951,NL,1
04c10f64,NL,2,France,NL,1,Western,1,1994,2,1,1964,1958,NL,1
04c1a007,NL,2,NL,NL,0,Western,1,1997,2,1,1974,1972,NL,1
04c4e4f2,NL,1,NL,NL,0,Western,1,1962,2,1,1934,1929,NL,1
04c84325,France,2,Egypt,France,2,Western,2,1956,2,1,1924,1919,France,0
04cb408d,NL,2,NL,NL,0,Western,0,1992,2,1,1966,1969,NL,1
04cda025,NL,1,NL,NL,0,Western,2,1988,2,1,1966,1950,NL,1
04d51c6c,NL,1,France,NL,1,Western,0,1967,2,1,1947,1932,NL,1
04de4af0,France,-,NL,France,1,Western,1,1986,2,1,1947,1966,France,0
04e7f5e0,NL,2,NL,NL,0,Western,2,1997,2,1,1973,1966,NL,1
04e8679d,NL,2,NL,NL,0,Western,1,1957,2,1,1929,1922,NL,1
04eafcf2,NL,1,NL,NL,0,Western,1,1963,2,1,1938,1942,NL,1
04eccd54,France,2,NL,NL,0,Western,1,1967,2,1,1936,1938,France,0
04eeaf3f,NL,1,NL,NL,0,Western,1,1962,2,1,1929,1935,NL,1
04f6cb69,NL,1,NL,NL,0,Western,1,1990,2,1,1968,1963,NL,1
04f78169,NL,2,NL,NL,0,Western,0,1966,2,1,1928,1931,NL,1
050c6812,NL,2,NL,NL,0,Western,0,1960,2,1,1935,1933,NL,1
0519f762,France,1,NL,NL,0,Western,1,1986,2,1,1953,1961,France,0
05213752,NL,2,NL,NL,0,Western,1,1982,2,1,1946,1952,NL,1
052543cc,NL,1,NL,NL,0,Western,1,1960,2,1,1935,1921,NL,1
052b8633,NL,2,Egypt,NL,1,Western,1,1986,2,1,1959,1965,NL,1
052bff66,NL,2,NL,NL,0,Western,2,1962,2,1,1934,1924,NL,1
05342226,NL,2,France,NL,1,Western,2,1950,2,1,1912,1914,NL,1
05345c4d,NL,1,NL,NL,0,Western,2,1969,2,1,1936,1944,NL,1
0538c4bf,NL,1,NL,France,1,Western,0,1989,2,1,1959,1952,NL,1
054a478a,NL,1,Egypt,NL,1,Western,2,1980,2,1,1952,1948,NL,1
0553cb8f,NL,1,NL,France,1,Western,0,1980,2,1,1945,1956,NL,1
05590354,NL,2,NL,NL,0,Western,2,1983,2,1,1961,1958,NL,1
055abfee,NL,2,NL,NL,0,Western,2,1961,2,1,1928,1928,NL,1
05609de9,NL,1,NL,NL,0,Western,1,1980,2,1,1960,1956,NL,1
05657662,NL,2,NL,NL,0,Western,1,1951,2,1,1928,1920,NL,1
056e808e,NL,1,NL,NL,0,Western,2,1997,2,1,1962,1959,NL,1
0577fc10,NL,2,NL,NL,0,Western,2,1955,2,1,1931,1935,NL,1
0578ff12,NL,2,France,France,2,Western,1,1983,2,1,1963,1961,NL,1
057ebd79,NL,1,NL,NL,0,Western,0,1985,2,1,1950,1956,NL,1
05810ed9,NL,1,NL,France,1,Western,2,1952,2,1,1932,1928,NL,1
0587bcd9,NL,2,NL,NL,0,Western,1,1952,2,1,1932,1924,NL,1
058daae6,NL,2,NL,NL,0,Western,0,1959,2,1,1936,1932,NL,1
058eccfa,NL,1,US,France,2,Western,1,1953,2,1,1928,1933,NL,1
0591d24e,NL,1,NL,France,1,Western,1,1981,1,-,1942,1955,NL,1
05933049,France,1,NL,NL,0,Western,1,1963,2,1,1937,1929,France,0
05986da3,NL,2,NL,NL,0,Western,0,1961,2,1,1923,1938,NL,1
0598cad6,NL,2,NL,NL,0,Western,2,1996,2,1,1971,1960,NL,1
05a196c8,NL,1,France,NL,1,Western,0,1951,2,1,1923,1924,NL,1
05b270e7,NL,1,NL,NL,0,Western,2,1969,2,1,1936,1934,NL,1
05b9cd82,NL,1,France,NL,1,Western,0,1965,2,1,1941,1933,NL,1
05bf6d14,NL,1,NL,NL,0,Western,2,1994,2,1,1957,1971,NL,1
05c06555,France,2,NL,NL,0,Western,1,1987,2,1,1960,1957,France,0
05c1ebf8,NL,1,NL,NL,0,Western,2,1964,2,1,1939,1935,NL,1
05c72b0c,NL,1,NL,NL,0,Western,1,1964,2,1,1931,1925,NL,1
05c9160a,NL,1,NL,NL,0,Western,1,1967,2,1,1943,1939,NL,1
05d27b8d,NL,1,NL,NL,0,Western,2,1988,2,1,1961,1952,NL,1
05d36d0c,France,1,NL,NL,0,Western,0,1983,2,1,1952,1953,France,0
05d8c034,NL,1,France,NL,1,Western,1,1962,2,1,1930,1928,NL,1
05dd125f,NL,2,France,France,2,Western,0,1986,2,1,1947,1952,NL,1
05e96f3d,NL,2,NL,France,1,Western,0,1962,2,1,1937,1923,NL,1
05eb29b9,NL,2,France,France,2,Western,1,1992,2,1,1968,1956,NL,1
05f11c99,NL,1,NL,France,1,Western,2,1985,2,1,1952,1959,NL,1
05f89b54,NL,1,NL,NL,0,Western,0,1970,2,1,1936,1945,NL,1
05fb0d23,NL,1,NL,NL,0,Western,0,1987,2,1,1960,1953,NL,1
060a3863,NL,2,France,NL,1,Western,1,1957,2,1,1933,1933,NL,1
061a4c3c,NL,1,NL,NL,0,Western,2,1965,2,1,1936,1934,NL,1
06305e44,NL,1,NL,NL,0,Western,2,1967,2,1,1930,1934,NL,1
06350dfb,NL,2,France,NL,1,Western,0,1990,2,1,1968,1961,NL,1
063ccd3a,NL,1,NL,NL,0,Western,0,1966,2,1,1933,1944,NL,1
064e3eea,NL,2,NL,NL,0,Western,1,1989,2,1,1969,1964,NL,1
0654fa63,France,2,France,France,2,Western,0,1985,2,1,1955,1947,France,0
065c6fdb,NL,1,NL,France,1,Western,2,1962,2,1,1925,1924,NL,1
0664c291,NL,1,France,NL,1,Western,0,1966,2,1,1930,1940,NL,1
066d1e29,NL,1,NL,France,1,Western,1,1961,2,1,1934,1930,NL,1
066f94a5,NL,1,NL,NL,0,Western,1,1981,2,1,1951,1956,NL,1
0672aa09,Egypt,2,NL,NL,0,Non-Western,2,1968,2,1,1935,1929,Egypt,0
067389ea,France,2,NL,NL,0,Western,0,1988,2,1,1959,1950,France,0
0681641f,NL,1,NL,NL,0,Western,1,1951,2,1,1916,1913,NL,1
06816a44,NL,1,NL,Egypt,1,Western,1,1956,2,1,1932,1934,NL,1
06817347,NL,1,France,France,2,Western,1,1984,2,1,1951,1961,NL,1
06846277,NL,1,France,France,2,Western,1,1987,2,1,1966,1966,NL,1
0684fd8f,NL,1,NL,NL,0,Western,0,1951,2,1,1924,1916,NL,1
068add8f,NL,2,NL,NL,0,Western,1,1991,2,1,1952,1952,NL,1
068bc0b4,NL,1,NL,NL,0,Western,2,1961,2,1,1924,1934,NL,1
068ea4c2,NL,1,NL,NL,0,Western,0,1962,2,1,1939,1930,NL,1
0698ee4d,NL,2,NL,NL,0,Western,1,1986,2,1,1955,1949,NL,1
069c77a0,NL,1,NL,US,1,Western,2,1960,2,1,1926,1930,NL,1
06a831f7,NL,1,NL,France,1,Western,0,1950,2,1,1928,1921,NL,1
06a8c9de,NL,1,Egypt,NL,1,Western,1,1957,2,1,1932,1920,NL,1
06ac514b,NL,2,NL,NL,0,Western,1,1963,2,1,1925,1930,NL,1
06afd160,NL,2,NL,NL,0,Western,2,1985,2,1,1955,1948,NL,1
06c3f3d7,France,2,NL,NL,0,Western,0,1987,2,1,1966,1951,France,0
06c591f4,NL,2,NL,NL,0,Western,0,1988,2,1,1957,1965,NL,1
06cc3deb,NL,1,NL,NL,0,Western,2,1966,2,1,1937,1945,NL,1
06d63849,Egypt,2,France,NL,1,Non-Western,0,1950,1,1,1920,1913,Egypt,0
06de9f2c,NL,1,NL,France,1,Western,2,1999,2,1,1962,1962,NL,1
06e4bda1,NL,2,NL,NL,0,Western,2,1987,2,1,1966,1960,NL,1
06e56c18,NL,2,France,NL,1,Western,2,1987,2,1,1958,1961,NL,1
06e68b09,NL,1,NL,NL,0,Western,0,1992,2,1,1966,1958,NL,1
06e98f12,US,1,NL,NL,0,Western,2,1982,2,1,1944,1956,US,0
06eec5f7,NL,1,NL,NL,0,Western,2,1966,2,1,1946,1927,NL,1
06f69f16,NL,1,NL,NL,0,Western,1,1982,2,1,1950,1947,NL,1
06fe3b97,US,2,NL,NL,0,Western,2,1985,2,1,1951,1946,US,0
07019b34,NL,2,NL,France,1,Western,2,1970,2,1,1942,1935,NL,1
07069562,NL,1,Egypt,NL,1,Western,1,1994,2,1,1959,1967,NL,1
070c6fd0,NL,1,NL,NL,0,Western,1,1951,2,1,1915,1925,NL,1
0711ed0b,NL,2,NL,NL,0,Western,2,1988,2,1,1968,1958,NL,1
0719aea3,NL,1,NL,NL,0,Western,2,1953,2,1,1927,1918,NL,1
071c29bf,NL,1,NL,France,1,Western,0,1985,2,1,1954,1957,NL,1
071d2fae,Egypt,1,NL,NL,0,Non-Western,1,1985,2,1,1953,1962,Egypt,0
071d61cc,NL,1,NL,NL,0,Western,1,1993,2,1,1967,1961,NL,1
0722acc3,NL,2,NL,NL,0,Western,1,1958,2,1,1921,1936,NL,1
07240a42,NL,2,NL,Egypt,1,Western,2,1985,2,1,1961,1961,NL,1
07247b4b,NL,1,NL,NL,0,Western,2,1983,2,1,1954,1961,NL,1
07292e7b,NL,2,NL,NL,0,Western,1,1961,2,1,1937,1941,NL,1
07305acb,NL,2,US,NL,1,Western,1,1953,2,1,1918,1921,NL,1
0731a304,NL,2,US,NL,1,Western,2,1954,2,1,1915,1933,NL,1
07369bd5,NL,-,France,NL,1,Western,0,1987,2,1,1952,1949,NL,1
073d9a97,NL,1,NL,NL,0,Western,2,1969,2,1,1946,1933,NL,1
07492814,NL,1,France,France,2,Western,0,1992,2,1,1960,1967,NL,1
074b06ed,NL,1,NL,NL,0,Western,1,1967,2,1,1933,1931,NL,1
074f47f1,NL,1,NL,NL,0,Western,0,1984,2,1,1960,1963,NL,1
0750393d,NL,2,NL,France,1,Western,2,1997,2,1,1970,1965,NL,1
0750663b,NL,2,France,NL,1,Western,2,1963,2,1,1929,1926,NL,1
07508837,NL,2,NL,France,1,Western,1,1990,2,1,1962,1968,NL,1
07567d08,France,1,NL,NL,0,Western,0,1955,2,1,1931,1919,France,0
07607624,France,2,NL,France,1,Western,1,1986,2,1,1958,1964,France,0
07642594,NL,2,NL,NL,0,Western,0,1965,2,1,1940,1935,NL,1
076bcb22,Egypt,1,NL,NL,0,Non-Western,1,1953,2,1,1914,1925,Egypt,0
076dbb15,NL,1,France,NL,1,Western,1,1955,2,1,1920,1931,NL,1
076ed754,NL,2,NL,NL,0,Western,0,1964,2,1,1941,1943,NL,1
0773a853,NL,2,NL,France,1,Western,1,1959,2,1,1926,1932,NL,1
07780a7a,France,1,France,NL,1,Western,1,1982,2,1,1944,1959,France,0
077b467a,NL,2,NL,NL,0,Western,2,1967,2,1,1944,1944,NL,1
078babd6,NL,2,NL,NL,0,Western,2,1950,2,1,1919,1922,NL,1
078f6d25,NL,1,NL,France,1,Western,1,1995,2,1,1970,1964,NL,1
07981ba6,NL,2,NL,NL,0,Western,2,1954,2,1,1932,1921,NL,1
079a6381,NL,1,NL,NL,0,Western,0,1951,2,1,1922,1924,NL,1
07a03534,NL,2,France,NL,1,Western,0,1988,2,1,1955,1952,NL,1
07a11bd3,NL,1,France,US,2,Western,0,1982,2,1,1946,1954,NL,1
07aed3d4,NL,1,NL,NL,0,Western,2,1991,-,1,1963,1970,NL,1
07af5f27,NL,1,NL,NL,0,Western,2,1968,2,1,1948,1929,NL,1
07b7d7bd,France,1,NL,NL,0,Western,2,1965,2,1,1936,1932,France,0
07bbdd89,NL,2,NL,NL,0,Western,1,1952,2,1,1915,1928,NL,1
07bf2938,France,2,NL,NL,0,Western,2,1988,2,1,1956,1951,France,0
07c5008a,NL,1,NL,NL,0,Western,2,1980,2,1,1944,1949,NL,1
07ca920e,NL,1,NL,NL,0,Western,2,1998,2,1,1966,1964,NL,1
07d6ae8d,NL,1,NL,NL,0,Western,2,1982,2,1,1951,1951,NL,1
07dbeaee,France,2,France,NL,1,Western,0,1984,2,1,1959,1949,France,0
07dd1f02,NL,1,NL,NL,0,Western,2,1958,2,1,1936,1937,NL,1
07e206bc,NL,1,NL,NL,0,Western,1,1964,2,1,1941,1944,NL,1
07eb4cc3,France,2,NL,NL,0,Western,2,1969,2,1,1934,1947,France,0
07f5d48c,NL,1,France,France,2,Western,1,1955,2,1,1930,1935,NL,1
07f96823,France,2,NL,NL,0,Western,2,1988,2,1,1951,1955,France,0
0801e829,France,1,NL,NL,0,Western,1,1987,2,1,1958,1960,France,0
0803a957,NL,1,NL,NL,0,Western,0,1994,2,1,1967,1960,NL,1
080553c6,NL,2,NL,NL,0,Western,2,1966,2,-,1930,1940,NL,1
08061c41,NL,1,NL,France,1,Western,1,1986,1,1,1964,1954,NL,1
0808cb11,NL,2,France,NL,1,Western,1,1992,2,1,1966,1964,NL,1
08125413,NL,2,NL,France,1,Western,0,1966,2,1,1937,1930,NL,1
08161a54,NL,1,NL,NL,0,Western,2,1955,2,1,1920,1935,NL,1
081bef98,NL,2,NL,France,1,Western,1,1995,2,1,1964,1967,NL,1
081eaf1e,NL,2,NL,US,1,Western,2,1963,2,1,1943,1924,NL,1
0825e4e6,NL,2,NL,US,1,Western,1,1994,2,1,1960,1964,NL,1
082779bc,NL,1,NL,NL,0,Western,0,1953,2,1,1914,1927,NL,1
082e4ca8,NL,1,NL,NL,0,Western,2,1970,2,1,1935,1936,NL,1
08316fbb,NL,1,Egypt,NL,1,Western,0,1960,2,1,1929,1925,NL,1
083a4e6b,NL,1,NL,France,1,Western,1,1970,2,1,1943,1938,NL,1
0851275d,France,1,NL,NL,0,Western,0,1970,2,1,1947,1931,France,0
08553628,NL,2,NL,NL,0,Western,2,1966,2,1,1933,1941,NL,1
085cf712,NL,2,NL,NL,0,Western,2,1950,2,1,1929,1914,NL,1
086101ba,NL,1,NL,NL,0,Western,0,1960,2,1,1934,1928,NL,1
0866ff9b,NL,2,NL,NL,0,Western,2,1988,2,1,1950,1967,NL,1
08675ee3,NL,2,NL,NL,0,Western,1,1989,2,1,1955,1962,NL,1
08763a69,NL,2,NL,NL,0,Western,2,1986,2,1,1955,1959,NL,1
08767f23,NL,2,France,NL,1,Western,1,1998,2,1,1977,1961,NL,1
0879765e,NL,1,NL,NL,0,Western,1,1987,2,1,1955,1962,NL,1
087a7b04,NL,1,NL,NL,0,Western,2,1995,2,1,1973,1964,NL,1
087edcda,US,2,NL,NL,0,Western,2,1984,2,1,1963,1948,US,0
087f2682,NL,1,France,NL,1,Western,-,1992,2,1,1958,1970,NL,1
088483c1,NL,1,NL,NL,0,Western,0,1984,2,1,1954,1961,NL,1
08af749a,NL,1,NL,NL,0,Western,1,1990,2,1,1961,1951,NL,1
08afa309,NL,2,NL,France,1,Western,0,1993,2,1,1965,1963,NL,1
08bb547a,NL,1,NL,NL,0,Western,0,1993,2,1,1968,1958,NL,1
08bd4785,NL,1,NL,France,1,Western,0,1952,2,1,1917,1915,NL,1
08c28446,NL,2,NL,France,1,Western,2,1967,2,1,1944,1933,NL,1
08c83946,NL,2,NL,NL,0,Western,2,1957,2,1,1928,1923,NL,1
08cbb2a6,NL,2,NL,NL,0,Western,1,1961,2,1,1930,1922,NL,1
08d58562,France,1,NL,Egypt,1,Western,2,1967,2,1,1930,1928,France,0
08dcd842,France,2,NL,NL,0,Western,0,1982,2,1,1952,1950,France,0
08e82cf0,France,2,France,NL,1,Western,1,1989,2,1,1965,1961,France,0
08eb6a58,France,1,NL,NL,0,Western,0,1970,2,1,1942,1948,France,0
08ebc4fd,NL,1,US,NL,1,Western,1,1965,2,1,1943,1940,NL,1
08f2cafe,NL,2,US,NL,1,Western,1,1965,2,1,1943,1939,NL,1
08f4ec88,NL,2,NL,NL,0,Western,0,1983,2,1,1960,1955,NL,1
08f7a74b,NL,1,France,NL,1,Western,1,1958,2,1,1927,1925,NL,1
08fd7988,NL,1,NL,NL,0,Western,1,1961,2,1,1930,1930,NL,1
08fef0c5,NL,1,NL,NL,0,Western,2,1954,2,1,1915,1922,NL,1
08ffd58a,NL,1,NL,NL,0,Western,2,1954,2,1,1933,1921,NL,1
09027dc9,NL,1,NL,NL,0,Western,0,1967,2,2,1941,1931,NL,1
090a5cbb,NL,1,NL,NL,0,Western,1,1984,2,1,1945,1957,NL,1
090c4f07,NL,2,US,France,2,Western,1,1950,2,1,1927,1916,NL,1
09156ebe,NL,2,Egypt,NL,1,Western,0,1969,2,1,1948,1934,NL,1
091a805a,NL,2,NL,US,1,Western,1,1981,2,1,1947,1959,NL,1
091a9d62,NL,2,NL,NL,0,Western,1,1984,2,1,1946,1951,NL,1
091b9957,NL,1,NL,NL,0,Western,1,1986,2,1,1951,1954,NL,1
09240c1e,NL,1,NL,NL,0,Western,-,1983,-,1,1952,1948,NL,1
0926d870,NL,1,NL,NL,0,Western,2,1963,2,1,1934,1934,NL,1
092a0f83,France,2,France,NL,1,Western,0,1990,2,1,1969,1955,France,0
092db1a0,France,1,NL,NL,0,Western,0,1988,2,2,1966,1962,France,0
09301389,NL,1,NL,NL,0,Western,2,1965,2,1,1935,1926,NL,1
093c55b6,NL,1,France,NL,1,Western,0,1986,2,1,1954,1966,NL,1
093eb4ee,NL,1,NL,France,1,Western,1,1986,2,1,1959,1950,NL,1
093f0759,France,2,NL,NL,0,Western,1,1966,2,1,1945,1945,France,0
09417b40,NL,2,NL,NL,0,Western,0,1994,2,1,1972,1971,NL,1
094510e3,France,1,NL,NL,0,Western,1,1953,2,1,1920,1927,France,0
09520c62,NL,2,NL,NL,0,Western,0,1957,2,1,1932,1929,NL,1
0960fa1a,NL,2,France,NL,1,Western,2,1954,2,1,1922,1920,NL,1
0965a937,NL,2,NL,NL,0,Western,1,1960,2,1,1926,1922,NL,1
0965bab2,NL,1,NL,NL,0,Western,2,1966,2,1,1943,1942,NL,1
0970698e,NL,2,NL,NL,0,Western,2,1983,2,1,1957,1945,NL,1
09715100,NL,1,NL,NL,0,Western,1,1981,2,1,1955,1953,NL,1
097829b8,NL,2,NL,NL,0,Western,1,1983,2,1,1959,1951,NL,1
0988afa4,NL,1,NL,NL,0,Western,1,1954,2,1,1928,1916,NL,1
098af298,NL,1,NL,France,1,Western,1,1985,2,1,1949,1948,NL,1
098bc0d1,NL,2,NL,NL,0,Western,0,1950,2,1,1925,1914,NL,1
0992cc57,NL,1,NL,NL,0,Western,2,1989,2,1,1967,1965,NL,1
09a82848,France,2,NL,Egypt,1,Western,0,1962,2,1,1929,1928,France,0
09aa6d0a,NL,1,NL,NL,0,Western,2,1963,2,1,1927,1927,NL,1
09aa6e42,France,2,NL,NL,0,Western,0,1980,2,1,1953,1957,France,0
09abb67f,NL,2,NL,NL,0,Western,2,1985,2,1,1957,1949,NL,1
09bd0c6e,NL,2,NL,France,1,Western,0,1970,2,1,1949,1947,NL,1
09c5db9f,NL,1,NL,NL,0,Western,2,1981,2,1,1949,1943,NL,1
09d898aa,NL,2,NL,NL,0,Western,1,1992,2,1,1957,1972,NL,1
09ddc7b3,NL,2,NL,NL,0,Western,2,1964,2,1,1944,1931,NL,1
09e03228,NL,2,NL,US,1,Western,1,1960,2,1,1938,1928,NL,1
09e4d75a,NL,1,France,NL,1,Western,0,1965,2,1,1927,1930,NL,1
09e63f57,NL,2,NL,NL,0,Western,2,1950,2,1,1916,1917,NL,1
09e6491d,NL,2,NL,NL,0,Western,2,1993,2,1,1958,1954,NL,1
09ebf2a5,NL,2,NL,France,1,Western,1,1981,2,1,1948,1947,NL,1
09ecb279,NL,1,France,France,2,Western,2,1956,2,1,1922,1930,NL,1
09f2e654,NL,1,NL,NL,0,Western,2,1961,2,1,1923,1927,NL,1
09f33e8f,France,1,NL,France,1,Western,1,1985,2,1,1965,1946,France,0
09f5ca6b,France,2,US,NL,1,Western,1,1986,2,1,1960,1959,France,0
09f8dd23,NL,2,NL,NL,0,Western,0,1986,2,1,1966,1947,NL,1
0a01ffe6,NL,2,NL,NL,0,Western,1,1969,2,1,1930,1945,NL,1
0a022c8d,NL,1,NL,NL,0,Western,1,1986,2,1,1965,1955,NL,1
0a03fe03,NL,1,NL,NL,0,Western,1,1968,2,1,1940,1930,NL,1
0a040bc7,NL,1,NL,France,1,Western,1,1966,2,1,1939,1933,NL,1
0a0a5152,NL,2,NL,NL,0,Western,2,1950,2,1,1922,1920,NL,1
0a0aeac6,NL,2,NL,NL,0,Western,1,1969,2,1,1935,1932,NL,1
0a0b9300,NL,1,NL,NL,0,Western,1,1985,2,1,1959,1961,NL,1
0a124246,US,1,NL,NL,0,Western,1,1986,2,1,1958,1954,US,0
0a1c8de1,NL,1,NL,NL,0,Western,0,1970,2,1,1934,1935,NL,1
0a1f61db,NL,2,NL,NL,0,Western,2,1969,2,1,1947,1939,NL,1
0a20a842,NL,2,NL,NL,0,Western,2,1955,2,1,1934,1921,NL,1
0a27e04b,NL,1,NL,France,1,Western,2,1989,2,1,1965,1954,NL,1
0a2f963a,NL,1,NL,NL,0,Western,1,1991,2,1,1954,1954,NL,1
0a30059b,NL,2,NL,NL,0,Western,0,1991,2,1,1960,1969,NL,1
0a3ea46a,NL,2,NL,NL,0,Western,2,1983,2,1,1955,1962,NL,1
0a3fbc5b,France,1,NL,US,1,Western,0,1966,1,1,1937,1934,France,0
0a40e5d9,NL,2,NL,France,1,Western,1,1989,2,2,1964,1967,NL,1
0a41511c,NL,2,NL,NL,0,Western,1,1982,2,1,1943,1952,NL,1
0a419228,France,2,NL,France,1,Western,0,1986,2,1,1959,1950,France,0
0a4668eb,France,-,NL,NL,0,Western,0,1952,2,1,1920,1922,France,0
0a607d87,NL,2,NL,NL,0,Western,1,1952,2,1,1916,1927,NL,1
0a61dd79,NL,2,NL,NL,0,Western,0,1983,2,1,1947,1944,NL,1
0a62f026,NL,2,NL,US,1,Western,1,1983,2,1,1951,1953,NL,1
0a63c00d,NL,1,NL,NL,0,Western,1,1958,2,1,1921,1933,NL,1
0a7107fb,NL,2,NL,NL,0,Western,1,1988,2,1,1965,1956,NL,1
0a71ba06,France,1,NL,NL,0,Western,1,1985,2,1,1963,1960,France,0
0a72a037,NL,1,Egypt,NL,1,Western,2,1954,2,1,1930,1931,NL,1
0a735e89,NL,2,France,NL,1,Western,0,1988,2,1,1956,1961,NL,1
0a74041b,NL,1,NL,NL,0,Western,1,1951,2,1,1917,1922,NL,1
0a77ee7e,NL,2,France,NL,1,Western,1,1991,2,2,1955,1958,NL,1
0a7f0633,NL,1,NL,NL,0,Western,0,1970,2,1,1933,1937,NL,1
0a830be9,NL,1,France,France,2,Western,0,1982,2,1,1957,1955,NL,1
0a94a685,US,2,NL,NL,0,Western,0,1959,2,1,1934,1938,US,0
0a94ba76,NL,1,NL,NL,0,Western,1,1988,2,1,1962,1966,NL,1
0a97c5df,France,1,NL,NL,0,Western,1,1964,2,1,1942,1939,France,0
0a9afb68,NL,2,NL,NL,0,Western,0,1995,2,1,1969,1963,NL,1
0a9cd967,NL,-,NL,NL,0,Western,0,1999,2,1,1961,1962,NL,1
0a9fb7e8,NL,2,France,NL,1,Western,1,1982,2,1,1949,1949,NL,1
0aa67e8b,NL,2,NL,NL,0,Western,2,1968,2,1,1946,1946,NL,1
0aa69dfa,France,1,NL,NL,0,Western,0,1967,2,1,1943,1937,France,0
0aa863ec,Egypt,2,NL,NL,0,Non-Western,1,1988,2,1,1961,1960,Egypt,0
0aad45c5,NL,1,NL,NL,0,Western,1,1982,2,1,1946,1961,NL,1
0aadd0ae,NL,2,US,NL,1,Western,0,1987,2,1,1948,1966,NL,1
0ab0827f,NL,2,NL,NL,0,Western,1,1991,-,1,1971,1966,NL,1
0ab4e023,NL,1,NL,NL,0,Western,1,1966,2,1,1943,1942,NL,1
0abf9da9,NL,2,NL,NL,0,Western,1,1955,-,1,1922,1927,NL,1
0ac1e9b1,NL,1,NL,NL,0,Western,1,1957,2,1,1933,1930,NL,1
0ac80ca6,France,1,NL,NL,0,Western,2,1954,2,1,1916,1916,France,0
0ad323aa,NL,1,NL,NL,0,Western,2,1980,2,1,1946,1949,NL,1
0ad701fe,NL,1,NL,NL,0,Western,1,1970,2,1,1934,1948,NL,1
0ae393f1,NL,1,NL,NL,0,Western,1,1965,2,1,1937,1927,NL,1
0ae7b098,NL,2,France,NL,1,Western,0,1960,2,1,1926,1921,NL,1
0aebdf3b,NL,2,NL,NL,0,Western,0,1960,2,1,1930,1932,NL,1
0aec091b,NL,2,NL,NL,0,Western,2,1953,2,1,1919,1931,NL,1
0aef9274,NL,2,NL,NL,0,Western,1,1986,2,1,1953,1958,NL,1
0af21331,France,2,France,France,2,Western,1,1959,2,1,1927,1925,France,0
0af30096,NL,2,NL,NL,0,Western,0,1952,2,1,1932,1931,NL,1
0afc65cc,France,1,NL,NL,0,Western,1,1965,2,1,1929,1927,France,0
0afd14f5,NL,2,NL,NL,0,Western,0,1994,2,1,1956,1957,NL,1
0afd5673,NL,2,NL,NL,0,Western,2,1984,2,1,1961,1964,NL,1
0aff0c88,US,1,France,NL,1,Western,2,1961,2,1,1937,1934,US,0
0affff7a,France,1,NL,NL,0,Western,2,1986,2,1,1949,1951,France,0
0b058494,NL,1,NL,NL,0,Western,0,1996,2,1,1965,1972,NL,1
0b059075,France,1,NL,NL,0,Western,1,1955,2,1,1922,1934,France,0
0b0f2aa4,US,1,NL,NL,0,Western,1,1961,1,1,1931,1934,US,0
0b198367,Egypt,2,France,Egypt,2,Non-Western,1,1957,2,1,1925,1921,Egypt,0
0b1a6875,NL,2,NL,NL,0,Western,0,1963,2,-,1933,1934,NL,1
0b20986d,NL,1,France,NL,1,Western,1,1987,2,1,1952,1964,NL,1
0b2114fd,NL,1,France,France,2,Western,2,1999,2,1,1962,1960,NL,1
0b267c4a,NL,1,France,France,2,Western,0,1996,2,1,1958,1958,NL,1
0b2857cc,NL,2,NL,NL,0,Western,0,1993,2,1,1960,1966,NL,1
0b2a0568,NL,2,France,NL,1,Western,0,1989,2,1,1959,1961,NL,1
0b2a73a9,Egypt,2,NL,NL,0,Non-Western,0,1988,2,1,1965,1954,Egypt,0
0b2ca838,NL,1,NL,NL,0,Western,0,1954,2,1,1919,1928,NL,1
0b42a012,France,1,NL,France,1,Western,0,1953,2,1,1931,1922,France,0
0b4a4784,NL,1,NL,NL,0,Western,0,1995,2,1,1963,1969,NL,1
0b509669,NL,2,France,NL,1,Western,2,1951,2,1,1925,1919,NL,1
0b56b1d5,NL,1,NL,NL,0,Western,1,1990,2,1,1957,1970,NL,1
0b56b611,NL,1,France,France,2,Western,0,1953,2,1,1931,1917,NL,1
0b5a8340,NL,2,NL,NL,0,Western,2,1986,-,1,1950,1958,NL,1
0b5bb1eb,NL,1,NL,NL,0,Western,1,1961,2,1,1937,1927,NL,1
0b68f1ef,NL,2,NL,NL,0,Western,0,1984,2,1,1956,1958,NL,1
0b69564b,NL,2,France,NL,1,Western,0,1985,2,1,1949,1958,NL,1
0b6a9994,NL,2,France,France,2,Western,2,1962,2,1,1934,1930,NL,1
0b7b7d6a,NL,1,NL,NL,0,Western,2,1964,2,1,1943,1930,NL,1
0b7d514b,NL,2,NL,France,1,Western,0,1950,2,-,1930,1911,NL,1
0b89daf5,NL,2,NL,NL,0,Western,2,1959,2,1,1924,1926,NL,1
0b93fad1,NL,1,NL,NL,0,Western,1,1997,2,1,1958,1976,NL,1
0b96eade,France,2,NL,NL,0,Western,1,1983,2,1,1960,1950,France,0
0b96f4f3,NL,1,NL,NL,0,Western,1,1961,2,1,1932,1923,NL,1
0b996c13,NL,2,US,NL,1,Western,1,1980,2,1,1946,1957,NL,1
0b9ad9ef,France,1,NL,NL,0,Western,2,1956,2,1,1920,1930,France,0
0ba1e050,Egypt,2,NL,France,1,Non-Western,2,1965,2,1,1941,1944,Egypt,0
0ba495d8,NL,1,NL,NL,0,Western,1,1967,2,1,1943,1943,NL,1
0ba64b9f,NL,2,NL,NL,0,Western,0,1960,2,1,1925,1933,NL,1
0bafcf02,NL,2,NL,NL,0,Western,1,1964,2,1,1934,1933,NL,1
0bb993a2,NL,1,US,NL,1,Western,0,1980,2,1,1948,1949,NL,1
0bbbcc88,NL,1,NL,NL,0,Western,2,1989,2,1,1957,1957,NL,1
0bbd0fc9,NL,1,NL,France,1,Western,0,1960,2,1,1930,1932,NL,1
0bbdc31e,NL,2,NL,NL,0,Western,1,1961,2,1,1925,1931,NL,1
0bbe9e28,France,1,NL,NL,0,Western,1,1952,2,1,1929,1925,France,0
0bc188fa,NL,1,NL,France,1,Western,1,1992,2,1,1956,1959,NL,1
0bc23706,France,1,France,NL,1,Western,0,1956,2,-,1926,1936,France,0
0bc24723,NL,2,NL,NL,0,Western,1,1998,2,1,1978,1967,NL,1
0bc4b3f0,NL,1,NL,NL,0,Western,2,1981,2,1,1947,1943,NL,1
0bd0bafb,US,2,NL,NL,0,Western,2,1983,2,1,1949,1949,US,0
0bd269b5,NL,1,NL,NL,0,Western,1,1988,2,1,1957,1965,NL,1
0bd471c6,NL,2,NL,NL,0,Western,2,1991,2,1,1952,1966,NL,1
0bd89ebe,NL,2,NL,NL,0,Western,1,1984,2,1,1945,1962,NL,1
0bd96236,NL,-,France,NL,1,Western,0,1981,2,1,1955,1957,NL,1
0be0dfc4,NL,2,France,France,2,Western,2,1997,2,1,1961,1958,NL,1
0be436dd,Egypt,2,NL,Egypt,1,Non-Western,-,1956,2,1,1917,1925,Egypt,0
0bef8f9c,NL,2,NL,NL,0,Western,-,1961,2,1,1938,1938,NL,1
0bf22a8e,NL,2,NL,NL,0,Western,2,1992,2,1,1955,1964,NL,1
0bf6a3b2,NL,2,NL,France,1,Western,2,1958,2,1,1926,1934,NL,1
0bfdff4e,NL,1,NL,NL,0,Western,2,1990,2,1,1954,1955,NL,1
0c05acce,NL,1,NL,NL,0,Western,0,1988,2,1,1949,1964,NL,1
0c11d274,NL,2,NL,NL,0,Western,0,1968,2,1,1946,1935,NL,1
0c13a2d2,NL,2,NL,NL,0,Western,1,1980,2,1,1948,1952,NL,1
0c15111b,NL,2,France,NL,1,Western,2,1999,1,1,1964,1979,NL,1
0c1930f7,NL,2,NL,France,1,Western,1,1982,2,1,1952,1961,NL,1
0c1ab6a5,NL,2,NL,NL,0,Western,1,1958,2,1,1922,1921,NL,1
0c1bae0e,NL,1,NL,NL,0,Western,1,1987,2,1,1964,1965,NL,1
0c29ba4e,NL,1,NL,NL,0,Western,0,1952,2,1,1926,1915,NL,1
0c2a3085,France,1,NL,NL,0,Western,0,1961,2,1,1936,1928,France,0
0c2b5e2e,NL,2,NL,NL,0,Western,2,1983,2,1,1952,1960,NL,1
0c2c2108,NL,1,NL,NL,0,Western,2,1991,2,1,1957,1956,NL,1
0c337421,NL,1,NL,NL,0,Western,0,1960,2,1,1931,1936,NL,1
0c364b4a,NL,1,NL,NL,0,Western,0,1988,2,1,1964,1952,NL,1
0c3a0c52,NL,2,NL,NL,0,Western,1,1967,2,1,1934,1941,NL,1
0c461e9d,NL,1,NL,France,1,Western,1,1966,2,1,1931,1946,NL,1
0c4bf3f5,NL,2,NL,France,1,Western,2,1987,2,1,1950,1948,NL,1
0c4d8fef,France,2,NL,NL,0,Western,0,1981,2,1,1958,1947,France,0
0c555d7c,NL,2,NL,France,1,Western,0,1991,2,1,1963,1956,NL,1
0c5627be,US,1,NL,NL,0,Western,1,1967,2,1,1945,1944,US,0
0c5aa729,NL,1,NL,NL,0,Western,1,1952,2,1,1921,1919,NL,1
0c6170e7,NL,2,NL,NL,0,Western,1,1963,2,1,1943,1931,NL,1
0c623d2d,NL,1,NL,NL,0,Western,1,1965,2,1,1927,1943,NL,1
0c66ef82,NL,1,NL,France,1,Western,2,1996,2,1,1959,1969,NL,1
0c6dbb23,France,1,NL,NL,0,Western,1,1982,2,1,1944,1946,France,0
0c7f07d9,NL,2,France,NL,1,Western,1,1982,2,1,1945,1952,NL,1
0c8630d1,NL,1,NL,NL,0,Western,0,1956,2,1,1934,1919,NL,1
0c88f947,NL,2,NL,NL,0,Western,1,1981,1,1,1950,1942,NL,1
0c91c379,NL,1,NL,NL,0,Western,2,1950,2,1,1928,1917,NL,1
0c92e243,NL,1,NL,NL,0,Western,0,1960,2,1,1929,1922,NL,1
0c9332de,France,2,NL,France,1,Western,1,1990,2,1,1963,1954,France,0
0c98d7c1,France,-,France,France,2,Western,1,1990,2,1,1957,1970,France,0
0ca2fee7,NL,2,France,NL,1,Western,0,1994,2,1,1971,1958,NL,1
0ca4860e,NL,2,NL,NL,0,Western,0,1956,2,1,1917,1917,NL,1
0cb9cfac,NL,2,NL,NL,0,Western,1,1994,2,1,1959,1962,NL,1
0cc5624c,NL,2,US,NL,1,Western,1,1988,2,1,1960,1967,NL,1
0ccebfb8,France,2,NL,NL,0,Western,0,1968,2,1,1942,1932,France,0
0cd91bdb,NL,2,NL,NL,0,Western,1,1992,2,1,1970,1958,NL,1
0cd97ab3,NL,2,NL,NL,0,Western,0,1962,2,1,1933,1923,NL,1
0cdcef3c,NL,2,NL,NL,0,Western,2,1956,2,1,1925,1929,NL,1
0cdd7310,NL,1,NL,NL,0,Western,1,1959,2,1,1930,1938,NL,1
0ce2c18b,NL,2,NL,NL,0,Western,2,1962,2,1,1935,1931,NL,1
0ce4cff1,NL,1,NL,NL,0,Western,1,1961,2,1,1938,1933,NL,1
0ce66ab9,France,-,NL,NL,0,Western,1,1986,2,1,1955,1966,France,0
0cee1586,NL,1,NL,NL,0,Western,1,1996,2,1,1974,1973,NL,1
0cf15f89,NL,2,NL,NL,0,Western,1,1966,2,1,1944,1941,NL,1
0cf652c8,France,1,NL,France,1,Western,1,1961,2,1,1922,1935,France,0
0cf69c47,NL,1,NL,NL,0,Western,1,1954,2,1,1922,1932,NL,1
0cf82f6f,NL,2,NL,NL,0,Western,2,1993,2,1,1956,1973,NL,1
0cfbf54d,NL,2,NL,NL,0,Western,0,1960,2,1,1927,1924,NL,1
0cfd151c,NL,2,NL,France,1,Western,2,1981,2,1,1949,1956,NL,1
0d06e799,NL,2,NL,NL,0,Western,1,1990,2,1,1968,1964,NL,1
0d09016e,NL,1,NL,NL,0,Western,2,1969,2,1,1933,1942,NL,1
0d0a1c99,NL,1,NL,Egypt,1,Western,0,1995,2,1,1962,1959,NL,1
0d0e14a1,NL,1,NL,NL,0,Western,0,1980,2,1,1953,1959,NL,1
0d1aa0b1,NL,1,NL,NL,0,Western,1,1964,2,1,1944,1939,NL,1
0d267a80,NL,1,NL,NL,0,Western,2,1962,2,1,1938,1941,NL,1
0d284562,NL,1,NL,NL,0,Western,0,1987,2,1,1950,1953,NL,1
0d292b14,France,2,NL,NL,0,Western,0,1953,2,1,1914,1930,France,0
0d395eb7,NL,2,NL,NL,0,Western,1,1992,2,1,1964,1966,NL,1
0d3fa89e,NL,2,NL,Egypt,1,Western,0,1951,2,1,1913,1918,NL,1
0d4467a1,NL,1,NL,NL,0,Western,0,1982,2,1,1954,1957,NL,1
0d499280,NL,1,France,NL,1,Western,1,1953,2,1,1931,1920,NL,1
0d4c3a31,NL,1,NL,NL,0,Western,2,1954,2,1,1931,1919,NL,1
0d4d6be5,Egypt,2,NL,NL,0,Non-Western,1,1984,2,1,1952,1956,Egypt,0
0d512ff9,NL,1,NL,NL,0,Western,2,1994,2,1,1973,1955,NL,1
0d665821,NL,1,NL,France,1,Western,2,1987,2,1,1953,1961,NL,1
0d666804,NL,1,NL,NL,0,Western,1,1968,2,1,1947,1945,NL,1
0d6dac50,NL,1,NL,NL,0,Western,0,1980,2,1,1953,1942,NL,1
0d75274d,NL,1,France,NL,1,Western,2,1998,2,1,1972,1961,NL,1
0d7d7275,France,1,NL,NL,0,Western,0,1983,2,1,1954,1960,France,0
0d805417,France,2,NL,NL,0,Western,2,1982,2,1,1949,1945,France,0
0d828103,NL,2,NL,NL,0,Western,0,1958,2,1,1933,1930,NL,1
0d85be5d,NL,2,France,NL,1,Western,1,1964,2,1,1931,1928,NL,1
0d88515f,NL,2,NL,NL,0,Western,1,1983,2,1,1955,1955,NL,1
0d8e8195,France,2,NL,US,1,Western,0,1967,2,1,1943,1946,France,0
0d93e673,NL,1,NL,NL,0,Western,1,1999,2,1,1964,1979,NL,1
0d944e3c,France,1,NL,NL,0,Western,2,1988,2,1,1962,1967,France,0
0d999801,NL,2,NL,NL,0,Western,1,1981,2,1,1949,1958,NL,1
0d99e078,NL,2,NL,France,1,Western,1,1961,2,1,1934,1938,NL,1
0d9b7cd9,France,2,NL,NL,0,Western,1,1963,2,1,1930,1941,France,0
0d9e1cc8,NL,2,France,NL,1,Western,1,1980,2,1,1945,1949,NL,1
0d9e5576,NL,2,France,NL,1,Western,2,1988,2,1,1965,1961,NL,1
0da162fd,France,2,US,France,2,Western,0,1961,2,1,1940,1938,France,0
0da62085,NL,2,NL,NL,0,Western,2,1964,2,2,1927,1942,NL,1
0daa84fc,NL,2,NL,NL,0,Western,0,1955,2,1,1927,1921,NL,1
0dadc41f,NL,2,NL,NL,0,Western,2,1984,2,1,1948,1961,NL,1
0dae3825,NL,1,NL,US,1,Western,1,1956,2,1,1924,1923,NL,1
0dae6877,NL,1,US,NL,1,Western,0,1953,2,1,1931,1927,NL,1
0db0990f,NL,2,NL,NL,0,Western,1,1999,2,1,1965,1963,NL,1
0dc1204f,NL,1,NL,NL,0,Western,1,1984,2,1,1957,1954,NL,1
0dc3cd35,NL,1,NL,NL,0,Western,0,1961,2,1,1936,1939,NL,1
0dc98429,NL,1,NL,France,1,Western,1,1957,2,1,1922,1936,NL,1
0dcb2e7f,NL,1,NL,NL,0,Western,0,1992,2,1,1969,1956,NL,1
0dcbe2be,NL,1,NL,NL,0,Western,2,1999,2,1,1973,1976,NL,1
0dd74643,NL,2,NL,NL,0,Western,0,1952,2,1,1922,1928,NL,1
0de761fe,NL,2,NL,NL,0,Western,1,1970,2,1,1941,1950,NL,1
0de8d355,NL,2,NL,NL,0,Western,2,1962,2,1,1931,1933,NL,1
0dece178,NL,1,NL,NL,0,Western,2,1999,2,1,1964,1974,NL,1
0ded7753,NL,1,NL,NL,0,Western,0,1997,2,1,1963,1974,NL,1
0df78341,NL,1,NL,NL,0,Western,0,1951,2,1,1931,1927,NL,1
0df8d0bd,France,2,NL,NL,0,Western,0,1964,2,1,1941,1944,France,0
0df9bf38,NL,2,NL,NL,0,Western,0,1950,2,1,1913,1928,NL,1
0e01e6f1,NL,1,NL,NL,0,Western,1,1969,2,1,1942,1949,NL,1
0e17f0d1,NL,1,NL,NL,0,Western,2,1962,2,1,1924,1925,NL,1
0e18fd23,NL,2,NL,NL,0,Western,1,1980,2,1,1954,1956,NL,1
0e28710a,NL,1,NL,NL,0,Western,1,1994,2,1,1966,1971,NL,1
0e2ebd10,NL,1,NL,NL,0,Western,2,1960,2,1,1921,1936,NL,1
0e392975,NL,1,US,NL,1,Western,0,1980,2,1,1960,1947,NL,1
0e39cf00,NL,1,NL,NL,0,Western,1,1993,2,1,1961,1973,NL,1
0e41d74d,NL,1,NL,NL,0,Western,2,1963,2,1,1928,1941,NL,1
0e426284,France,2,France,US,2,Western,0,1964,2,1,1930,1939,France,0
0e4a50f3,NL,2,NL,France,1,Western,2,1956,2,1,1921,1935,NL,1
0e4b40ea,NL,1,NL,NL,0,Western,2,1981,2,1,1947,1949,NL,1
0e5936d9,NL,1,France,NL,1,Western,1,1991,2,1,1955,1958,NL,1
0e5d7ade,NL,2,NL,NL,0,Western,0,1988,2,1,1951,1955,NL,1
0e5d9251,NL,2,NL,NL,0,Western,1,1969,2,1,1946,1944,NL,1
0e608799,NL,1,NL,NL,0,Western,0,1985,2,1,1958,1952,NL,1
0e68eede,NL,1,NL,NL,0,Western,2,1961,2,1,1922,1931,NL,1
0e6aaa25,NL,2,NL,NL,0,Western,0,1966,2,1,1932,1943,NL,1
0e7295c1,France,1,NL,NL,0,Western,0,1984,2,1,1958,1963,France,0
0e88241a,NL,1,NL,NL,0,Western,1,1990,2,1,1956,1958,NL,1
0e90f8d6,NL,2,NL,France,1,Western,0,1989,2,1,1953,1955,NL,1
0e93f622,NL,1,France,NL,1,Western,1,1952,2,1,1920,1914,NL,1
0e98fa90,NL,2,NL,NL,0,Western,0,1962,2,1,1926,1930,NL,1
0ea85c26,NL,1,NL,NL,0,Western,0,1982,2,1,1954,1945,NL,1
0eab8543,NL,1,NL,NL,0,Western,2,1967,2,1,1940,1943,NL,1
0eabacfb,NL,2,France,France,2,Western,0,1969,2,1,1946,1935,NL,1
0ebe67ae,NL,2,NL,France,1,Western,1,1984,2,1,1958,1955,NL,1
0ec8e42b,NL,2,NL,France,1,Western,2,1996,2,1,1959,1966,NL,1
0ecff14b,NL,1,NL,NL,0,Western,0,1997,2,1,1959,1961,NL,1
0ed642bc,NL,1,NL,NL,0,Western,2,1982,2,1,1955,1951,NL,1
0edac958,NL,2,NL,NL,0,Western,1,1989,2,1,1965,1959,NL,1
0edbb488,NL,2,NL,NL,0,Western,0,1982,2,1,1949,1961,NL,1
0edcd2b9,NL,1,NL,NL,0,Western,0,1984,2,1,1961,1952,NL,1
0ee26b68,NL,2,France,NL,1,Western,1,1955,2,1,1923,1935,NL,1
0ee63e16,France,2,NL,NL,0,Western,1,1962,2,1,1937,1926,France,0
0ee97b52,NL,2,NL,NL,0,Western,2,1996,2,1,1964,1960,NL,1
0eed5805,NL,2,NL,France,1,Western,0,1956,2,1,1931,1926,NL,1
0ef28e7b,NL,2,France,NL,1,Western,1,1999,2,1,1978,1969,NL,1
0ef29c67,France,1,NL,NL,0,Western,1,1967,2,1,1947,1928,France,0
0ef46060,NL,1,NL,NL,0,Western,0,1964,2,1,1938,1936,NL,1
0ef69984,NL,2,NL,NL,0,Western,1,1982,2,1,1962,1948,NL,1
0efea5c2,France,2,NL,France,1,Western,2,1964,2,1,1929,1941,France,0
0efff241,NL,2,NL,NL,0,Western,1,1955,2,1,1926,1933,NL,1
0f0fbda3,NL,2,NL,NL,0,Western,2,1980,1,1,1943,1941,NL,1
0f1c2075,NL,1,NL,France,1,Western,0,1995,2,1,1974,1967,NL,1
0f2147f0,NL,1,NL,US,1,Western,0,1955,2,1,1925,1924,NL,1
0f2a892c,NL,1,NL,NL,0,Western,0,1967,2,1,1937,1945,NL,1
0f2fa5b6,NL,1,NL,NL,0,Western,2,1990,2,1,1967,1954,NL,1
0f3bc7cc,NL,1,NL,NL,0,Western,0,1959,2,1,1923,1927,NL,1
0f3f0daa,NL,2,NL,NL,0,Western,0,1951,2,1,1916,1931,NL,1
0f468197,NL,2,NL,NL,0,Western,1,1958,2,1,1923,1926,NL,1
0f505d56,NL,1,NL,NL,0,Western,0,1999,2,1,1965,1976,NL,1
0f546507,NL,1,NL,NL,0,Western,1,1997,2,1,1970,1973,NL,1
0f578e83,France,2,NL,NL,0,Western,1,1983,2,1,1956,1956,France,0
0f5b9bad,NL,1,NL,NL,0,Western,0,1954,2,1,1926,1921,NL,1
0f5e646c,NL,1,US,NL,1,Western,2,1981,2,1,1954,1951,NL,1
0f609211,NL,2,NL,NL,0,Western,1,1957,2,1,1918,1918,NL,1
0f636fd8,NL,1,NL,NL,0,Western,1,1953,2,1,1915,1918,NL,1
0f655a4c,NL,2,France,NL,1,Western,1,1962,2,1,1935,1936,NL,1
0f662714,France,1,NL,NL,0,Western,1,1981,2,1,1943,1961,France,0
0f692003,NL,1,NL,NL,0,Western,2,1952,2,1,1931,1914,NL,1
0f6e27ce,NL,1,France,NL,1,Western,1,1986,2,2,1953,1960,NL,1
0f7400f1,Egypt,2,NL,NL,0,Non-Western,0,1981,2,1,1961,1960,Egypt,0
0f74eacf,NL,1,NL,US,1,Western,1,1987,2,1,1952,1951,NL,1
0f75fbf1,NL,1,NL,France,1,Western,1,1969,2,1,1948,1945,NL,1
0f7adc53,NL,2,NL,NL,0,Western,0,1968,2,1,1945,1946,NL,1
0f7d2845,NL,2,NL,NL,0,Western,0,1961,2,1,1930,1935,NL,1
0f82f3ce,NL,1,NL,NL,0,Western,0,1982,2,1,1949,1949,NL,1
0f8f92a5,NL,1,Egypt,NL,1,Western,1,1990,2,1,1956,1960,NL,1
0fa17e49,NL,1,NL,NL,0,Western,1,1981,2,1,1945,1947,NL,1
0fa7b1c7,NL,2,France,NL,1,Western,1,1989,2,1,1955,1968,NL,1
0facf9a8,NL,1,NL,France,1,Western,1,1985,2,1,1950,1955,NL,1
0fb02cf2,NL,1,NL,NL,0,Western,0,1998,2,1,1978,1967,NL,1
0fb0b02f,NL,1,NL,France,1,Western,1,1970,2,1,1936,1949,NL,1
0fbe63b5,France,2,NL,NL,0,Western,2,1981,2,1,1959,1942,France,0
0fc15104,France,1,NL,NL,0,Western,0,1967,2,1,1934,1929,France,0
0fc67c17,NL,1,NL,NL,0,Western,1,1991,2,1,1963,1957,NL,1
0fd3d7f6,NL,2,NL,NL,0,Western,0,1993,2,1,1970,1973,NL,1
0feb19a1,France,1,NL,NL,0,Western,1,1950,2,1,1922,1915,France,0
0fed3872,NL,1,France,NL,1,Western,1,1959,2,1,1924,1929,NL,1
0ff203e3,NL,1,NL,NL,0,Western,0,1960,2,1,1933,1937,NL,1
0ff43fd9,NL,2,NL,NL,0,Western,2,1969,2,1,1943,1948,NL,1
0ff6d84b,France,2,NL,France,1,Western,2,1962,2,1,1932,1933,France,0
0ff909bf,NL,1,NL,NL,0,Western,1,1958,2,1,1933,1927,NL,1
1006687b,France,2,NL,France,1,Western,2,1964,2,1,1935,1942,France,0
100d1cc4,France,1,NL,US,1,Western,2,1958,2,1,1925,1931,France,0
1011c1be,NL,2,NL,NL,0,Western,1,1996,2,1,1973,1961,NL,1
1026b357,NL,2,NL,NL,0,Western,2,1961,2,1,1941,1933,NL,1
102cc80e,NL,2,NL,NL,0,Western,1,1984,2,1,1955,1956,NL,1
10322adc,NL,1,NL,NL,0,Western,1,1955,2,1,1934,1933,NL,1
1036ac13,NL,2,NL,France,1,Western,2,1993,2,1,1971,1954,NL,1
104dce5f,NL,1,NL,NL,0,Western,1,1955,2,1,1920,1918,NL,1
105237e5,NL,1,NL,NL,0,Western,1,1997,2,1,1963,1962,NL,1
105834ce,NL,2,France,NL,1,Western,2,1989,2,1,1962,1965,NL,1
106771e9,NL,2,NL,NL,0,Western,0,1980,2,1,1952,1941,NL,1
106922f7,NL,2,France,US,2,Western,1,1959,2,1,1923,1929,NL,1
1072bddd,NL,2,France,NL,1,Western,2,1952,2,1,1924,1913,NL,1
10743d2c,NL,1,France,NL,1,Western,0,1952,2,1,1924,1914,NL,1
107a2884,NL,-,NL,NL,0,Western,2,1981,2,1,1956,1951,NL,1
107c2d0e,NL,2,US,NL,1,Western,0,1982,2,1,1952,1944,NL,1
107cc3a3,NL,1,NL,NL,0,Western,0,1962,2,1,1935,1941,NL,1
107dfe2f,NL,2,NL,NL,0,Western,2,1992,2,1,1957,1962,NL,1
108049cd,NL,1,Egypt,NL,1,Western,0,1958,2,1,1935,1932,NL,1
10866940,NL,2,NL,NL,0,Western,1,1993,2,1,1959,1967,NL,1
10879263,NL,-,NL,NL,0,Western,2,1999,2,1,1960,1971,NL,1
108c7857,NL,1,NL,NL,0,Western,1,1950,2,1,1916,1916,NL,1
108d5870,NL,2,NL,NL,0,Western,2,1953,2,1,1933,1930,NL,1
10903fac,NL,2,NL,NL,0,Western,1,1968,2,1,1940,1930,NL,1
10920699,NL,2,France,France,2,Western,1,1965,2,1,1945,1930,NL,1
109446b6,NL,2,NL,NL,0,Western,0,1957,2,-,1924,1937,NL,1
109ee8b4,NL,1,NL,NL,0,Western,0,1998,2,1,1967,1970,NL,1
10a22fa8,US,2,NL,France,1,Western,1,1951,2,1,1916,1916,US,0
10a24cfb,France,1,NL,NL,0,Western,2,1981,2,1,1945,1959,France,0
10adae82,NL,1,NL,NL,0,Western,1,1990,2,1,1952,1955,NL,1
10b2f6e7,NL,1,NL,France,1,Western,0,1996,2,1,1968,1964,NL,1
10b7ccd3,NL,1,NL,NL,0,Western,1,1954,2,1,1918,1922,NL,1
10bbb478,NL,1,NL,NL,0,Western,2,1982,2,1,1944,1947,NL,1
10c33eb0,NL,1,NL,France,1,Western,2,1983,2,1,1948,1952,NL,1
10c6dd08,NL,1,NL,NL,0,Western,1,1957,2,1,1924,1936,NL,1
10c8c8c7,NL,2,NL,France,1,Western,2,1998,2,1,1972,1972,NL,1
10ccdeb1,NL,1,NL,NL,0,Western,0,1962,2,1,1942,1930,NL,1
10d65c63,NL,1,NL,NL,0,Western,0,1997,2,1,1968,1973,NL,1
10d66254,France,-,NL,NL,0,Western,2,1990,2,1,1965,1968,France,0
10e074bb,NL,1,NL,NL,0,Western,0,1993,2,1,1964,1969,NL,1
10ef5b9b,NL,2,NL,NL,0,Western,1,1961,2,1,1930,1935,NL,1
10f00ae1,France,1,NL,NL,0,Western,1,1970,2,1,1936,1934,France,0
10f08077,France,2,NL,France,1,Western,2,1951,2,1,1918,1918,France,0
11019414,NL,2,NL,NL,0,Western,2,1950,2,1,1928,1914,NL,1
110a5c9e,NL,1,NL,NL,0,Western,1,1980,2,1,1941,1952,NL,1
1110722d,NL,-,France,NL,1,Western,1,1962,2,1,1930,1935,NL,1
11128265,NL,1,NL,France,1,Western,0,1969,2,1,1942,1946,NL,1
11180de6,NL,2,France,NL,1,Western,2,1980,2,1,1945,1949,NL,1
11183e2d,NL,2,NL,France,1,Western,1,1961,2,1,1922,1923,NL,1
111f4ed6,France,1,NL,NL,0,Western,0,1987,2,1,1955,1952,France,0
11281ecd,NL,1,NL,France,1,Western,2,1958,2,1,1922,1919,NL,1
112a241c,NL,2,NL,NL,0,Western,0,1988,2,1,1951,1958,NL,1
112c9008,NL,1,NL,NL,0,Western,0,1950,2,1,1930,1921,NL,1
112e9e92,NL,2,France,NL,1,Western,2,1951,2,1,1930,1913,NL,1
11327c40,France,1,NL,NL,0,Western,1,1983,2,1,1957,1944,France,0
113375d8,France,1,NL,NL,0,Western,-,1962,2,1,1932,1941,France,0
11352346,NL,1,NL,NL,0,Western,0,1980,2,1,1950,1943,NL,1
113e81b2,US,2,France,NL,1,Western,1,1968,2,1,1931,1929,US,0
114519f2,NL,1,NL,NL,0,Western,2,1991,2,1,1962,1968,NL,1
1147412d,NL,1,Egypt,NL,1,Western,0,1994,2,1,1960,1964,NL,1
114bbaa4,NL,1,NL,NL,0,Western,0,1961,-,1,1922,1935,NL,1
115878b9,NL,2,France,NL,1,Western,2,1958,2,1,1923,1923,NL,1
1158f596,NL,1,NL,France,1,Western,1,1964,2,1,1935,1943,NL,1
115fb6a3,NL,2,NL,France,1,Western,1,1965,2,1,1939,1936,NL,1
11647aac,NL,2,NL,NL,0,Western,0,1964,2,1,1933,1936,NL,1
1165f305,NL,2,NL,NL,0,Western,0,1951,2,1,1913,1928,NL,1
11684133,NL,2,France,NL,1,Western,2,1960,2,1,1933,1939,NL,1
116d9381,NL,2,NL,NL,0,Western,1,1989,2,1,1965,1952,NL,1
11700895,France,2,NL,NL,0,Western,1,1962,2,1,1923,1928,France,0
11700da6,NL,2,NL,NL,0,Western,2,1985,2,1,1954,1950,NL,1
1171478e,NL,1,NL,NL,0,Western,1,1970,2,1,1940,1940,NL,1
1174a618,NL,1,NL,NL,0,Western,1,1961,2,1,1931,1941,NL,1
1175bd30,France,1,NL,NL,0,Western,1,1956,2,1,1934,1927,France,0
117fda80,NL,1,NL,NL,0,Western,0,1981,2,1,1961,1953,NL,1
11901200,NL,2,NL,France,1,Western,2,1958,2,1,1938,1929,NL,1
1194b3df,NL,2,France,NL,1,Western,1,1992,2,1,1957,1960,NL,1
11a09606,NL,2,NL,NL,0,Western,0,1969,2,1,1937,1938,NL,1
11a7d3d3,NL,1,NL,NL,0,Western,2,1983,2,1,1951,1948,NL,1
11b28b71,NL,2,NL,NL,0,Western,2,1981,2,1,1957,1943,NL,1
11b57cd7,NL,1,NL,NL,0,Western,-,1991,2,1,1953,1966,NL,1
11c575a2,Egypt,2,NL,US,1,Non-Western,2,1957,2,1,1936,1932,Egypt,0
11cce5b8,NL,1,NL,France,1,Western,0,1952,2,1,1915,1928,NL,1
11d6e8ea,NL,2,NL,NL,0,Western,1,1956,2,1,1931,1927,NL,1
11daa999,France,2,NL,France,1,Western,2,1961,2,1,1923,1932,France,0
11dd2ba8,NL,2,NL,NL,0,Western,2,1958,2,1,1934,1927,NL,1
11e04034,NL,2,US,France,2,Western,1,1967,2,1,1938,1930,NL,1
11e244bc,NL,2,NL,NL,0,Western,0,1993,2,1,1969,1973,NL,1
11e8aa2d,US,1,NL,NL,0,Western,1,1985,2,1,1954,1959,US,0
11ef0d6b,NL,1,NL,NL,0,Western,1,1987,2,1,1952,1967,NL,1
11f26052,NL,-,NL,NL,0,Western,0,1990,2,1,1956,1957,NL,1
11f36eb5,France,1,France,NL,1,Western,1,1987,2,1,1967,1964,France,0
11f40885,NL,2,France,NL,1,Western,0,1985,2,1,1961,1955,NL,1
11fa113c,France,2,NL,NL,0,Western,2,1981,2,2,1947,1960,France,0
11fdfebe,NL,1,France,NL,1,Western,2,1956,2,1,1931,1931,NL,1
12018f33,NL,1,NL,NL,0,Western,1,1990,2,1,1951,1959,NL,1
120757a4,NL,1,NL,NL,0,Western,0,1981,2,1,1961,1959,NL,1
120f50c0,NL,2,NL,NL,0,Western,0,1991,2,1,1952,1970,NL,1
1214a4d9,NL,2,NL,France,1,Western,0,1961,2,1,1927,1938,NL,1
12198131,NL,2,NL,NL,0,Western,2,1957,2,1,1923,1930,NL,1
1219d855,NL,1,NL,US,1,Western,0,1956,2,1,1921,1930,NL,1
1219f4bc,NL,1,NL,NL,0,Western,1,1952,2,1,1921,1923,NL,1
121ee51f,NL,1,France,NL,1,Western,2,1981,2,1,1961,1951,NL,1
1223cb6c,NL,1,NL,NL,0,Western,1,1986,2,1,1951,1954,NL,1
122bd6c5,NL,2,France,NL,1,Western,0,1969,2,1,1934,1949,NL,1
12388693,NL,1,NL,NL,0,Western,2,1999,2,1,1963,1963,NL,1
1240b078,US,2,France,NL,1,Western,0,1987,2,1,1953,1952,US,0
12423614,NL,2,NL,NL,0,Western,2,1988,2,1,1966,1951,NL,1
124804da,NL,2,NL,NL,0,Western,1,1962,2,1,1935,1934,NL,1
124c63a4,NL,2,NL,NL,0,Western,0,1984,2,1,1951,1947,NL,1
124d8103,NL,2,NL,NL,0,Western,2,1990,2,1,1966,1956,NL,1
124e7faf,NL,1,NL,NL,0,Western,0,1990,2,1,1959,1960,NL,1
125b7bf3,France,1,NL,NL,0,Western,1,1954,2,1,1916,1921,France,0
127008cf,NL,1,NL,France,1,Western,0,1986,2,1,1963,1950,NL,1
127239cb,NL,2,NL,France,1,Western,2,1956,2,1,1923,1932,NL,1
1272c0f2,NL,2,NL,France,1,Western,2,1960,2,1,1926,1940,NL,1
1275fe35,NL,1,NL,NL,0,Western,0,1959,2,1,1922,1930,NL,1
12782e07,NL,1,NL,NL,0,Western,0,1991,2,1,1963,1961,NL,1
127982de,France,2,France,France,2,Western,0,1965,2,1,1932,1941,France,0
1279c498,NL,2,NL,US,1,Western,0,1957,2,1,1927,1930,NL,1
127bc08d,Egypt,1,NL,Egypt,1,Non-Western,1,1963,2,2,1925,1939,Egypt,0
12803729,NL,1,NL,NL,0,Western,0,1981,2,1,1958,1943,NL,1
1283083a,NL,1,NL,NL,0,Western,2,1982,2,1,1961,1943,NL,1
12850772,NL,2,NL,NL,0,Western,0,1985,2,1,1958,1952,NL,1
128c2ad9,NL,1,NL,NL,0,Western,2,1990,2,1,1961,1967,NL,1
128f8193,NL,1,NL,US,1,Western,2,1957,2,1,1931,1922,NL,1
12907be1,NL,1,NL,NL,0,Western,2,1997,2,1,1964,1971,NL,1
1291ed39,Egypt,1,NL,France,1,Non-Western,0,1981,2,1,1961,1956,Egypt,0
129245d4,NL,1,US,NL,1,Western,1,1993,2,1,1958,1962,NL,1
12973801,France,1,NL,NL,0,Western,1,1987,2,1,1956,1960,France,0
129895ea,NL,1,NL,France,1,Western,0,1961,2,1,1930,1933,NL,1
129921f8,NL,2,NL,NL,0,Western,1,1966,2,1,1932,1931,NL,1
129ca587,NL,1,France,NL,1,Western,2,1952,2,1,1919,1922,NL,1
12abdb6a,NL,1,NL,NL,0,Western,2,1986,2,1,1961,1953,NL,1
12b0cb06,NL,1,NL,NL,0,Western,0,1994,2,1,1959,1955,NL,1
12b6579d,NL,2,NL,NL,0,Western,1,1960,2,1,1925,1936,NL,1
12b8dac1,NL,1,NL,NL,0,Western,0,1950,2,1,1925,1928,NL,1
12be4413,NL,1,US,NL,1,Western,0,1952,2,1,1928,1922,NL,1
12c1e69d,NL,2,NL,France,1,Western,1,1959,2,1,1927,1936,NL,1
12c6359a,NL,2,NL,NL,0,Western,1,1953,2,1,1919,1915,NL,1
12cd5945,France,2,NL,NL,0,Western,2,1966,2,1,1928,1932,France,0
12d28f69,NL,2,US,NL,1,Western,2,1989,2,1,1951,1957,NL,1
12d4416d,NL,2,NL,NL,0,Western,1,1959,2,1,1929,1928,NL,1
12d5aa3c,NL,1,NL,NL,0,Western,0,1962,2,1,1931,1926,NL,1
12efdf7f,NL,1,NL,NL,0,Western,2,1997,2,1,1966,1977,NL,1
12f0291a,NL,2,NL,NL,0,Western,2,1990,2,1,1970,1966,NL,1
12fda43e,NL,2,France,France,2,Western,2,1958,2,1,1935,1921,NL,1
13020d64,NL,2,NL,NL,0,Western,0,1988,2,1,1966,1960,NL,1
1303919b,NL,1,NL,NL,0,Western,1,1992,2,1,1968,1954,NL,1
130de265,NL,2,NL,NL,0,Western,2,1998,2,1,1976,1959,NL,1
13114ac0,NL,2,France,NL,1,Western,0,1965,2,1,1942,1936,NL,1
1317a0c2,France,2,NL,NL,0,Western,0,1951,2,1,1925,1913,France,0
1317ed51,NL,1,NL,NL,0,Western,0,1953,2,1,1927,1921,NL,1
13190e1a,NL,1,France,NL,1,Western,1,1964,2,1,1930,1934,NL,1
131a1145,NL,1,France,NL,1,Western,0,1981,2,1,1955,1952,NL,1
131b76d0,NL,1,US,France,2,Western,1,1997,2,1,1965,1964,NL,1
13244e63,France,1,NL,NL,0,Western,2,1958,2,1,1934,1923,France,0
1327020d,NL,1,NL,NL,0,Western,0,1970,2,1,1939,1942,NL,1
132a86a4,NL,1,NL,France,1,Western,1,1994,2,1,1960,1968,NL,1
132bdc84,France,2,NL,NL,0,Western,1,1957,2,1,1933,1923,France,0
1332eb7a,NL,1,NL,NL,0,Western,0,1956,2,1,1930,1921,NL,1
13360617,NL,1,France,NL,1,Western,1,1993,2,1,1972,1963,NL,1
13366317,NL,2,NL,NL,0,Western,1,1988,2,1,1951,1962,NL,1
133a8c50,NL,1,NL,NL,0,Western,2,1954,2,1,1915,1927,NL,1
134bb3c3,NL,1,NL,NL,0,Western,1,1965,2,1,1945,1939,NL,1
134e6d64,NL,1,France,US,2,Western,2,1950,2,1,1927,1927,NL,1
1350f1e4,France,1,NL,France,1,Western,-,1985,2,1,1957,1954,France,0
1352146b,NL,1,NL,NL,0,Western,2,1980,2,1,1949,1956,NL,1
135521d3,NL,2,NL,NL,0,Western,1,1983,2,1,1952,1958,NL,1
1369a6a7,NL,2,NL,NL,0,Western,1,1950,2,1,1929,1927,NL,1
136cf665,NL,1,France,NL,1,Western,1,1967,2,1,1939,1941,NL,1
136f2865,NL,1,NL,NL,0,Western,2,1964,2,1,1932,1933,NL,1
13752d51,France,2,NL,France,1,Western,1,1984,2,1,1963,1960,France,0
1385781d,NL,1,France,NL,1,Western,0,1995,2,1,1959,1974,NL,1
138cf809,France,1,NL,NL,0,Western,2,1984,2,1,1956,1964,France,0
138dcfeb,NL,2,NL,NL,0,Western,0,1995,2,1,1967,1968,NL,1
1390b466,NL,1,NL,NL,0,Western,2,1959,2,1,1923,1935,NL,1
139487ff,NL,2,NL,NL,0,Western,0,1962,2,1,1933,1930,NL,1
1394faae,Egypt,2,NL,NL,0,Non-Western,0,1954,2,1,1930,1915,Egypt,0
13953458,France,2,NL,NL,0,Western,1,1985,2,1,1959,1950,France,0
139e32d2,NL,1,NL,France,1,Western,1,1962,2,1,1932,1935,NL,1
13a25384,NL,2,France,US,2,Western,2,1996,2,1,1967,1962,NL,1
13a363ec,NL,1,NL,NL,0,Western,2,1980,2,1,1946,1950,NL,1
13a5f384,NL,1,France,NL,1,Western,0,1998,2,1,1959,1967,NL,1
13af10ef,NL,2,NL,NL,0,Western,1,1983,2,1,1957,1944,NL,1
13b9d7e3,NL,2,US,France,2,Western,0,1996,2,1,1957,1959,NL,1
13ba9256,NL,1,NL,NL,0,Western,2,1984,2,1,1949,1958,NL,1
13baf823,NL,1,France,NL,1,Western,2,1996,2,1,1964,1973,NL,1
13bb99a3,NL,2,NL,NL,0,Western,0,1990,2,1,1968,1959,NL,1
13c160e1,NL,1,NL,NL,0,Western,0,1999,2,1,1965,1979,NL,1
13c5fded,US,2,NL,France,1,Western,2,1951,2,1,1920,1916,US,0
13d055d5,NL,2,NL,France,1,Western,1,1963,2,1,1929,1928,NL,1
13d476d5,NL,2,NL,NL,0,Western,2,1996,2,1,1963,1957,NL,1
13dbc0ed,NL,2,NL,NL,0,Western,0,1986,2,1,1955,1958,NL,1
13def15b,NL,1,NL,NL,0,Western,1,1964,2,1,1940,1932,NL,1
13e36a86,NL,2,NL,NL,0,Western,1,1990,2,-,1969,1961,NL,1
13e3d2ca,NL,1,NL,NL,0,Western,1,1993,2,1,1964,1968,NL,1
13e8e675,NL,1,NL,NL,0,Western,1,1988,2,1,1954,1964,NL,1
13ebdcf5,NL,2,NL,NL,0,Western,2,1998,2,1,1964,1969,NL,1
13eea43a,NL,2,NL,Egypt,1,Western,2,1989,2,1,1969,1952,NL,1
13f569d2,NL,2,NL,NL,0,Western,1,1991,2,1,1956,1953,NL,1
13f91ec1,NL,2,NL,France,1,Western,0,1996,2,1,1959,1964,NL,1
13fc16d0,NL,2,NL,France,1,Western,2,1952,2,1,1925,1932,NL,1
13fe7128,NL,1,NL,NL,0,Western,1,1992,2,1,1954,1956,NL,1
140025fe,France,2,NL,France,1,Western,0,1989,2,1,1967,1954,France,0
140386b1,Egypt,1,France,NL,1,Non-Western,2,1959,2,1,1927,1926,Egypt,0
1410101a,NL,1,NL,NL,0,Western,0,1965,2,1,1927,1936,NL,1
1410cbdb,NL,2,NL,France,1,Western,1,1999,2,1,1976,1962,NL,1
1412abcf,NL,2,NL,NL,0,Western,2,1967,2,1,1946,1941,NL,1
141334ed,NL,2,NL,NL,0,Western,0,1980,2,2,1954,1959,NL,1
14143928,NL,1,NL,NL,0,Western,1,1991,2,1,1966,1954,NL,1
1414a52a,NL,2,France,NL,1,Western,2,1966,2,1,1946,1945,NL,1
141af885,France,2,NL,NL,0,Western,-,1986,2,1,1957,1965,France,0
141ddf0d,NL,1,NL,NL,0,Western,0,1956,2,1,1920,1932,NL,1
14207c3c,NL,1,NL,France,1,Western,1,1960,2,1,1936,1934,NL,1
14255bc0,NL,1,NL,NL,0,Western,0,1993,2,1,1971,1955,NL,1
14294f94,France,1,NL,NL,0,Western,2,1967,2,1,1939,1939,France,0
142a1073,NL,1,NL,NL,0,Western,1,1953,2,1,1923,1933,NL,1
142b0c0b,NL,2,NL,NL,0,Western,2,1980,2,1,1941,1958,NL,1
1438b5ca,NL,1,NL,NL,0,Western,2,1987,2,1,1949,1961,NL,1
143ab4a6,NL,2,NL,NL,0,Western,0,1985,2,1,1956,1946,NL,1
1448f376,NL,2,NL,NL,0,Western,1,1960,2,1,1922,1929,NL,1
144af21a,US,1,France,NL,1,Western,1,1968,2,1,1948,1931,US,0
144bffd6,NL,1,NL,NL,0,Western,1,1991,2,1,1967,1970,NL,1
144f8c2a,NL,2,NL,NL,0,Western,1,1999,2,1,1972,1963,NL,1
14502c17,NL,1,NL,NL,0,Western,1,1959,2,1,1935,1931,NL,1
1452f762,France,2,NL,NL,0,Western,2,1955,2,1,1928,1918,France,0
145617a4,NL,1,NL,NL,0,Western,1,1980,2,1,1950,1955,NL,1
14659b7f,NL,2,France,NL,1,Western,-,1964,2,1,1932,1942,NL,1
1467626b,NL,2,NL,NL,0,Western,1,1970,2,1,1937,1944,NL,1
14679b1a,France,2,NL,France,1,Western,2,1980,2,1,1951,1949,France,0
146b84b7,NL,2,NL,NL,0,Western,1,1968,2,1,1937,1929,NL,1
146edde0,NL,1,NL,US,1,Western,2,1966,2,1,1946,1941,NL,1
147054c4,NL,1,NL,NL,0,Western,0,1984,2,1,1951,1956,NL,1
14732296,NL,2,NL,NL,0,Western,2,1990,2,1,1964,1960,NL,1
14788bfa,NL,2,NL,NL,0,Western,1,1970,2,1,1945,1932,NL,1
148bcb02,NL,2,NL,NL,0,Western,2,1964,2,1,1930,1941,NL,1
1495fc34,France,1,NL,NL,0,Western,0,1969,2,1,1935,1935,France,0
1496281f,NL,1,France,NL,1,Western,2,1996,2,1,1959,1959,NL,1
14988611,NL,1,NL,NL,0,Western,1,1983,2,1,1961,1958,NL,1
14a16bba,NL,1,France,NL,1,Western,1,1954,2,1,1925,1916,NL,1
14a52fa8,NL,1,NL,US,1,Western,0,1957,2,1,1930,1930,NL,1
14a703f4,NL,1,NL,NL,0,Western,2,1969,2,1,1949,1942,NL,1
14a720e4,NL,2,NL,NL,0,Western,1,1995,2,1,1964,1963,NL,1
14a7aaa3,NL,2,NL,France,1,Western,0,1963,2,1,1937,1931,NL,1
14ab85f4,NL,2,NL,France,1,Western,0,1994,2,1,1963,1969,NL,1
14b13126,France,2,NL,France,1,Western,1,1961,2,1,1926,1926,France,0
14b6b3cd,France,1,France,NL,1,Western,0,1963,2,1,1928,1935,France,0
14b81d90,NL,2,France,NL,1,Western,2,1980,2,1,1960,1949,NL,1
14b8653e,NL,1,NL,France,1,Western,1,1962,2,1,1939,1930,NL,1
14bab829,NL,1,NL,NL,0,Western,2,1990,2,1,1952,1951,NL,1
14bef977,France,-,NL,NL,0,Western,1,1956,2,1,1922,1929,France,0
14ca4a34,NL,1,US,NL,1,Western,2,1994,2,2,1963,1963,NL,1
14cad988,NL,1,NL,NL,0,Western,0,1982,2,2,1949,1960,NL,1
14cc8874,France,2,NL,NL,0,Western,1,1966,2,1,1937,1940,France,0
14d3f5d9,NL,2,NL,NL,0,Western,1,1994,2,1,1961,1971,NL,1
14e5acb6,NL,1,NL,NL,0,Western,1,1970,2,1,1949,1941,NL,1
14e6fe9b,NL,2,NL,NL,0,Western,1,1983,2,1,1962,1951,NL,1
14ec8ab4,NL,1,Egypt,NL,1,Western,0,1960,2,1,1922,1921,NL,1
14f16d78,NL,2,US,NL,1,Western,1,1961,2,1,1941,1941,NL,1
14f2c4b6,NL,1,US,NL,1,Western,0,1954,2,1,1926,1934,NL,1
14f33acc,France,2,NL,France,1,Western,0,1969,2,1,1939,1946,France,0
14f7799b,NL,2,NL,NL,0,Western,1,1998,2,1,1977,1966,NL,1
1503ac77,NL,1,NL,NL,0,Western,0,1959,2,1,1924,1924,NL,1
1507ae49,NL,1,NL,NL,0,Western,2,1952,2,1,1924,1918,NL,1
15193799,NL,2,France,NL,1,Western,0,1963,2,1,1942,1940,NL,1
1519425e,NL,2,France,NL,1,Western,1,1969,2,1,1939,1933,NL,1
152dffa9,NL,2,France,Egypt,2,Western,2,1996,2,1,1959,1971,NL,1
1533061b,NL,1,NL,NL,0,Western,1,1969,2,1,1940,1937,NL,1
15353f55,NL,1,NL,NL,0,Western,2,1982,2,1,1945,1952,NL,1
1537b8d9,NL,1,France,NL,1,Western,1,1986,2,1,1962,1962,NL,1
153960af,NL,2,NL,NL,0,Western,1,1969,2,1,1938,1945,NL,1
154069b8,NL,1,NL,NL,0,Western,2,1996,2,1,1958,1962,NL,1
1547e95b,NL,2,NL,NL,0,Western,2,1994,2,1,1956,1960,NL,1
154caf33,France,1,NL,NL,0,Western,1,1963,2,1,1937,1927,France,0
154f9bd1,NL,2,NL,NL,0,Western,1,1983,2,1,1948,1959,NL,1
15508bda,NL,1,NL,NL,0,Western,2,1955,2,1,1928,1930,NL,1
1559bbce,NL,2,NL,US,1,Western,2,1996,2,1,1974,1970,NL,1
156c373a,NL,2,NL,NL,0,Western,0,1959,2,1,1923,1928,NL,1
1570ab0a,NL,2,France,NL,1,Western,1,1968,2,1,1929,1945,NL,1
1578bfa2,NL,1,NL,NL,0,Western,0,1950,2,1,1911,1927,NL,1
157cbc46,NL,1,Egypt,NL,1,Western,1,1997,2,1,1960,1969,NL,1
15836928,NL,2,NL,Egypt,1,Western,1,1951,2,1,1921,1919,NL,1
1588c2b2,NL,2,NL,NL,0,Western,2,1962,2,1,1936,1941,NL,1
15979a64,NL,1,US,France,2,Western,1,1994,2,1,1973,1966,NL,1
15a6cd95,NL,1,NL,France,1,Western,0,1990,2,1,1959,1951,NL,1
15ac043a,NL,2,NL,France,1,Western,0,1987,2,1,1962,1956,NL,1
15b33229,Egypt,2,France,NL,1,Non-Western,2,1960,2,1,1932,1934,Egypt,0
15b52284,France,2,NL,France,1,Western,2,1982,2,1,1952,1955,France,0
15b62d99,NL,1,NL,NL,0,Western,1,1954,2,1,1933,1932,NL,1
15bb3989,NL,2,NL,NL,0,Western,1,1956,2,1,1921,1934,NL,1
15be9fe5,NL,2,NL,France,1,Western,2,1957,2,1,1922,1925,NL,1
15c0f086,NL,1,France,NL,1,Western,1,1994,2,1,1966,1956,NL,1
15c17b47,NL,2,US,NL,1,Western,0,1991,2,1,1963,1970,NL,1
15c4040f,NL,2,NL,France,1,Western,2,1990,2,1,1964,1970,NL,1
15c57555,Egypt,2,NL,France,1,Non-Western,0,1958,2,1,1926,1930,Egypt,0
15c64395,France,1,NL,NL,0,Western,1,1960,2,1,1929,1936,France,0
15cb8346,NL,1,NL,NL,0,Western,0,1959,2,1,1928,1929,NL,1
15cd2527,NL,2,NL,NL,0,Western,2,1983,2,1,1960,1944,NL,1
15cdf0e1,NL,1,NL,NL,0,Western,2,1997,2,1,1963,1972,NL,1
15d01231,NL,1,US,NL,1,Western,1,1951,2,1,1923,1927,NL,1
15d3a8e5,NL,1,Egypt,US,2,Western,2,1952,2,1,1931,1913,NL,1
15d3e411,NL,2,NL,NL,0,Western,0,1970,2,1,1948,1950,NL,1
15d40e71,NL,1,NL,NL,0,Western,0,1970,2,1,1935,1950,NL,1
15da10ad,NL,1,NL,NL,0,Western,2,1992,2,1,1959,1967,NL,1
15e24ff5,NL,2,NL,NL,0,Western,2,1983,2,1,1955,1953,NL,1
15eabf1f,NL,1,NL,NL,0,Western,1,1963,2,1,1938,1935,NL,1
16037e64,NL,2,NL,NL,0,Western,0,1988,2,1,1967,1950,NL,1
160ae18f,NL,1,NL,Egypt,1,Western,0,1989,2,1,1954,1960,NL,1
160ce68d,NL,1,NL,NL,0,Western,1,1951,2,1,1928,1931,NL,1
160cfa3e,NL,1,NL,NL,0,Western,1,1984,2,1,1954,1946,NL,1
160dc964,NL,1,NL,NL,0,Western,1,1960,2,1,1923,1925,NL,1
1612b254,NL,1,NL,NL,0,Western,1,1951,2,-,1917,1927,NL,1
161530b6,NL,2,NL,NL,0,Western,2,1959,2,1,1937,1939,NL,1
1619f63d,NL,1,France,France,2,Western,0,1962,2,1,1928,1942,NL,1
161c6b75,NL,2,France,NL,1,Western,0,1984,2,1,1947,1954,NL,1
161f3eed,NL,2,NL,NL,0,Western,1,1994,2,1,1962,1969,NL,1
161f62b6,NL,1,NL,France,1,Western,2,1965,2,1,1939,1939,NL,1
162b4692,France,-,NL,NL,0,Western,0,1967,2,1,1943,1937,France,0
163b0fc6,France,1,NL,NL,0,Western,1,1960,2,1,1931,1934,France,0
16404cb8,NL,2,NL,NL,0,Western,0,1980,2,1,1946,1943,NL,1
164514c0,NL,2,NL,NL,0,Western,2,1980,2,1,1947,1945,NL,1
164d4e59,NL,1,NL,NL,0,Western,2,1966,2,1,1927,1933,NL,1
1654a95c,NL,1,NL,NL,0,Western,1,1969,2,1,1939,1936,NL,1
16551245,NL,2,NL,NL,0,Western,2,1982,2,1,1959,1948,NL,1
16574fcc,NL,2,France,NL,1,Western,0,1987,2,1,1953,1949,NL,1
16704d11,NL,2,NL,NL,0,Western,2,1986,2,1,1963,1966,NL,1
16736e39,NL,1,France,NL,1,Western,2,1953,2,1,1915,1921,NL,1
16756302,NL,2,France,NL,1,Western,0,1954,2,1,1916,1917,NL,1
167eea18,NL,1,NL,France,1,Western,1,1955,2,1,1933,1916,NL,1
16888d40,France,1,NL,NL,0,Western,0,1955,2,1,1930,1918,France,0
168dacc4,France,1,NL,NL,0,Western,0,1964,2,1,1928,1938,France,0
169b7c17,NL,2,NL,NL,0,Western,1,1991,2,1,1958,1957,NL,1
169f644c,NL,2,France,NL,1,Western,1,1965,2,1,1931,1929,NL,1
16a01945,France,1,NL,France,1,Western,1,1980,2,1,1952,1960,France,0
16a38b53,NL,1,NL,NL,0,Western,2,1969,2,1,1939,1940,NL,1
16acbfc8,France,2,NL,NL,0,Western,0,1989,2,1,1953,1968,France,0
16b05175,NL,1,NL,NL,0,Western,1,1954,2,1,1931,1916,NL,1
16b15a0a,NL,1,NL,NL,0,Western,2,1970,2,1,1943,1950,NL,1
16bd1345,NL,2,NL,Egypt,1,Western,2,1999,2,1,1966,1960,NL,1
16bf696e,NL,1,NL,NL,0,Western,0,1990,2,1,1966,1953,NL,1
16d2c160,NL,2,NL,NL,0,Western,2,1985,2,1,1964,1958,NL,1
16d31005,NL,1,NL,NL,0,Western,2,1966,2,2,1941,1939,NL,1
16d6f2b1,NL,2,NL,France,1,Western,1,1968,2,1,1937,1939,NL,1
16d8447a,NL,2,NL,NL,0,Western,1,1994,2,1,1962,1960,NL,1
16d967d4,France,1,France,NL,1,Western,1,1951,2,1,1926,1923,France,0
16de82cb,France,1,NL,France,1,Western,2,1963,2,1,1940,1937,France,0
16de85b2,NL,1,France,Egypt,2,Western,0,1950,2,1,1915,1919,NL,1
16df0857,NL,1,France,NL,1,Western,0,1952,2,1,1914,1925,NL,1
16e00970,NL,2,NL,NL,0,Western,2,1968,1,1,1938,1929,NL,1
16f176fb,NL,2,NL,NL,0,Western,0,1989,2,1,1959,1966,NL,1
16f4f88d,US,1,NL,NL,0,Western,0,1950,2,1,1914,1923,US,0
16f62a82,NL,2,NL,NL,0,Western,1,1985,2,1,1952,1955,NL,1
16f6c65f,NL,2,NL,NL,0,Western,1,1957,2,1,1925,1928,NL,1
16f9b579,NL,2,NL,NL,0,Western,1,1964,2,1,1937,1944,NL,1
1705745b,NL,2,NL,France,1,Western,0,1967,2,1,1934,1936,NL,1
1707e967,NL,2,NL,NL,0,Western,2,1959,2,1,1925,1927,NL,1
170dcc62,Egypt,1,NL,NL,0,Non-Western,2,1965,-,1,1935,1945,Egypt,0
171751e1,NL,1,NL,NL,0,Western,2,1955,2,1,1928,1922,NL,1
1721fd10,NL,1,NL,NL,0,Western,2,1982,2,1,1957,1950,NL,1
1723c428,NL,1,NL,NL,0,Western,2,1989,2,1,1955,1967,NL,1
17246471,NL,2,NL,NL,0,Western,0,1987,2,1,1967,1952,NL,1
17290423,NL,1,NL,France,1,Western,1,1954,2,1,1916,1928,NL,1
172bbd55,NL,1,France,NL,1,Western,2,1985,2,1,1962,1957,NL,1
172bfc93,NL,2,NL,NL,0,Western,2,1995,2,1,1968,1963,NL,1
172c8323,NL,2,France,NL,1,Western,2,1984,2,1,1963,1961,NL,1
172f17d8,NL,2,NL,NL,0,Western,2,1952,2,1,1917,1921,NL,1
172f419c,NL,2,NL,France,1,Western,1,1994,2,1,1959,1969,NL,1
1735be58,NL,1,NL,NL,0,Western,2,1961,2,1,1927,1938,NL,1
1748b48c,NL,2,NL,NL,0,Western,1,1988,2,1,1963,1954,NL,1
174b5ea4,NL,2,NL,NL,0,Western,2,1992,2,1,1967,1954,NL,1
1754d16e,NL,1,France,NL,1,Western,2,1999,2,1,1974,1969,NL,1
175519d3,NL,1,France,France,2,Western,0,1959,2,1,1924,1924,NL,1
1759710d,NL,1,NL,NL,0,Western,1,1986,2,1,1958,1956,NL,1
17598313,NL,1,France,NL,1,Western,2,1960,2,1,1940,1932,NL,1
175b8f18,NL,2,NL,NL,0,Western,0,1996,2,1,1964,1964,NL,1
175b973d,France,1,NL,NL,0,Western,1,1987,2,1,1948,1952,France,0
1764cc5e,NL,2,NL,NL,0,Western,1,1995,2,1,1969,1964,NL,1
1766a221,NL,1,France,NL,1,Western,0,1954,2,1,1922,1931,NL,1
17694b36,US,2,NL,NL,0,Western,2,1970,2,1,1935,1940,US,0
176a1c02,NL,1,NL,France,1,Western,1,1997,2,1,1966,1960,NL,1
17773905,NL,2,Egypt,NL,1,Western,1,1994,2,1,1959,1969,NL,1
1779e3bd,NL,1,France,NL,1,Western,1,1994,2,1,1961,1958,NL,1
177e1207,France,2,France,NL,1,Western,1,1980,2,1,1945,1951,France,0
17926391,France,1,NL,France,1,Western,0,1986,2,1,1948,1964,France,0
1797abf0,NL,2,NL,NL,0,Western,1,1950,2,1,1929,1918,NL,1
17acf03c,NL,2,NL,NL,0,Western,1,1985,2,1,1955,1953,NL,1
17be34c3,NL,2,NL,Egypt,1,Western,2,1998,2,1,1959,1972,NL,1
17beb19e,NL,2,NL,NL,0,Western,1,1985,2,1,1964,1952,NL,1
17c71453,NL,2,France,NL,1,Western,0,1985,2,1,1960,1958,NL,1
17c77f16,NL,2,NL,NL,0,Western,0,1956,2,1,1922,1928,NL,1
17cc9160,NL,1,France,NL,1,Western,0,1956,2,1,1924,1917,NL,1
17d10d52,NL,2,NL,NL,0,Western,0,1996,2,1,1972,1962,NL,1
17df2814,NL,1,NL,NL,0,Western,2,1961,2,1,1934,1933,NL,1
17e610ea,NL,1,NL,NL,0,Western,2,1991,2,1,1959,1963,NL,1
17e8a0d9,NL,1,France,NL,1,Western,1,1985,2,1,1949,1950,NL,1
17ea3667,NL,1,NL,NL,0,Western,2,1967,2,1,1935,1940,NL,1
17ea8d90,NL,2,France,NL,1,Western,2,1967,2,1,1932,1946,NL,1
17f62f10,NL,2,NL,NL,0,Western,2,1983,2,1,1950,1950,NL,1
17f67f03,France,1,NL,NL,0,Western,1,1952,2,1,1921,1925,France,0
17f694c1,NL,2,NL,NL,0,Western,2,1950,2,1,1912,1924,NL,1
17f7fdde,NL,1,NL,NL,0,Western,1,1960,2,1,1926,1925,NL,1
18015486,NL,2,NL,NL,0,Western,2,1991,2,1,1960,1963,NL,1
180d58fd,NL,1,NL,NL,0,Western,2,1982,2,1,1951,1945,NL,1
180d85c0,NL,2,NL,NL,0,Western,2,1993,2,1,1971,1966,NL,1
180fea24,NL,2,NL,NL,0,Western,0,1995,2,1,1964,1968,NL,1
18106d07,France,1,NL,NL,0,Western,0,1980,2,1,1960,1951,France,0
181787cb,NL,2,France,France,2,Western,0,1970,2,1,1949,1935,NL,1
181b55ca,NL,1,NL,NL,0,Western,2,1967,2,1,1932,1936,NL,1
181f30b5,NL,2,NL,NL,0,Western,2,1962,2,1,1932,1930,NL,1
1822be7e,NL,2,NL,NL,0,Western,1,1996,2,1,1966,1960,NL,1
1824d212,NL,2,NL,NL,0,Western,0,1964,2,1,1925,1943,NL,1
1839745d,NL,1,US,France,2,Western,0,1957,2,1,1936,1930,NL,1
18398eeb,France,1,France,NL,1,Western,2,1951,2,1,1913,1918,France,0
184618ae,NL,1,NL,NL,0,Western,0,1981,2,1,1943,1944,NL,1
1849ade2,NL,2,Egypt,NL,1,Western,1,1953,2,1,1922,1914,NL,1
184c3bdc,NL,2,France,NL,1,Western,2,1983,2,1,1951,1958,NL,1
184ed5c2,NL,2,NL,US,1,Western,2,1955,2,1,1932,1922,NL,1
1858aa1c,NL,2,NL,NL,0,Western,2,1955,2,1,1920,1930,NL,1
185b178a,NL,2,NL,NL,0,Western,1,1990,2,1,1957,1957,NL,1
186299c5,NL,1,NL,France,1,Western,2,1994,2,1,1956,1968,NL,1
18662f3b,France,2,France,NL,1,Western,0,1963,2,1,1942,1941,France,0
186930e5,NL,2,NL,NL,0,Western,2,1969,2,1,1938,1948,NL,1
18711be5,NL,1,NL,NL,0,Western,1,1953,2,1,1919,1918,NL,1
1875004f,NL,1,US,NL,1,Western,0,1981,2,1,1956,1952,NL,1
18757b1c,NL,2,NL,NL,0,Western,0,1991,2,1,1964,1961,NL,1
187593a9,NL,1,NL,NL,0,Western,0,1993,2,1,1958,1970,NL,1
187a211f,NL,1,NL,France,1,Western,1,1952,2,1,1926,1926,NL,1
1882c51e,NL,1,France,NL,1,Western,0,1967,2,1,1932,1947,NL,1
1889d9e7,NL,2,NL,US,1,Western,0,1987,2,1,1955,1963,NL,1
188e5923,NL,2,NL,NL,0,Western,2,1980,2,1,1944,1952,NL,1
18915679,NL,2,NL,France,1,Western,0,1964,2,1,1931,1935,NL,1
18944ee4,NL,2,France,NL,1,Western,2,1950,2,1,1913,1925,NL,1
18976468,NL,1,NL,NL,0,Western,1,1994,2,1,1966,1963,NL,1
189d775e,France,1,NL,NL,0,Western,1,1952,2,-,1931,1925,France,0
189d86c6,NL,1,NL,Egypt,1,Western,1,1996,2,1,1960,1960,NL,1
18a58888,NL,1,NL,NL,0,Western,1,1961,2,1,1930,1941,NL,1
18aa43a8,NL,1,NL,NL,0,Western,2,1995,2,1,1975,1956,NL,1
18ac56e1,NL,1,NL,Egypt,1,Western,0,1970,2,1,1950,1940,NL,1
18ac81d5,NL,1,NL,NL,0,Western,0,1986,2,1,1948,1954,NL,1
18b42a62,NL,1,NL,NL,0,Western,2,1994,2,1,1959,1958,NL,1
18b58376,NL,2,NL,NL,0,Western,1,1981,2,1,1946,1952,NL,1
18be6f6f,France,-,France,Egypt,2,Western,1,1967,2,1,1940,1936,France,0
18bf2f43,NL,2,NL,NL,0,Western,1,1980,2,1,1957,1956,NL,1
18c24efd,NL,1,NL,NL,0,Western,1,1965,2,1,1926,1934,NL,1
18c2b444,NL,1,NL,US,1,Western,1,1950,2,1,1920,1915,NL,1
18c57b13,NL,1,NL,NL,0,Western,1,1989,2,1,1956,1959,NL,1
18c6104c,NL,1,NL,NL,0,Western,1,1984,2,1,1963,1957,NL,1
18ca003c,NL,2,US,NL,1,Western,0,1992,2,1,1955,1966,NL,1
18d2eb4a,NL,2,NL,NL,0,Western,1,1952,2,1,1916,1924,NL,1
18e00748,France,2,NL,NL,0,Western,0,1950,2,1,1916,1921,France,0
18e674d0,NL,1,NL,NL,0,Western,0,1994,2,1,1968,1974,NL,1
18e81d88,NL,1,US,NL,1,Western,1,1991,2,1,1962,1961,NL,1
18ed423f,NL,1,NL,France,1,Western,2,1967,2,1,1938,1942,NL,1
18f2334d,NL,2,NL,NL,0,Western,1,1986,2,1,1957,1953,NL,1
18f3ca54,NL,1,NL,NL,0,Western,1,1962,2,1,1930,1941,NL,1
18f9ad62,NL,1,NL,NL,0,Western,0,1997,2,1,1976,1968,NL,1
18fbe0d8,NL,2,NL,US,1,Western,2,1982,2,1,1953,1953,NL,1
18fc1933,NL,2,NL,France,1,Western,1,1958,2,1,1927,1919,NL,1
19004121,NL,1,NL,NL,0,Western,1,1981,2,1,1946,1958,NL,1
190cf572,NL,2,NL,NL,0,Western,1,1997,2,1,1970,1968,NL,1
191064f8,NL,1,NL,NL,0,Western,1,1965,2,1,1945,1929,NL,1
1919d202,NL,2,France,NL,1,Western,1,1958,2,1,1934,1933,NL,1
19272d76,US,2,NL,NL,0,Western,2,1968,1,1,1931,1939,US,0
192ad100,NL,1,NL,NL,0,Western,0,1962,2,1,1934,1934,NL,1
192d0092,NL,1,NL,NL,0,Western,0,1986,2,1,1965,1966,NL,1
193a1d55,France,2,NL,NL,0,Western,1,1953,2,1,1915,1923,France,0
194136c7,NL,1,NL,NL,0,Western,2,1985,2,1,1948,1963,NL,1
19425ffc,NL,1,NL,NL,0,Western,0,1983,2,1,1947,1956,NL,1
19482981,US,2,NL,NL,0,Western,1,1989,2,1,1954,1961,US,0
19547805,Egypt,2,NL,NL,0,Non-Western,1,1985,2,1,1948,1954,Egypt,0
1956ca62,NL,2,NL,France,1,Western,1,1970,2,1,1937,1939,NL,1
1958fef6,NL,1,NL,NL,0,Western,1,1996,2,2,1957,1959,NL,1
195c0df8,France,2,NL,Egypt,1,Western,0,1955,2,1,1922,1928,France,0
19610a38,NL,2,NL,NL,0,Western,0,1968,2,1,1945,1942,NL,1
1961e068,NL,2,NL,NL,0,Western,2,1951,2,1,1921,1929,NL,1
1966ae66,NL,2,France,NL,1,Western,2,1966,2,1,1933,1932,NL,1
196dac32,NL,1,NL,France,1,Western,1,1952,2,1,1913,1918,NL,1
1971a3e0,NL,2,NL,NL,0,Western,2,1953,2,1,1916,1932,NL,1
19737396,NL,1,NL,NL,0,Western,0,1984,2,1,1952,1953,NL,1
197e39ab,NL,1,Egypt,France,2,Western,0,1969,2,1,1937,1938,NL,1
19831b6b,France,2,NL,France,1,Western,1,1983,2,1,1948,1954,France,0
1991a7fa,US,2,NL,France,1,Western,1,1958,2,1,1930,1938,US,0
199c3a12,NL,1,NL,NL,0,Western,0,1986,2,1,1959,1953,NL,1
19a018fe,NL,2,NL,NL,0,Western,1,1994,2,1,1972,1955,NL,1
19a18629,NL,2,NL,NL,0,Western,2,1950,2,1,1924,1919,NL,1
19a1c26b,NL,1,NL,NL,0,Western,2,1995,2,1,1967,1973,NL,1
19a5ba68,NL,1,NL,NL,0,Western,1,1986,2,1,1961,1953,NL,1
19af9a81,NL,2,NL,NL,0,Western,1,1996,2,1,1963,1960,NL,1
19b0457a,NL,1,NL,NL,0,Western,1,1969,2,1,1939,1934,NL,1
19c3852f,NL,2,France,NL,1,Western,1,1998,2,1,1974,1972,NL,1
19d30558,NL,1,NL,US,1,Western,1,1966,2,1,1928,1945,NL,1
19d426d5,NL,1,NL,NL,0,Western,0,1968,2,1,1941,1945,NL,1
19da9ca7,NL,1,NL,NL,0,Western,1,1986,2,1,1958,1959,NL,1
19ded688,NL,1,NL,NL,0,Western,0,1995,2,1,1970,1975,NL,1
19e6d0b8,France,2,NL,NL,0,Western,1,1980,2,1,1943,1945,France,0
19e75e3d,NL,1,NL,NL,0,Western,2,1968,2,1,1947,1938,NL,1
19e8886c,NL,2,NL,France,1,Western,1,1957,2,1,1920,1924,NL,1
19ebc692,NL,1,NL,NL,0,Western,2,1953,2,1,1915,1920,NL,1
19f21722,NL,-,NL,NL,0,Western,0,1952,2,1,1916,1915,NL,1
19f6def7,NL,1,NL,NL,0,Western,0,1994,2,1,1970,1966,NL,1
19fc8fd0,NL,-,NL,France,1,Western,1,1997,2,1,1973,1965,NL,1
1a04e378,NL,1,NL,NL,0,Western,0,1984,2,1,1953,1963,NL,1
1a071021,NL,2,NL,NL,0,Western,0,1982,2,1,1957,1948,NL,1
1a080a8e,France,1,NL,NL,0,Western,2,1984,2,1,1950,1949,France,0
1a21dde6,NL,1,NL,NL,0,Western,0,1957,2,1,1927,1925,NL,1
1a242d6c,NL,1,NL,NL,0,Western,2,1997,2,1,1961,1964,NL,1
1a2743c3,NL,1,NL,NL,0,Western,2,1989,2,1,1951,1958,NL,1
1a283edb,NL,2,NL,NL,0,Western,0,1956,2,1,1934,1931,NL,1
1a2a9b1f,NL,1,France,NL,1,Western,1,1993,2,1,1969,1973,NL,1
1a2da6b8,NL,1,US,US,2,Western,1,1980,2,1,1954,1945,NL,1
1a2f27d3,NL,2,NL,NL,0,Western,1,1965,2,1,1939,1933,NL,1
1a2f2814,NL,2,NL,US,1,Western,1,1967,2,1,1936,1944,NL,1
1a35ef5b,France,1,NL,NL,0,Western,1,1959,2,1,1921,1920,France,0
1a3a8142,NL,1,France,Egypt,2,Western,0,1995,2,1,1960,1965,NL,1
1a3c0fce,NL,2,NL,France,1,Western,1,1985,2,1,1954,1959,NL,1
1a3c49bf,NL,1,NL,NL,0,Western,1,1999,2,1,1966,1963,NL,1
1a3edca6,NL,1,NL,NL,0,Western,0,1991,2,1,1956,1966,NL,1
1a537f9f,NL,2,NL,NL,0,Western,2,1981,2,1,1957,1951,NL,1
1a5a53d3,NL,2,NL,France,1,Western,1,1970,2,1,1940,1947,NL,1
1a5c1435,France,1,NL,NL,0,Western,1,1952,2,1,1916,1924,France,0
1a64e96d,NL,2,NL,NL,0,Western,1,1994,2,1,1961,1974,NL,1
1a676c50,NL,1,France,NL,1,Western,1,1955,2,1,1916,1929,NL,1
1a69940b,NL,1,NL,NL,0,Western,1,1995,2,1,1972,1972,NL,1
1a70c1d5,NL,1,NL,NL,0,Western,1,1980,2,1,1956,1950,NL,1
1a7154f6,NL,1,NL,NL,0,Western,-,1951,2,1,1920,1924,NL,1
1a76618d,NL,2,France,NL,1,Western,2,1992,2,1,1972,1955,NL,1
1a76d41e,NL,1,NL,NL,0,Western,0,1993,2,1,1959,1954,NL,1
1a7e9130,NL,1,NL,NL,0,Western,1,1969,2,1,1942,1942,NL,1
1a7f1f90,NL,2,France,NL,1,Western,1,1980,2,1,1956,1948,NL,1
1a81b8f7,NL,2,NL,NL,0,Western,0,1969,2,1,1936,1945,NL,1
1a823dfc,NL,1,NL,NL,0,Western,0,1991,2,1,1963,1968,NL,1
1a8249dd,NL,1,NL,NL,0,Western,2,1957,2,1,1934,1925,NL,1
1a8ede9c,NL,1,NL,US,1,Western,1,1962,2,1,1929,1923,NL,1
1a8f0a3d,NL,2,NL,NL,0,Western,2,1981,2,1,1945,1953,NL,1
1a922ff3,NL,1,NL,NL,0,Western,1,1996,2,1,1957,1961,NL,1
1a98dbd0,NL,1,NL,NL,0,Western,2,1984,2,1,1947,1959,NL,1
1aad4d21,NL,2,NL,NL,0,Western,1,1984,2,1,1962,1962,NL,1
1ab0b1ec,NL,1,NL,NL,0,Western,1,1991,2,1,1953,1956,NL,1
1ab3050f,NL,1,NL,NL,0,Western,1,1994,2,1,1972,1956,NL,1
1ab5b944,NL,1,NL,France,1,Western,0,1961,2,1,1941,1933,NL,1
1abef67c,France,1,NL,NL,0,Western,2,1980,2,1,1959,1953,France,0
1acc5a52,NL,2,NL,US,1,Western,-,1994,2,1,1967,1967,NL,1
1ada6e56,NL,1,NL,NL,0,Western,2,1962,2,1,1942,1932,NL,1
1ae39431,NL,1,NL,NL,0,Western,2,1953,2,1,1930,1920,NL,1
1aea495d,France,1,NL,US,1,Western,2,1964,2,1,1929,1934,France,0
1afa77a0,NL,2,NL,NL,0,Western,1,1970,1,1,1943,1932,NL,1
1afdfdfc,NL,2,Egypt,NL,1,Western,0,1968,2,1,1934,1945,NL,1
1b09d79b,Egypt,1,NL,NL,0,Non-Western,1,1988,2,1,1965,1954,Egypt,0
1b0a88c9,NL,2,NL,NL,0,Western,1,1960,2,1,1930,1940,NL,1
1b0e1d2d,NL,2,Egypt,NL,1,Western,1,1981,2,1,1948,1946,NL,1
1b0fb8c0,France,2,NL,NL,0,Western,1,1950,2,1,1921,1926,France,0
1b143b9c,NL,2,France,NL,1,Western,1,1992,2,1,1960,1966,NL,1
1b1a12e8,NL,1,NL,NL,0,Western,0,1985,2,1,1958,1961,NL,1
1b22d610,NL,1,France,NL,1,Western,0,1985,2,1,1957,1958,NL,1
1b27f9cc,NL,2,France,NL,1,Western,1,1951,2,1,1920,1924,NL,1
1b2adae0,France,1,NL,NL,0,Western,0,1983,2,1,1960,1956,France,0
1b327d42,NL,-,NL,NL,0,Western,-,1966,2,1,1938,1934,NL,1
1b3b2f99,NL,2,Egypt,NL,1,Western,0,1992,2,1,1965,1971,NL,1
1b3c0be7,Egypt,1,NL,NL,0,Non-Western,0,1990,2,1,1963,1958,Egypt,0
1b44452c,NL,1,NL,NL,0,Western,1,1960,2,1,1936,1924,NL,1
1b49c421,NL,2,NL,NL,0,Western,0,1986,2,1,1954,1954,NL,1
1b4a630e,US,2,NL,NL,0,Western,1,1954,2,1,1917,1916,US,0
1b51ffc9,NL,1,NL,US,1,Western,1,1982,2,1,1961,1948,NL,1
1b5326a3,NL,1,US,NL,1,Western,2,1954,2,1,1931,1923,NL,1
1b5a4490,NL,2,NL,NL,0,Western,1,1957,2,1,1924,1928,NL,1
1b5cc959,US,2,NL,NL,0,Western,1,1989,2,1,1958,1967,US,0
1b72de2b,NL,1,NL,NL,0,Western,0,1961,2,1,1924,1932,NL,1
1b799249,NL,2,NL,France,1,Western,1,1952,2,1,1921,1919,NL,1
1b7a07ab,NL,2,France,France,2,Western,0,1999,2,1,1979,1971,NL,1
1b843763,NL,1,NL,NL,0,Western,0,1959,2,1,1927,1932,NL,1
1b869206,NL,1,NL,NL,0,Western,2,1964,2,1,1931,1941,NL,1
1b8a35f1,NL,1,NL,NL,0,Western,2,1959,2,1,1928,1935,NL,1
1b94ac32,NL,1,NL,NL,0,Western,1,1999,2,1,1967,1960,NL,1
1b9db1db,NL,1,NL,NL,0,Western,1,1995,2,1,1970,1973,NL,1
1b9f7131,NL,1,Egypt,France,2,Western,1,1984,2,1,1946,1958,NL,1
1ba1c73e,US,2,NL,NL,0,Western,2,1969,2,1,1941,1935,US,0
1ba5c313,NL,1,NL,NL,0,Western,0,1983,2,1,1954,1948,NL,1
1baace75,NL,2,NL,NL,0,Western,2,1962,2,1,1931,1933,NL,1
1bab6679,France,2,NL,NL,0,Western,-,1983,2,1,1949,1962,France,0
1bac5fab,NL,2,NL,France,1,Western,2,1997,2,1,1960,1959,NL,1
1bae6549,NL,1,NL,NL,0,Western,0,1985,2,1,1957,1965,NL,1
1bb2b3fb,NL,2,NL,NL,0,Western,1,1965,2,1,1939,1935,NL,1
1bbaf444,NL,2,NL,NL,0,Western,1,1999,2,1,1976,1964,NL,1
1bc2bee4,Egypt,2,NL,US,1,Non-Western,1,1964,2,1,1942,1929,Egypt,0
1bc94bc9,NL,1,NL,NL,0,Western,-,1986,2,1,1947,1963,NL,1
1bcc1e82,NL,1,NL,NL,0,Western,1,1967,2,1,1943,1945,NL,1
1bce1303,France,1,NL,NL,0,Western,1,1950,2,1,1923,1911,France,0
1bd4d125,NL,1,France,NL,1,Western,0,1985,2,1,1960,1963,NL,1
1bd8038e,NL,1,NL,France,1,Western,1,1964,2,1,1938,1934,NL,1
1bd826a5,NL,1,NL,NL,0,Western,2,1951,2,1,1927,1923,NL,1
1bdea959,NL,1,NL,NL,0,Western,0,1960,2,1,1925,1932,NL,1
1be006e8,NL,1,NL,France,1,Western,0,1960,2,1,1938,1936,NL,1
1be45e15,NL,2,NL,NL,0,Western,1,1980,2,1,1955,1954,NL,1
1bf36fce,NL,2,NL,NL,0,Western,1,1983,2,1,1962,1946,NL,1
1bf77c71,NL,2,NL,NL,0,Western,1,1952,2,1,1921,1919,NL,1
1bf7cec3,NL,2,NL,NL,0,Western,1,1983,2,1,1958,1959,NL,1
1bf996fa,NL,2,France,NL,1,Western,1,1964,2,1,1933,1939,NL,1
1bfcb076,NL,2,NL,NL,0,Western,1,1970,2,1,1932,1934,NL,1
1bfd283f,NL,2,NL,NL,0,Western,2,1989,2,1,1953,1961,NL,1
1bfd8a0e,NL,2,France,NL,1,Western,1,1957,2,-,1936,1935,NL,1
1c056c0f,NL,1,NL,NL,0,Western,0,1967,2,1,1947,1939,NL,1
1c0ca169,France,1,NL,France,1,Western,1,1955,2,1,1929,1916,France,0
1c16b0fc,NL,1,NL,NL,0,Western,2,1994,2,1,1974,1964,NL,1
1c176a42,NL,1,NL,NL,0,Western,0,1963,2,1,1933,1927,NL,1
1c22a0c7,NL,1,NL,NL,0,Western,1,1969,2,1,1945,1943,NL,1
1c25db0c,NL,2,NL,US,1,Western,0,1982,2,1,1962,1962,NL,1
1c293baa,NL,2,France,NL,1,Western,1,1993,2,1,1966,1963,NL,1
1c30bcd2,NL,2,NL,NL,0,Western,2,1954,2,1,1934,1915,NL,1
1c382c9c,NL,2,France,France,2,Western,1,1960,2,1,1938,1934,NL,1
1c461822,US,1,US,NL,1,Western,2,1990,2,1,1968,1967,US,0
1c506adb,NL,2,NL,NL,0,Western,1,1987,2,1,1952,1965,NL,1
1c68e93d,NL,1,NL,NL,0,Western,0,1962,2,1,1933,1930,NL,1
1c6d6df5,NL,1,NL,NL,0,Western,1,1998,2,1,1963,1970,NL,1
1c6dfa5b,NL,1,NL,NL,0,Western,1,1956,2,1,1931,1936,NL,1
1c6e73b2,NL,2,NL,NL,0,Western,1,1986,2,1,1960,1947,NL,1
1c7ae229,France,1,France,France,2,Western,0,1966,2,1,1936,1945,France,0
1c7d50a3,NL,1,NL,NL,0,Western,0,1992,2,1,1958,1963,NL,1
1c807d38,NL,2,NL,NL,0,Western,2,1983,2,1,1960,1947,NL,1
1c80e8f5,Egypt,2,NL,France,1,Non-Western,1,1966,2,1,1936,1939,Egypt,0
1c811ac0,France,2,France,NL,1,Western,1,1959,2,1,1937,1931,France,0
1c81b8c8,NL,2,NL,NL,0,Western,0,1970,2,1,1949,1947,NL,1
1c85e3d2,NL,1,NL,NL,0,Western,1,1956,2,1,1928,1932,NL,1
1c85e673,NL,1,France,NL,1,Western,2,1989,2,1,1956,1959,NL,1
1c866a59,NL,2,NL,NL,0,Western,0,1970,2,1,1940,1947,NL,1
1c91779c,NL,1,NL,NL,0,Western,0,1991,2,1,1970,1971,NL,1
1c9f3bff,NL,1,NL,France,1,Western,0,1954,2,1,1927,1915,NL,1
1ca3c356,NL,2,NL,France,1,Western,2,1993,2,1,1966,1965,NL,1
1ca55ded,NL,2,NL,NL,0,Western,2,1997,2,1,1971,1975,NL,1
1cab90a1,NL,2,NL,France,1,Western,2,1993,2,1,1961,1963,NL,1
1cafed35,France,2,NL,NL,0,Western,0,1962,2,1,1941,1927,France,0
1cb13a70,NL,1,Egypt,NL,1,Western,2,1961,2,1,1926,1938,NL,1
1cb215c3,NL,2,NL,NL,0,Western,1,1995,2,1,1971,1960,NL,1
1cb5f483,NL,2,France,NL,1,Western,1,1958,2,1,1922,1921,NL,1
1cc5fdae,NL,1,NL,NL,0,Western,2,1968,2,1,1944,1941,NL,1
1cd114b7,NL,2,NL,NL,0,Western,2,1993,2,1,1957,1969,NL,1
1cd20f47,NL,2,France,NL,1,Western,1,1980,2,1,1945,1955,NL,1
1cd3159d,NL,1,NL,NL,0,Western,1,1960,2,1,1933,1923,NL,1
1cd61392,NL,1,NL,France,1,Western,0,1980,2,1,1958,1956,NL,1
1cd9b3bd,France,2,NL,NL,0,Western,0,1988,2,1,1959,1960,France,0
1ce7ed8f,NL,-,NL,NL,0,Western,0,1956,2,1,1924,1925,NL,1
1ceeb0b1,France,2,NL,NL,0,Western,0,1963,2,1,1934,1928,France,0
1cf12906,NL,2,NL,NL,0,Western,1,1980,2,1,1943,1953,NL,1
1cf44782,NL,1,NL,NL,0,Western,2,1982,2,1,1948,1951,NL,1
1cfc7c85,NL,1,NL,NL,0,Western,0,1963,2,1,1925,1928,NL,1
1d065e9a,NL,2,NL,NL,0,Western,0,1985,2,1,1965,1964,NL,1
1d0774bb,NL,2,NL,NL,0,Western,1,1988,2,1,1952,1951,NL,1
1d151f5b,NL,1,NL,France,1,Western,2,1998,2,1,1960,1960,NL,1
1d177e0d,NL,1,NL,NL,0,Western,1,1992,2,1,1972,1972,NL,1
1d1ad4a1,NL,1,NL,NL,0,Western,2,1970,2,-,1948,1938,NL,1
1d2ac941,Egypt,1,NL,NL,0,Non-Western,1,1966,2,1,1928,1945,Egypt,0
1d31c731,NL,2,NL,NL,0,Western,1,1995,2,1,1962,1958,NL,1
1d331e19,NL,1,NL,NL,0,Western,2,1995,2,1,1961,1974,NL,1
1d360f6e,NL,2,NL,NL,0,Western,1,1982,2,1,1961,1952,NL,1
1d37ffe7,NL,2,NL,NL,0,Western,1,1951,2,1,1919,1918,NL,1
1d3c057a,France,2,NL,NL,0,Western,0,1961,2,1,1923,1940,France,0
1d412f80,NL,2,NL,NL,0,Western,0,1952,-,1,1916,1917,NL,1
1d4519b0,NL,2,NL,France,1,Western,2,1966,2,1,1938,1939,NL,1
1d4cbeaf,NL,1,NL,NL,0,Western,1,1970,2,1,1937,1944,NL,1
1d56f335,NL,1,NL,NL,0,Western,1,1992,2,1,1956,1954,NL,1
1d602ab9,NL,1,NL,NL,0,Western,1,1965,2,1,1927,1930,NL,1
1d616627,France,2,NL,NL,0,Western,2,1960,2,1,1940,1938,France,0
1d6438a6,US,2,NL,France,1,Western,1,1990,2,1,1968,1964,US,0
1d67f7fb,France,2,NL,NL,0,Western,2,1967,2,1,1932,1930,France,0
1d6add99,NL,1,France,France,2,Western,2,1961,2,1,1932,1922,NL,1
1d6d4ed3,NL,1,NL,France,1,Western,2,1999,2,1,1973,1967,NL,1
1d75ebb6,NL,2,NL,France,1,Western,0,1958,2,1,1925,1930,NL,1
1d7f4425,NL,2,NL,NL,0,Western,1,1953,2,1,1922,1929,NL,1
1d897af1,NL,2,US,France,2,Western,0,1998,2,1,1969,1969,NL,1
1d8b43df,NL,2,NL,Egypt,1,Western,1,1964,2,1,1930,1936,NL,1
1d8e680d,NL,1,NL,NL,0,Western,1,1967,2,1,1939,1945,NL,1
1d939c41,NL,1,NL,NL,0,Western,0,1961,2,1,1924,1922,NL,1
1d965155,NL,2,NL,NL,0,Western,1,1968,2,1,1931,1940,NL,1
1d9cc71e,NL,2,NL,NL,0,Western,2,1987,2,1,1960,1949,NL,1
1d9df66f,NL,2,NL,NL,0,Western,1,1959,2,1,1924,1923,NL,1
1d9fbb0f,NL,1,NL,NL,0,Western,1,1998,2,1,1975,1964,NL,1
1da4bbf6,NL,1,Egypt,NL,1,Western,0,1990,2,1,1959,1967,NL,1
1daf7677,NL,1,NL,NL,0,Western,1,1997,2,1,1975,1965,NL,1
1db290f5,NL,2,France,NL,1,Western,1,1992,2,1,1962,1959,NL,1
1dbbcc11,NL,1,NL,NL,0,Western,1,1991,2,1,1968,1956,NL,1
1dc01357,NL,1,NL,France,1,Western,0,1968,2,1,1944,1929,NL,1
1dc16dc2,NL,2,NL,NL,0,Western,0,1987,2,1,1962,1965,NL,1
1dc5cdc4,NL,1,NL,NL,0,Western,1,1955,2,1,1926,1923,NL,1
1dcc4513,NL,1,US,NL,1,Western,1,1986,2,1,1956,1956,NL,1
1dcdb521,NL,1,NL,NL,0,Western,0,1983,2,1,1944,1946,NL,1
1dd02359,NL,1,NL,NL,0,Western,2,1955,2,1,1932,1927,NL,1
1de42973,NL,2,NL,US,1,Western,2,1957,2,1,1935,1929,NL,1
1de5ec52,NL,1,NL,NL,0,Western,2,1985,2,1,1956,1954,NL,1
1de70f6f,NL,-,NL,France,1,Western,2,1990,2,1,1965,1969,NL,1
1de9d675,NL,-,NL,NL,0,Western,0,1999,2,1,1963,1965,NL,1
1df0b210,France,1,US,NL,1,Western,0,1967,2,1,1940,1928,France,0
1df1b355,NL,2,NL,NL,0,Western,0,1980,2,1,1957,1950,NL,1
1df3dfd7,NL,1,France,NL,1,Western,1,1965,2,1,1942,1944,NL,1
1df47988,NL,2,France,NL,1,Western,1,1956,2,1,1934,1923,NL,1
1df74b89,NL,1,NL,NL,0,Western,0,1985,2,1,1946,1947,NL,1
1df84eb4,France,2,France,NL,1,Western,2,1980,2,1,1960,1945,France,0
1e0d7e1f,NL,2,NL,NL,0,Western,1,1986,2,1,1958,1963,NL,1
1e11d554,NL,1,NL,NL,0,Western,1,1994,2,1,1957,1962,NL,1
1e17ab28,NL,2,NL,NL,0,Western,0,1996,2,1,1958,1963,NL,1
1e1f4744,NL,2,NL,NL,0,Western,1,1985,2,1,1951,1961,NL,1
1e211c74,NL,2,NL,NL,0,Western,2,1984,2,1,1961,1952,NL,1
1e23ce28,France,2,NL,NL,0,Western,2,1988,2,1,1964,1951,France,0
1e242b4f,NL,1,NL,NL,0,Western,1,1984,2,1,1962,1962,NL,1
1e2c27f6,NL,2,NL,NL,0,Western,0,1998,2,1,1977,1966,NL,1
1e37dc87,France,1,NL,NL,0,Western,2,1953,2,1,1927,1922,France,0
1e3bd42a,NL,1,NL,NL,0,Western,0,1989,2,1,1965,1954,NL,1
1e57a4a6,NL,2,NL,NL,0,Western,1,1989,2,1,1967,1966,NL,1
1e592850,France,2,NL,NL,0,Western,0,1984,2,1,1953,1950,France,0
1e5dadc3,NL,1,NL,NL,0,Western,2,1964,2,1,1941,1936,NL,1
1e5dd5ef,NL,2,NL,NL,0,Western,2,1982,2,1,1954,1952,NL,1
1e76e24c,US,2,NL,NL,0,Western,2,1985,2,1,1956,1963,US,0
1e77c854,NL,1,NL,NL,0,Western,0,1982,2,1,1960,1943,NL,1
1e7d95e7,NL,2,NL,France,1,Western,2,1965,2,1,1939,1926,NL,1
1e83b367,NL,2,NL,NL,0,Western,1,1963,2,1,1936,1934,NL,1
1e8c4217,NL,2,France,NL,1,Western,0,1996,2,1,1972,1958,NL,1
1e8e3933,NL,2,NL,NL,0,Western,0,1970,2,1,1932,1943,NL,1
1e918687,NL,2,France,NL,1,Western,2,1987,2,1,1948,1960,NL,1
1e985467,France,-,France,NL,1,Western,0,1989,2,1,1954,1955,France,0
1ea14ee1,NL,2,NL,NL,0,Western,0,1966,2,1,1927,1946,NL,1
1eaf3b62,NL,1,NL,NL,0,Western,0,1996,2,1,1971,1958,NL,1
1eb115ef,NL,1,NL,NL,0,Western,0,1995,2,1,1970,1972,NL,1
1eba44ce,NL,1,NL,NL,0,Western,0,1967,2,1,1939,1944,NL,1
1ebeddc1,NL,1,France,NL,1,Western,1,1986,2,1,1954,1963,NL,1
1ec0cf8b,NL,1,NL,NL,0,Western,2,1983,2,1,1960,1954,NL,1
1ec1f671,NL,1,NL,NL,0,Western,0,1990,2,1,1968,1961,NL,1
1ed5e763,NL,1,NL,Egypt,1,Western,0,1998,2,1,1966,1959,NL,1
1ee117e6,NL,1,NL,NL,0,Western,2,1951,2,1,1929,1915,NL,1
1ee138bf,NL,2,NL,NL,0,Western,1,1954,2,1,1915,1918,NL,1
1eed89f2,NL,1,NL,NL,0,Western,1,1969,2,1,1935,1947,NL,1
1ef0fe8c,NL,2,NL,NL,0,Western,2,1982,2,1,1959,1944,NL,1
1ef2e0eb,NL,2,France,US,2,Western,1,1955,2,1,1935,1934,NL,1
1f019bc2,France,1,NL,NL,0,Western,0,1984,2,1,1961,1958,France,0
1f01aae9,NL,1,NL,NL,0,Western,0,1983,2,1,1960,1959,NL,1
1f038b5d,NL,1,NL,NL,0,Western,0,1962,2,1,1935,1930,NL,1
1f07543a,France,1,NL,France,1,Western,0,1958,2,1,1928,1933,France,0
1f0f44d8,NL,2,NL,NL,0,Western,1,1952,2,1,1931,1929,NL,1
1f1097b3,NL,2,NL,NL,0,Western,1,1982,2,1,1957,1958,NL,1
1f15793e,NL,2,NL,NL,0,Western,1,1991,2,1,1962,1965,NL,1
1f15e10a,NL,1,France,NL,1,Western,1,1992,2,1,1969,1953,NL,1
1f1714a7,NL,1,NL,NL,0,Western,1,1962,2,1,1931,1929,NL,1
1f1a3392,NL,2,NL,NL,0,Western,2,1991,2,1,1971,1964,NL,1
1f1afef1,NL,2,NL,France,1,Western,1,1956,2,1,1935,1928,NL,1
1f26d1d3,NL,1,NL,NL,0,Western,2,1999,2,2,1960,1979,NL,1
1f27204d,Egypt,1,US,NL,1,Non-Western,1,1959,2,1,1934,1923,Egypt,0
1f27ccb4,NL,1,NL,NL,0,Western,2,1981,2,1,1951,1954,NL,1
1f34769d,NL,2,NL,NL,0,Western,1,1966,2,1,1934,1932,NL,1
1f3befc1,NL,1,NL,NL,0,Western,1,1954,2,1,1929,1926,NL,1
1f419fc3,NL,2,NL,NL,0,Western,1,1993,2,1,1966,1961,NL,1
1f436c0d,NL,2,NL,NL,0,Western,2,1990,2,1,1966,1970,NL,1
1f4f6580,NL,2,NL,France,1,Western,1,1963,2,1,1932,1927,NL,1
1f5422d4,France,1,France,NL,1,Western,0,1981,2,1,1953,1944,France,0
1f5c7451,NL,2,NL,NL,0,Western,2,1962,2,1,1923,1924,NL,1
1f5d50ea,NL,1,France,NL,1,Western,1,1993,2,1,1956,1958,NL,1
1f62b6bc,France,2,NL,France,1,Western,2,1969,2,1,1949,1941,France,0
1f637893,Egypt,2,Egypt,France,2,Non-Western,1,1962,2,1,1932,1923,Egypt,0
1f6be337,US,1,NL,NL,0,Western,1,1958,1,1,1937,1938,US,0
1f70ce1b,NL,1,NL,NL,0,Western,1,1992,2,1,1954,1971,NL,1
1f776a59,Egypt,2,NL,NL,0,Non-Western,1,1990,2,1,1963,1959,Egypt,0
1f94f748,NL,1,France,NL,1,Western,0,1993,2,1,1956,1967,NL,1
1f957d0a,France,2,NL,NL,0,Western,2,1968,2,1,1945,1943,France,0
1f96a0fe,NL,1,NL,NL,0,Western,1,1966,2,1,1928,1932,NL,1
1f9e2f85,NL,2,France,NL,1,Western,1,1966,2,1,1928,1943,NL,1
1fa06dff,NL,2,NL,NL,0,Western,1,1983,2,1,1948,1957,NL,1
1fbdbd42,NL,2,NL,NL,0,Western,2,1964,2,1,1943,1925,NL,1
1fc3ac72,NL,2,NL,NL,0,Western,1,1968,2,1,1930,1944,NL,1
1fd4291a,France,2,NL,NL,0,Western,2,1984,2,1,1947,1949,France,0
1fd7815d,France,1,NL,NL,0,Western,2,1950,2,1,1919,1918,France,0
1fec2123,NL,2,NL,NL,0,Western,0,1997,2,1,1972,1963,NL,1
1ff2261a,NL,1,NL,France,1,Western,0,1958,2,1,1934,1933,NL,1
1ff8e50f,NL,1,NL,NL,0,Western,1,1988,2,1,1955,1959,NL,1
1ffd7fc7,NL,1,NL,NL,0,Western,0,1956,2,1,1929,1933,NL,1
20015b2f,Egypt,2,NL,NL,0,Non-Western,1,1980,2,1,1949,1952,Egypt,0
2003a3de,France,2,NL,France,1,Western,0,1964,2,1,1940,1937,France,0
2008f372,NL,1,NL,NL,0,Western,1,1984,2,1,1946,1948,NL,1
200fa604,NL,1,NL,NL,0,Western,1,1955,2,1,1916,1922,NL,1
200fe015,NL,1,NL,NL,0,Western,2,1958,1,1,1932,1928,NL,1
2013df44,NL,1,NL,NL,0,Western,0,1969,2,1,1941,1947,NL,1
201475f3,NL,2,NL,NL,0,Western,0,1984,2,1,1946,1947,NL,1
20151f00,Egypt,1,Egypt,NL,1,Non-Western,1,1970,2,1,1939,1944,Egypt,0
2018f0ca,NL,2,NL,NL,0,Western,1,1966,-,1,1940,1935,NL,1
201c9896,NL,1,NL,Egypt,1,Western,1,1958,2,1,1920,1924,NL,1
201edeee,NL,1,NL,NL,0,Western,1,1953,2,1,1927,1929,NL,1
2020ae25,NL,1,NL,NL,0,Western,1,1956,2,1,1921,1934,NL,1
202b8d62,NL,1,France,NL,1,Western,1,1994,2,1,1963,1959,NL,1
202b90d4,NL,1,NL,NL,0,Western,1,1998,2,1,1960,1961,NL,1
20309331,NL,2,France,NL,1,Western,-,1965,2,1,1928,1943,NL,1
20336f6b,NL,2,France,NL,1,Western,1,1967,2,1,1930,1937,NL,1
2037705f,NL,1,France,NL,1,Western,1,1989,2,1,1968,1965,NL,1
203e8ddd,NL,2,NL,NL,0,Western,1,1950,2,1,1911,1914,NL,1
203f674b,Egypt,2,NL,NL,0,Non-Western,0,1985,2,1,1959,1952,Egypt,0
204483da,NL,1,NL,NL,0,Western,2,1984,2,1,1960,1959,NL,1
20530599,NL,2,NL,NL,0,Western,1,1950,2,1,1929,1930,NL,1
206e8b2c,NL,1,France,NL,1,Western,2,1997,2,1,1965,1976,NL,1
2076f252,NL,2,NL,NL,0,Western,2,1958,2,1,1930,1926,NL,1
2080529b,NL,1,NL,NL,0,Western,1,1958,2,1,1932,1926,NL,1
20821962,NL,2,US,NL,1,Western,0,1985,2,1,1963,1959,NL,1
2083bf03,France,2,NL,NL,0,Western,2,1965,2,1,1934,1930,France,0
20928183,France,1,France,NL,1,Western,0,1951,2,1,1921,1922,France,0
20963e01,Egypt,2,NL,NL,0,Non-Western,0,1967,2,1,1929,1938,Egypt,0
209aac86,NL,2,France,NL,1,Western,0,1970,2,1,1944,1931,NL,1
209cef7e,NL,1,NL,NL,0,Western,1,1998,2,1,1961,1965,NL,1
209ffe9d,NL,2,NL,NL,0,Western,1,1968,2,1,1940,1947,NL,1
20a00c9c,NL,1,France,NL,1,Western,2,1993,2,1,1960,1973,NL,1
20aa4811,NL,1,France,NL,1,Western,1,1989,2,1,1961,1968,NL,1
20ac7385,France,1,France,NL,1,Western,2,1963,2,1,1938,1940,France,0
20ae0303,France,2,US,NL,1,Western,1,1962,2,1,1924,1927,France,0
20c019e4,NL,1,NL,NL,0,Western,0,1992,2,1,1966,1972,NL,1
20c2298b,NL,1,NL,France,1,Western,1,1970,2,1,1948,1949,NL,1
20ccff40,NL,2,NL,France,1,Western,1,1953,2,1,1924,1922,NL,1
20ceae67,NL,1,NL,France,1,Western,2,1982,2,1,1955,1943,NL,1
20d3aa2e,Egypt,1,France,NL,1,Non-Western,1,1956,2,1,1936,1926,Egypt,0
20d766d3,NL,2,NL,NL,0,Western,1,1962,2,1,1932,1933,NL,1
20d7f575,NL,2,NL,NL,0,Western,2,1957,2,1,1927,1923,NL,1
20da2385,France,2,NL,France,1,Western,0,1959,2,1,1936,1931,France,0
20ddecae,NL,1,US,NL,1,Western,1,1963,2,1,1940,1925,NL,1
20e40a96,NL,1,NL,NL,0,Western,1,1965,2,1,1942,1944,NL,1
20ec3763,NL,1,NL,NL,0,Western,2,1967,2,1,1943,1937,NL,1
20ee866b,NL,1,NL,NL,0,Western,2,1956,2,1,1921,1926,NL,1
20f19bf9,NL,1,NL,NL,0,Western,0,1953,2,1,1930,1924,NL,1
20f3c9eb,NL,1,NL,NL,0,Western,2,1989,2,1,1968,1957,NL,1
20ff2d0f,NL,2,France,NL,1,Western,1,1984,2,1,1961,1960,NL,1
20ff9495,NL,1,NL,France,1,Western,1,1992,2,1,1966,1963,NL,1
2102fecc,NL,1,France,NL,1,Western,0,1957,2,1,1925,1927,NL,1
21045cd6,NL,1,NL,NL,0,Western,0,1955,2,1,1932,1933,NL,1
2107f28b,NL,1,NL,NL,0,Western,2,1970,2,1,1943,1937,NL,1
2109e14e,NL,1,US,NL,1,Western,1,1951,2,1,1929,1931,NL,1
211460f2,NL,1,NL,NL,0,Western,0,1954,2,1,1919,1929,NL,1
2118e9d8,NL,2,NL,NL,0,Western,0,1982,2,1,1958,1962,NL,1
211d7588,NL,1,NL,NL,0,Western,0,1955,2,1,1927,1919,NL,1
2122c2a0,France,1,NL,NL,0,Western,2,1960,2,1,1939,1928,France,0
2123fc4d,NL,1,France,NL,1,Western,0,1968,2,1,1933,1933,NL,1
2129fbd5,NL,1,NL,NL,0,Western,2,1956,2,1,1919,1924,NL,1
212cb044,NL,1,NL,NL,0,Western,2,1991,2,1,1961,1960,NL,1
213a5f93,NL,2,NL,NL,0,Western,1,1957,2,1,1918,1926,NL,1
213ab92a,NL,2,NL,NL,0,Western,2,1980,2,1,1960,1941,NL,1
213f3d55,NL,1,NL,NL,0,Western,2,1983,2,1,1951,1963,NL,1
21482210,NL,1,NL,NL,0,Western,1,1957,2,1,1919,1925,NL,1
21496cbc,NL,1,France,NL,1,Western,0,1981,2,1,1950,1945,NL,1
2156791d,NL,2,NL,NL,0,Western,1,1990,2,1,1961,1964,NL,1
2158fae0,NL,2,NL,NL,0,Western,0,1988,2,1,1950,1956,NL,1
21590bca,NL,2,NL,NL,0,Western,2,1981,2,1,1947,1953,NL,1
215a766d,NL,1,NL,NL,0,Western,0,1965,2,1,1926,1942,NL,1
215bae3c,NL,1,NL,NL,0,Western,2,1983,2,1,1948,1961,NL,1
215c2e78,NL,2,France,NL,1,Western,2,1992,2,1,1955,1958,NL,1
215ce4b5,NL,1,NL,NL,0,Western,0,1963,2,1,1940,1935,NL,1
21614021,NL,2,NL,France,1,Western,2,1982,2,1,1954,1946,NL,1
21655900,France,1,France,NL,1,Western,0,1955,2,1,1923,1921,France,0
2167c1d3,NL,1,NL,France,1,Western,0,1996,2,1,1964,1966,NL,1
216b598a,NL,2,NL,NL,0,Western,1,1962,2,1,1934,1925,NL,1
216cc244,NL,2,NL,NL,0,Western,2,1997,2,1,1968,1969,NL,1
21737d78,France,1,NL,NL,0,Western,1,1980,2,1,1941,1943,France,0
21739761,NL,1,France,NL,1,Western,1,1955,2,1,1919,1918,NL,1
2176285d,NL,2,NL,NL,0,Western,1,1961,2,1,1927,1930,NL,1
2181a454,NL,1,NL,NL,0,Western,1,1960,2,1,1932,1934,NL,1
218903e1,NL,1,France,NL,1,Western,2,1950,2,1,1922,1916,NL,1
218db6d1,NL,1,NL,NL,0,Western,2,1993,2,1,1957,1957,NL,1
218fbd55,NL,1,NL,NL,0,Western,0,1983,2,1,1955,1949,NL,1
219b0791,NL,1,NL,NL,0,Western,2,1981,2,1,1953,1951,NL,1
219fa8e2,NL,1,NL,NL,0,Western,2,1956,2,1,1926,1924,NL,1
21a18ba5,NL,1,NL,France,1,Western,1,1996,2,1,1966,1970,NL,1
21a68758,NL,1,US,NL,1,Western,0,1992,2,1,1956,1955,NL,1
21ac7af8,NL,2,NL,France,1,Western,0,1969,2,1,1945,1949,NL,1
21aec3fc,NL,1,NL,France,1,Western,2,1952,2,1,1931,1922,NL,1
21b4e2f4,NL,1,NL,NL,0,Western,0,1987,1,1,1966,1966,NL,1
21b91614,NL,2,NL,NL,0,Western,0,1969,2,1,1947,1945,NL,1
21b9d5b1,NL,1,NL,NL,0,Western,0,1969,2,1,1934,1935,NL,1
21bce722,NL,1,NL,NL,0,Western,0,1958,2,2,1933,1932,NL,1
21bdfa8f,NL,1,NL,NL,0,Western,1,1992,2,1,1960,1956,NL,1
21c01aff,NL,2,NL,NL,0,Western,1,1967,2,1,1929,1937,NL,1
21c43d89,NL,1,NL,France,1,Western,0,1969,2,1,1940,1947,NL,1
21ce6013,France,2,France,NL,1,Western,2,1980,2,1,1958,1942,France,0
21e5d5b2,France,2,NL,NL,0,Western,-,1988,2,1,1958,1954,France,0
21e7dfaf,NL,1,NL,Egypt,1,Western,2,1964,2,1,1944,1925,NL,1
21eeadd7,NL,2,NL,NL,0,Western,0,1950,2,1,1927,1911,NL,1
21fb6452,NL,1,NL,France,1,Western,2,1992,2,1,1966,1957,NL,1
22076af3,NL,1,NL,NL,0,Western,1,1995,2,1,1975,1974,NL,1
220d210a,France,2,NL,NL,0,Western,0,1966,2,1,1933,1931,France,0
220d8d24,NL,1,NL,NL,0,Western,2,1984,2,1,1950,1956,NL,1
2217b83e,France,1,NL,France,1,Western,0,1953,2,1,1914,1920,France,0
22254b4d,NL,2,France,NL,1,Western,0,1991,2,1,1970,1962,NL,1
222b91bd,NL,1,NL,NL,0,Western,0,1952,2,1,1928,1921,NL,1
222edc39,NL,2,NL,France,1,Western,2,1982,2,1,1943,1955,NL,1
223d9fa8,France,1,NL,NL,0,Western,2,1966,2,1,1938,1936,France,0
22475d3a,NL,2,NL,NL,0,Western,1,1992,2,1,1960,1965,NL,1
22586eb8,NL,-,France,NL,1,Western,2,1997,2,1,1966,1963,NL,1
2265c48a,NL,2,NL,France,1,Western,2,1989,2,1,1965,1962,NL,1
2266509c,US,2,NL,NL,0,Western,1,1989,2,1,1962,1954,US,0
2271f95b,NL,1,NL,NL,0,Western,2,1958,2,1,1931,1922,NL,1
2276cd85,NL,2,NL,NL,0,Western,2,1952,2,1,1913,1924,NL,1
229b5bb9,NL,1,France,NL,1,Western,0,1993,1,1,1965,1955,NL,1
229d69d8,NL,1,Egypt,NL,1,Western,2,1958,2,1,1922,1931,NL,1
22a12cfe,NL,1,NL,NL,0,Western,2,1959,2,1,1924,1934,NL,1
22bdae7a,NL,2,NL,NL,0,Western,2,1958,2,1,1920,1931,NL,1
22c16789,NL,2,NL,NL,0,Western,0,1992,2,1,1966,1968,NL,1
22c52e2b,Egypt,2,NL,NL,0,Non-Western,2,1960,2,1,1933,1936,Egypt,0
22c7ce33,NL,2,NL,NL,0,Western,0,1965,2,1,1930,1926,NL,1
22ca6794,NL,2,NL,NL,0,Western,0,1969,2,1,1934,1949,NL,1
22cb5d5a,France,1,France,France,2,Western,1,1950,2,1,1921,1927,France,0
22d31c5d,NL,1,France,NL,1,Western,1,1994,2,1,1973,1960,NL,1
22d4273f,NL,2,NL,NL,0,Western,0,1967,2,1,1945,1931,NL,1
22da7773,NL,1,France,NL,1,Western,1,1987,2,1,1961,1950,NL,1
22ec3dbe,NL,1,NL,NL,0,Western,2,1982,2,1,1956,1950,NL,1
22f0076a,NL,1,NL,NL,0,Western,1,1963,2,1,1943,1927,NL,1
22f76c5e,NL,1,NL,NL,0,Western,1,1982,2,1,1948,1961,NL,1
22fab15d,NL,2,NL,NL,0,Western,1,1968,2,1,1930,1938,NL,1
23038b19,NL,2,NL,NL,0,Western,2,1961,2,1,1939,1930,NL,1
2309174e,NL,1,NL,NL,0,Western,2,1982,2,1,1943,1943,NL,1
2309e7a3,NL,1,NL,NL,0,Western,2,1980,2,1,1946,1954,NL,1
230bd944,NL,2,NL,NL,0,Western,2,1960,2,1,1928,1930,NL,1
230bf2a4,NL,1,NL,France,1,Western,0,1997,2,1,1970,1968,NL,1
230f962a,NL,2,NL,NL,0,Western,1,1982,2,1,1945,1954,NL,1
2311e7e1,NL,1,NL,NL,0,Western,0,1989,2,1,1963,1963,NL,1
2315b0f4,France,1,NL,NL,0,Western,1,1966,2,1,1933,1934,France,0
2320fe2f,NL,1,NL,NL,0,Western,1,1968,2,1,1933,1940,NL,1
2327ff3c,NL,2,France,NL,1,Western,2,1983,2,1,1959,1944,NL,1
232aced7,US,1,France,NL,1,Western,1,1961,2,1,1922,1930,US,0
232b471b,NL,2,NL,NL,0,Western,2,1970,2,1,1933,1938,NL,1
232be73b,NL,2,Egypt,France,2,Western,2,1997,2,1,1960,1974,NL,1
233589b4,NL,2,NL,NL,0,Western,1,1960,2,1,1936,1929,NL,1
23382aa5,NL,1,NL,NL,0,Western,0,1951,2,1,1914,1922,NL,1
23466919,NL,1,NL,NL,0,Western,0,1991,2,1,1965,1970,NL,1
23482e37,NL,1,NL,NL,0,Western,2,1989,2,1,1959,1958,NL,1
234cd6c2,NL,2,NL,NL,0,Western,2,1956,2,1,1928,1920,NL,1
234e0618,NL,2,NL,NL,0,Western,1,1963,2,1,1943,1937,NL,1
234e8cb1,NL,2,NL,NL,0,Western,0,1993,2,1,1962,1964,NL,1
2351a873,NL,2,NL,NL,0,Western,1,1981,2,1,1957,1949,NL,1
2356ec8e,NL,1,NL,NL,0,Western,-,1987,2,1,1967,1948,NL,1
235e2115,NL,1,US,France,2,Western,1,1952,2,1,1926,1922,NL,1
2361da7d,France,1,US,NL,1,Western,0,1955,2,1,1931,1932,France,0
236a92a2,NL,1,NL,NL,0,Western,0,1982,2,1,1946,1945,NL,1
2370fd7b,NL,2,NL,France,1,Western,1,1983,2,1,1950,1951,NL,1
23759038,NL,1,NL,NL,0,Western,1,1995,2,1,1971,1972,NL,1
23776292,NL,1,France,US,2,Western,2,1953,2,1,1923,1922,NL,1
2379ae2b,NL,2,NL,NL,0,Western,1,1994,2,1,1965,1974,NL,1
237e7816,France,1,France,NL,1,Western,2,1985,2,1,1954,1962,France,0
23846fef,NL,2,NL,NL,0,Western,0,1985,2,1,1957,1947,NL,1
238bf2ab,NL,2,NL,US,1,Western,1,1955,2,1,1920,1919,NL,1
239b42de,NL,2,US,US,2,Western,2,1983,2,1,1961,1946,NL,1
23a218a7,NL,2,NL,NL,0,Western,1,1965,2,1,1936,1939,NL,1
23a26729,NL,1,NL,France,1,Western,1,1983,2,1,1956,1950,NL,1
23a26ec5,France,2,France,NL,1,Western,0,1950,2,1,1917,1922,France,0
23a6cfea,NL,2,NL,NL,0,Western,0,1969,2,1,1938,1939,NL,1
23a8af7c,NL,1,NL,NL,0,Western,1,1997,2,1,1967,1959,NL,1
23b43e22,NL,2,NL,NL,0,Western,0,1982,2,1,1950,1945,NL,1
23bc62d5,NL,2,NL,NL,0,Western,1,1960,2,1,1935,1929,NL,1
23bfe72c,NL,2,NL,NL,0,Western,0,1988,2,1,1960,1951,NL,1
23c102af,US,2,NL,France,1,Western,0,1950,2,1,1929,1916,US,0
23c8a524,NL,2,NL,NL,0,Western,0,1998,2,1,1967,1969,NL,1
23cc9e99,NL,2,NL,NL,0,Western,1,1980,2,1,1943,1946,NL,1
23e0cf50,NL,1,NL,NL,0,Western,0,1992,2,1,1970,1964,NL,1
23e1d450,NL,1,NL,France,1,Western,1,1995,2,1,1957,1971,NL,1
23e827b0,NL,1,NL,NL,0,Western,1,1952,2,1,1931,1923,NL,1
23ea06e9,NL,1,NL,France,1,Western,1,1990,2,1,1962,1959,NL,1
23eaa695,NL,1,France,NL,1,Western,2,1986,2,1,1962,1962,NL,1
23f9bc5c,NL,1,NL,France,1,Western,2,1955,2,1,1934,1926,NL,1
23fbbb43,NL,1,NL,NL,0,Western,0,1970,2,1,1950,1935,NL,1
2402685c,US,1,NL,NL,0,Western,1,1985,2,1,1959,1956,US,0
24041340,NL,1,NL,NL,0,Western,2,1952,1,1,1931,1921,NL,1
2411b695,France,2,NL,NL,0,Western,1,1962,2,1,1937,1934,France,0
24127b3e,NL,2,NL,France,1,Western,1,1955,2,1,1917,1935,NL,1
2413ab1f,US,1,NL,NL,0,Western,0,1956,2,1,1928,1917,US,0
241be019,NL,1,NL,France,1,Western,1,1956,2,1,1930,1917,NL,1
2420a0e8,NL,2,NL,NL,0,Western,2,1996,2,1,1961,1964,NL,1
24230625,NL,1,NL,NL,0,Western,1,1987,2,1,1966,1956,NL,1
242582ba,France,2,NL,France,1,Western,1,1968,2,1,1937,1929,France,0
2425c8df,NL,2,NL,NL,0,Western,1,1980,2,1,1950,1947,NL,1
2427ec37,NL,1,NL,NL,0,Western,1,1997,2,1,1974,1972,NL,1
2428fa4a,NL,2,NL,NL,0,Western,2,1967,2,1,1944,1942,NL,1
242b6b8e,NL,2,NL,NL,0,Western,2,1986,2,1,1954,1965,NL,1
242d595f,US,2,NL,NL,0,Western,1,1988,2,1,1962,1950,US,0
242e36f7,NL,2,NL,NL,0,Western,2,1958,2,1,1921,1937,NL,1
242ec6cd,NL,1,NL,France,1,Western,2,1991,2,1,1967,1968,NL,1
24308e4d,NL,1,NL,NL,0,Western,1,1983,2,1,1955,1953,NL,1
24337484,NL,2,NL,NL,0,Western,0,1995,2,1,1956,1970,NL,1
24356081,NL,2,NL,NL,0,Western,2,1984,2,1,1948,1950,NL,1
243999fd,NL,1,NL,NL,0,Western,2,1967,2,1,1935,1942,NL,1
243b38dc,NL,2,NL,NL,0,Western,2,1988,2,1,1952,1949,NL,1
244125ad,NL,2,France,NL,1,Western,2,1995,2,1,1959,1964,NL,1
2444b88f,France,1,NL,NL,0,Western,2,1966,2,1,1937,1930,France,0
24535d72,NL,2,NL,NL,0,Western,2,1982,2,1,1945,1960,NL,1
24537d85,NL,2,NL,NL,0,Western,2,1965,2,1,1938,1936,NL,1
24565357,NL,2,NL,France,1,Western,2,1955,2,1,1916,1918,NL,1
2457f842,France,1,NL,NL,0,Western,0,1954,2,1,1930,1927,France,0
24585a0d,NL,1,NL,NL,0,Western,1,1992,2,1,1961,1954,NL,1
24587c09,NL,1,NL,NL,0,Western,2,1998,2,1,1969,1975,NL,1
245e910d,NL,2,NL,NL,0,Western,1,1980,2,1,1952,1953,NL,1
24608195,Egypt,1,NL,NL,0,Non-Western,2,1954,2,1,1926,1915,Egypt,0
2462dc0c,NL,1,US,NL,1,Western,2,1993,2,1,1970,1960,NL,1
246b9e3b,France,1,NL,NL,0,Western,-,1965,2,1,1932,1928,France,0
246febb7,France,1,NL,NL,0,Western,1,1952,2,1,1916,1926,France,0
2470c7c3,NL,2,NL,France,1,Western,2,1964,2,1,1935,1942,NL,1
2474fbaa,France,1,NL,NL,0,Western,1,1981,2,1,1955,1953,France,0
2476141f,NL,1,NL,France,1,Western,2,1956,2,1,1928,1925,NL,1
247acbcd,NL,-,France,NL,1,Western,1,1960,2,1,1933,1929,NL,1
247fcf9c,France,2,France,NL,1,Western,0,1952,2,1,1917,1927,France,0
248836b8,NL,1,NL,NL,0,Western,1,1957,2,1,1920,1926,NL,1
24894e2a,NL,2,NL,NL,0,Western,0,1954,2,1,1924,1924,NL,1
248acc87,NL,1,NL,NL,0,Western,1,1993,2,1,1960,1962,NL,1
24917ab0,NL,1,NL,NL,0,Western,2,1968,2,1,1942,1947,NL,1
24a72fda,NL,2,NL,NL,0,Western,2,1990,2,1,1970,1966,NL,1
24a9377e,NL,2,NL,NL,0,Western,1,1955,2,1,1929,1917,NL,1
24b4734a,NL,1,NL,NL,0,Western,0,1964,2,-,1941,1936,NL,1
24b8fc50,NL,1,France,NL,1,Western,2,1958,2,1,1930,1928,NL,1
24be25e7,NL,1,NL,NL,0,Western,1,1989,2,1,1955,1969,NL,1
24bff6d3,France,-,NL,NL,0,Western,2,1959,2,1,1932,1930,France,0
24c1b291,NL,1,NL,NL,0,Western,2,1998,2,1,1969,1975,NL,1
24c44754,NL,1,NL,NL,0,Western,0,1965,2,1,1939,1935,NL,1
24c4a9fa,NL,1,NL,NL,0,Western,0,1952,2,1,1921,1914,NL,1
24cc9b84,France,2,NL,NL,0,Western,1,1983,2,1,1956,1963,France,0
24cdab25,NL,2,France,NL,1,Western,0,1969,2,1,1949,1937,NL,1
24cee02a,France,2,NL,NL,0,Western,1,1952,2,1,1927,1929,France,0
24d39768,France,2,NL,NL,0,Western,0,1988,1,1,1952,1964,France,0
24d57917,NL,2,NL,NL,0,Western,2,1952,2,1,1929,1925,NL,1
24d7eb34,NL,2,France,NL,1,Western,0,1967,2,1,1945,1934,NL,1
24db1436,NL,1,NL,France,1,Western,2,1985,2,1,1952,1959,NL,1
24dd1cae,NL,2,NL,France,1,Western,2,1987,2,1,1948,1967,NL,1
24e1252d,NL,1,NL,NL,0,Western,1,1983,2,1,1958,1962,NL,1
24e12c80,NL,2,NL,NL,0,Western,1,1955,2,1,1921,1927,NL,1
24e7c089,NL,1,France,NL,1,Western,1,1950,2,1,1919,1919,NL,1
24e87696,NL,2,NL,NL,0,Western,0,1981,2,1,1954,1955,NL,1
24e93aba,NL,1,France,NL,1,Western,0,1951,2,1,1931,1924,NL,1
24f03fdb,NL,2,France,France,2,Western,1,1991,2,1,1960,1971,NL,1
24f2bee3,NL,2,NL,NL,0,Western,1,1986,2,1,1965,1959,NL,1
24fc5963,NL,1,NL,France,1,Western,1,1965,2,1,1936,1938,NL,1
24fd1e6f,NL,1,NL,NL,0,Western,1,1964,2,1,1927,1943,NL,1
2501e10e,NL,2,Egypt,NL,1,Western,0,1968,2,1,1948,1940,NL,1
250df8a7,NL,1,NL,NL,0,Western,0,1987,2,1,1952,1958,NL,1
2515a84e,NL,1,US,NL,1,Western,1,1983,2,1,1954,1960,NL,1
251dbb5e,NL,1,NL,NL,0,Western,1,1970,2,1,1944,1931,NL,1
2521a0e4,NL,1,NL,France,1,Western,1,1983,2,1,1957,1952,NL,1
2522912f,NL,1,NL,NL,0,Western,1,1988,2,1,1952,1965,NL,1
252620c3,NL,2,NL,France,1,Western,2,1970,2,1,1950,1945,NL,1
2526e374,France,2,France,NL,1,Western,1,1958,2,1,1924,1933,France,0
2529c234,NL,1,NL,NL,0,Western,0,1950,2,1,1922,1917,NL,1
25348029,NL,1,NL,NL,0,Western,0,1987,2,1,1948,1966,NL,1
25348964,NL,2,France,NL,1,Western,2,1983,2,1,1950,1944,NL,1
25406a94,NL,2,NL,France,1,Western,0,1964,2,1,1928,1939,NL,1
254d72ad,NL,1,NL,NL,0,Western,2,1951,2,1,1918,1918,NL,1
2550dca1,NL,2,NL,NL,0,Western,2,1955,2,1,1930,1919,NL,1
2553cd84,NL,2,NL,NL,0,Western,1,1985,2,1,1947,1956,NL,1
255c83ab,France,1,NL,NL,0,Western,2,1959,2,1,1939,1935,France,0
256310a4,NL,1,NL,NL,0,Western,0,1994,2,1,1966,1957,NL,1
2563296d,NL,2,NL,NL,0,Western,1,1998,2,1,1971,1972,NL,1
25680cb8,NL,2,NL,NL,0,Western,0,1996,2,1,1968,1969,NL,1
256e0eee,NL,1,NL,NL,0,Western,1,1981,2,1,1961,1946,NL,1
2574209e,France,1,NL,NL,0,Western,1,1983,2,1,1960,1952,France,0
25836a3f,NL,1,NL,NL,0,Western,2,1994,2,1,1969,1963,NL,1
2585405a,NL,1,NL,NL,0,Western,0,1966,2,1,1941,1936,NL,1
258bb536,NL,2,NL,NL,0,Western,0,1967,2,1,1946,1935,NL,1
258f2537,NL,2,NL,NL,0,Western,0,1991,2,1,1963,1965,NL,1
258f8688,NL,2,NL,NL,0,Western,2,1966,2,1,1930,1940,NL,1
25930ab4,NL,2,NL,NL,0,Western,0,1996,2,1,1961,1964,NL,1
25945fe1,France,1,France,NL,1,Western,1,1952,2,1,1921,1918,France,0
259caa58,NL,2,NL,NL,0,Western,1,1987,2,1,1959,1956,NL,1
259e68bf,NL,2,NL,NL,0,Western,1,1952,2,1,1928,1916,NL,1
25a348ed,NL,2,NL,NL,0,Western,-,1987,2,1,1964,1959,NL,1
25a38f83,NL,1,France,France,2,Western,2,1992,2,1,1969,1954,NL,1
25ab19fc,NL,2,France,US,2,Western,2,1997,2,1,1976,1973,NL,1
25b1343a,NL,2,NL,NL,0,Western,2,1982,2,1,1949,1944,NL,1
25b17016,France,1,NL,NL,0,Western,1,1990,2,1,1969,1966,France,0
25b95379,NL,1,NL,France,1,Western,1,1970,-,1,1945,1939,NL,1
25c5a94e,NL,2,US,NL,1,Western,0,1995,2,1,1970,1956,NL,1
25cc7c5a,NL,1,NL,NL,0,Western,1,1997,2,1,1975,1974,NL,1
25d11f7a,NL,1,NL,France,1,Western,1,1999,2,1,1960,1975,NL,1
25d1c12b,NL,2,France,NL,1,Western,1,1981,2,1,1951,1948,NL,1
25d32342,NL,1,US,NL,1,Western,1,1957,2,1,1931,1931,NL,1
25d5891d,NL,1,NL,NL,0,Western,1,1952,2,1,1927,1927,NL,1
25daa6ab,NL,2,US,NL,1,Western,0,1996,2,1,1973,1959,NL,1
25df52b2,NL,2,US,NL,1,Western,2,1961,2,1,1938,1933,NL,1
25e266f8,NL,1,NL,NL,0,Western,0,1962,2,1,1939,1923,NL,1
25e8a751,France,1,NL,NL,0,Western,1,1987,2,1,1961,1953,France,0
25e96945,NL,1,NL,NL,0,Western,2,1992,2,1,1960,1956,NL,1
25efb810,NL,2,NL,NL,0,Western,0,1989,2,1,1953,1952,NL,1
25efbdca,NL,1,NL,NL,0,Western,1,1999,2,1,1968,1977,NL,1
25f62937,NL,2,NL,NL,0,Western,0,1954,2,1,1923,1924,NL,1
25f97a0a,NL,1,NL,NL,0,Western,0,1953,2,1,1920,1916,NL,1
25fe75ed,NL,1,NL,NL,0,Western,2,1981,2,1,1954,1950,NL,1
25ff36a6,NL,2,NL,NL,0,Western,1,1983,2,1,1948,1959,NL,1
260c2938,NL,2,NL,NL,0,Western,1,1989,2,1,1954,1951,NL,1
260e7644,NL,1,NL,NL,0,Western,2,1960,2,1,1930,1925,NL,1
261744e9,France,1,NL,NL,0,Western,0,1962,2,1,1936,1927,France,0
2620134c,NL,1,NL,NL,0,Western,0,1961,2,1,1934,1933,NL,1
262cee4f,NL,2,NL,NL,0,Western,0,1998,2,1,1972,1972,NL,1
26373122,NL,2,NL,NL,0,Western,0,1968,2,1,1942,1931,NL,1
263c0ada,NL,1,France,NL,1,Western,2,1950,2,1,1918,1919,NL,1
264b70b0,NL,1,NL,NL,0,Western,1,1955,2,1,1933,1927,NL,1
264d6d23,NL,2,US,NL,1,Western,0,1988,2,1,1958,1953,NL,1
265163e0,NL,1,France,NL,1,Western,1,1959,2,1,1922,1924,NL,1
265344cb,NL,2,France,NL,1,Western,0,1981,2,1,1952,1960,NL,1
26541d3d,NL,1,NL,NL,0,Western,0,1998,2,1,1971,1962,NL,1
2658415c,France,1,France,NL,1,Western,0,1984,2,1,1953,1959,France,0
2660314d,NL,1,France,NL,1,Western,2,1993,2,1,1961,1956,NL,1
2660a6d5,NL,1,NL,NL,0,Western,2,1989,2,1,1968,1955,NL,1
26618b11,France,2,NL,France,1,Western,1,1959,2,1,1939,1924,France,0
2664625a,France,1,NL,NL,0,Western,0,1957,2,1,1937,1920,France,0
2664b91f,NL,2,NL,NL,0,Western,1,1991,2,1,1970,1965,NL,1
2665a6ec,NL,2,NL,France,1,Western,2,1986,2,1,1947,1948,NL,1
2666b0c6,NL,2,Egypt,NL,1,Western,0,1969,2,1,1940,1945,NL,1
26680290,France,2,NL,NL,0,Western,2,1983,2,1,1957,1946,France,0
266cd6d3,NL,2,NL,NL,0,Western,0,1963,2,1,1928,1930,NL,1
2674aa40,NL,2,NL,NL,0,Western,0,1980,2,1,1956,1958,NL,1
2681011e,US,-,NL,NL,0,Western,2,1968,2,1,1942,1943,US,0
26899e3e,NL,2,NL,NL,0,Western,0,1997,2,1,1960,1963,NL,1
269e3cb1,NL,1,France,NL,1,Western,1,1981,2,1,1961,1947,NL,1
26a2ea0f,NL,1,Egypt,NL,1,Western,2,1966,2,1,1938,1936,NL,1
26a46b44,NL,1,NL,NL,0,Western,1,1959,2,1,1924,1935,NL,1
26a4bb29,US,2,NL,NL,0,Western,1,1961,2,1,1924,1929,US,0
26a88e5c,NL,2,NL,NL,0,Western,1,1999,2,1,1968,1976,NL,1
26abc241,NL,1,NL,NL,0,Western,1,1989,2,1,1961,1953,NL,1
26acde1e,NL,2,NL,France,1,Western,2,1966,2,1,1942,1941,NL,1
26b88d9d,NL,1,NL,NL,0,Western,0,1965,2,1,1942,1926,NL,1
26c0b545,NL,2,NL,NL,0,Western,2,1986,2,1,1956,1955,NL,1
26c4fdf5,NL,1,NL,France,1,Western,2,1982,2,1,1943,1944,NL,1
26c7bcdb,NL,1,NL,NL,0,Western,2,1970,2,1,1942,1931,NL,1
26d17e57,France,1,France,NL,1,Western,1,1950,2,1,1920,1914,France,0
26d1fd52,NL,1,NL,NL,0,Western,2,1983,2,1,1955,1954,NL,1
26d7cd60,NL,1,NL,NL,0,Western,0,1986,2,1,1948,1964,NL,1
26d98106,NL,1,NL,France,1,Western,1,1953,2,1,1925,1928,NL,1
26dadfeb,NL,2,NL,NL,0,Western,0,1950,2,1,1921,1926,NL,1
26e3c0dc,US,1,NL,NL,0,Western,0,1970,2,1,1934,1937,US,0
26fbc692,NL,1,NL,France,1,Western,0,1953,2,1,1922,1919,NL,1
26fbcce2,NL,2,France,NL,1,Western,1,1983,2,1,1961,1948,NL,1
2700d17e,NL,2,NL,NL,0,Western,2,1985,2,1,1960,1955,NL,1
2718cfb0,NL,1,US,NL,1,Western,2,1958,2,1,1928,1929,NL,1
271d3a78,NL,1,NL,NL,0,Western,1,1966,2,1,1946,1927,NL,1
2726ee8f,NL,2,France,NL,1,Western,1,1980,2,1,1953,1952,NL,1
2731176f,NL,1,NL,NL,0,Western,2,1957,2,1,1930,1933,NL,1
27331e36,France,1,NL,NL,0,Western,2,1963,2,1,1933,1926,France,0
27390ead,NL,2,NL,France,1,Western,1,1956,2,1,1929,1926,NL,1
2747a83a,NL,2,NL,NL,0,Western,1,1968,2,1,1930,1936,NL,1
27495c97,NL,1,NL,NL,0,Western,0,1965,2,1,1945,1943,NL,1
275e2656,NL,2,NL,NL,0,Western,1,1987,2,1,1953,1967,NL,1
2765251a,NL,2,NL,NL,0,Western,1,1984,2,1,1955,1953,NL,1
27680038,NL,2,NL,NL,0,Western,0,1953,2,1,1931,1932,NL,1
276e4022,NL,1,NL,NL,0,Western,1,1988,2,1,1952,1966,NL,1
2772348d,NL,1,France,NL,1,Western,2,1968,2,1,1932,1939,NL,1
2772ac9f,NL,1,France,France,2,Western,1,1953,2,1,1920,1915,NL,1
277a6062,France,1,France,France,2,Western,2,1989,2,1,1964,1951,France,0
277ca34e,NL,2,NL,France,1,Western,1,1986,2,1,1951,1948,NL,1
277ef220,NL,1,NL,France,1,Western,2,1986,2,1,1956,1964,NL,1
2782dbc7,NL,2,France,France,2,Western,1,1952,2,1,1930,1918,NL,1
27a10937,NL,2,NL,NL,0,Western,1,1954,2,1,1924,1916,NL,1
27ae386a,NL,2,NL,France,1,Western,1,1951,2,1,1928,1913,NL,1
27b6eff7,NL,2,NL,NL,0,Western,0,1955,2,1,1922,1917,NL,1
27c50ec7,NL,1,NL,NL,0,Western,2,1996,2,1,1963,1960,NL,1
27cc4b6f,NL,2,NL,NL,0,Western,2,1994,2,1,1960,1960,NL,1
27d6ebcc,NL,1,NL,NL,0,Western,2,1954,2,1,1926,1919,NL,1
27d7d46b,France,1,NL,NL,0,Western,1,1986,2,1,1961,1951,France,0
27dd4795,France,1,US,NL,1,Western,1,1981,2,1,1959,1954,France,0
27e8e3be,NL,1,NL,NL,0,Western,1,1993,2,1,1971,1962,NL,1
27ea53da,NL,2,NL,NL,0,Western,2,1983,2,1,1963,1955,NL,1
27eaabea,NL,2,Egypt,France,2,Western,1,1970,2,1,1936,1944,NL,1
27ec69d8,NL,2,NL,NL,0,Western,2,1966,2,1,1928,1935,NL,1
27ed4252,NL,2,NL,NL,0,Western,2,1998,2,1,1968,1971,NL,1
27f1edb3,NL,2,NL,NL,0,Western,0,1998,2,1,1969,1969,NL,1
27f7e6ce,NL,1,NL,NL,0,Western,2,1965,2,1,1942,1939,NL,1
280d78ea,NL,1,NL,NL,0,Western,1,1985,2,1,1950,1964,NL,1
28102d5e,NL,1,NL,France,1,Western,1,1986,2,1,1966,1958,NL,1
2818a1c8,NL,2,NL,NL,0,Western,0,1981,2,1,1959,1960,NL,1
282bbe7d,NL,1,NL,US,1,Western,0,1994,2,1,1967,1970,NL,1
2835183f,France,2,NL,NL,0,Western,0,1968,2,1,1946,1944,France,0
28393355,NL,1,NL,NL,0,Western,2,1985,2,1,1951,1958,NL,1
28424ea2,France,2,NL,NL,0,Western,1,1952,2,1,1922,1926,France,0
28561242,NL,2,NL,NL,0,Western,1,1989,2,1,1952,1956,NL,1
285b1142,NL,2,France,NL,1,Western,0,1950,2,1,1912,1924,NL,1
2868b3b1,NL,1,NL,NL,0,Western,2,1988,2,1,1967,1955,NL,1
286ea03a,NL,2,NL,NL,0,Western,2,1950,2,1,1926,1917,NL,1
28744af3,NL,1,NL,NL,0,Western,2,1954,2,1,1916,1929,NL,1
2875b71b,NL,2,France,NL,1,Western,2,1969,2,1,1930,1933,NL,1
2875bd46,NL,1,France,NL,1,Western,0,1969,2,1,1945,1944,NL,1
287c23fa,NL,1,NL,NL,0,Western,0,1965,2,1,1927,1943,NL,1
2880ab3b,NL,1,NL,NL,0,Western,2,1959,2,1,1923,1920,NL,1
2884ed98,NL,2,NL,NL,0,Western,0,1993,2,1,1972,1969,NL,1
28850f8e,NL,1,NL,NL,0,Western,2,1958,2,1,1919,1935,NL,1
28867d4b,NL,1,NL,NL,0,Western,1,1981,-,1,1945,1942,NL,1
28889055,NL,2,NL,NL,0,Western,1,1990,2,1,1962,1962,NL,1
288fc7d2,NL,1,NL,NL,0,Western,0,1986,2,1,1961,1959,NL,1
289a0058,NL,1,NL,NL,0,Western,1,1964,2,1,1927,1928,NL,1
28acb2e2,NL,2,NL,Egypt,1,Western,0,1984,2,1,1961,1960,NL,1
28b90847,NL,2,France,NL,1,Western,1,1998,2,1,1964,1971,NL,1
28c2e425,NL,1,NL,NL,0,Western,0,1982,2,1,1961,1953,NL,1
28c894b7,NL,1,France,NL,1,Western,1,1959,2,1,1934,1920,NL,1
28c96324,NL,2,NL,France,1,Western,0,1957,2,1,1932,1923,NL,1
28ce5373,NL,2,NL,France,1,Western,1,1996,2,1,1964,1975,NL,1
28d0e854,NL,-,NL,NL,0,Western,2,1992,2,1,1964,1969,NL,1
28d0ecb8,NL,2,NL,NL,0,Western,1,1981,2,1,1953,1960,NL,1
28d8b972,NL,2,NL,NL,0,Western,1,1985,2,1,1949,1953,NL,1
28de8bb3,NL,1,NL,NL,0,Western,1,1983,2,1,1957,1962,NL,1
28ea83b7,NL,2,NL,France,1,Western,1,1987,2,1,1948,1950,NL,1
28f270e7,NL,2,NL,NL,0,Western,0,1994,2,1,1968,1972,NL,1
28f42297,NL,2,NL,France,1,Western,1,1958,2,1,1919,1932,NL,1
28f93e66,NL,2,NL,NL,0,Western,0,1997,2,1,1961,1961,NL,1
28fe15a5,NL,1,NL,NL,0,Western,2,1991,2,1,1967,1963,NL,1
290caadf,NL,2,NL,France,1,Western,0,1956,2,1,1928,1918,NL,1
2910d29a,NL,2,NL,NL,0,Western,0,1955,2,1,1926,1935,NL,1
291758ad,NL,1,NL,NL,0,Western,0,1985,2,1,1950,1957,NL,1
291b920e,France,2,NL,NL,0,Western,2,1954,2,1,1915,1925,France,0
2921711d,NL,2,NL,NL,0,Western,2,1984,2,1,1959,1955,NL,1
29229592,NL,1,NL,NL,0,Western,1,1986,2,1,1960,1962,NL,1
292e6e6e,France,1,France,NL,1,Western,2,1980,2,1,1941,1942,France,0
2937d3a4,NL,2,France,France,2,Western,1,1985,2,1,1957,1961,NL,1
29405b7b,NL,1,NL,NL,0,Western,2,1993,2,1,1960,1973,NL,1
2943d7c2,NL,1,US,NL,1,Western,1,1951,2,1,1918,1913,NL,1
29449be1,NL,2,NL,NL,0,Western,2,1952,2,1,1924,1928,NL,1
29545a7a,France,1,NL,NL,0,Western,1,1990,2,1,1959,1954,France,0
2954c1f0,NL,1,Egypt,NL,1,Western,2,1984,2,1,1949,1959,NL,1
295fdca6,NL,1,NL,NL,0,Western,1,1986,2,1,1956,1960,NL,1
29725683,NL,1,NL,NL,0,Western,1,1988,2,1,1958,1961,NL,1
297469e9,NL,1,NL,NL,0,Western,1,1952,2,1,1922,1914,NL,1
297b76bf,NL,1,NL,France,1,Western,0,1999,2,1,1972,1971,NL,1
297f0b4c,NL,1,France,NL,1,Western,2,1991,2,1,1960,1957,NL,1
298f43d9,France,2,NL,NL,0,Western,1,1983,2,1,1958,1944,France,0
299105d4,NL,2,US,NL,1,Western,0,1980,2,1,1945,1946,NL,1
2992f906,NL,1,NL,US,1,Western,2,1993,2,-,1967,1964,NL,1
299bb6c9,NL,2,NL,NL,0,Western,2,1989,2,1,1951,1952,NL,1
299d2096,NL,1,NL,NL,0,Western,2,1953,2,1,1933,1933,NL,1
299d6356,NL,2,France,NL,1,Western,0,1968,2,1,1944,1937,NL,1
29a0996a,NL,1,NL,NL,0,Western,1,1985,2,1,1959,1947,NL,1
29a19353,NL,1,NL,NL,0,Western,2,1982,2,1,1950,1946,NL,1
29a3a599,NL,1,NL,NL,0,Western,1,1984,2,1,1945,1955,NL,1
29a5d780,NL,1,NL,NL,0,Western,2,1997,2,1,1967,1958,NL,1
29a65570,NL,1,NL,France,1,Western,2,1960,2,1,1936,1924,NL,1
29a83afd,NL,2,NL,France,1,Western,0,1997,2,1,1964,1958,NL,1
29af4998,NL,2,Egypt,NL,1,Western,1,1995,2,1,1965,1968,NL,1
29b44a9c,NL,2,NL,NL,0,Western,1,1988,2,1,1960,1965,NL,1
29b89e92,NL,2,NL,NL,0,Western,0,1980,2,1,1956,1960,NL,1
29b923e6,NL,1,NL,NL,0,Western,0,1998,2,1,1963,1973,NL,1
29bbc32b,NL,2,France,NL,1,Western,2,1958,2,1,1933,1938,NL,1
29bc8da7,NL,1,France,NL,1,Western,2,1989,2,1,1964,1951,NL,1
29bc9871,NL,2,NL,France,1,Western,0,1996,2,1,1968,1958,NL,1
29be10b5,NL,1,NL,France,1,Western,2,1994,2,1,1970,1962,NL,1
29c0eb17,NL,1,NL,NL,0,Western,1,1984,2,1,1952,1962,NL,1
29c133c2,NL,2,France,NL,1,Western,2,1966,1,1,1939,1946,NL,1
29c3477e,NL,2,NL,NL,0,Western,1,1982,2,2,1945,1943,NL,1
29c568cf,NL,2,France,NL,1,Western,1,1994,2,1,1974,1974,NL,1
29c5babe,NL,1,NL,NL,0,Western,2,1970,2,1,1932,1938,NL,1
29c65914,NL,2,NL,NL,0,Western,2,1956,2,1,1924,1931,NL,1
29cae81e,NL,2,NL,NL,0,Western,1,1991,2,1,1968,1967,NL,1
29cbcdf5,France,1,NL,NL,0,Western,1,1986,2,1,1948,1954,France,0
29cce000,NL,1,NL,NL,0,Western,1,1986,2,1,1956,1948,NL,1
29cd8078,NL,1,France,NL,1,Western,0,1995,2,1,1967,1970,NL,1
29ce92d0,NL,2,NL,NL,0,Western,1,1958,2,1,1923,1936,NL,1
29d1c2a8,NL,2,NL,US,1,Western,1,1986,2,1,1962,1963,NL,1
29d5d2f0,NL,1,NL,NL,0,Western,0,1991,2,1,1954,1963,NL,1
29d9216c,France,2,NL,France,1,Western,0,1968,2,1,1946,1932,France,0
29df76ae,NL,2,NL,NL,0,Western,1,1952,2,-,1927,1921,NL,1
29e4ec7d,France,1,NL,France,1,Western,2,1950,2,1,1911,1914,France,0
29eb59af,NL,1,NL,NL,0,Western,1,1991,-,1,1970,1954,NL,1
29edd6c0,NL,1,NL,NL,0,Western,1,1956,2,1,1925,1922,NL,1
29ee49dc,NL,2,NL,NL,0,Western,1,1953,2,1,1921,1929,NL,1
29f72721,NL,2,NL,NL,0,Western,0,1951,2,1,1929,1913,NL,1
2a06c8a0,France,2,NL,NL,0,Western,2,1985,2,1,1949,1956,France,0
2a11265f,NL,1,NL,NL,0,Western,2,1992,2,1,1966,1961,NL,1
2a11f75d,NL,2,NL,NL,0,Western,2,1957,2,1,1918,1926,NL,1
2a14faee,NL,1,NL,NL,0,Western,0,1986,2,1,1956,1952,NL,1
2a1998f4,NL,1,Egypt,NL,1,Western,2,1963,2,1,1938,1927,NL,1
2a1de8b8,NL,1,France,Egypt,2,Western,2,1983,2,1,1960,1963,NL,1
2a1fee70,France,1,NL,Egypt,1,Western,0,1985,2,1,1950,1962,France,0
2a219884,NL,1,NL,NL,0,Western,2,1991,2,1,1966,1963,NL,1
2a2c96c3,NL,1,NL,NL,0,Western,1,1960,2,1,1932,1928,NL,1
2a2ea13d,France,2,NL,NL,0,Western,2,1952,2,1,1919,1916,France,0
2a2eb14c,NL,1,NL,NL,0,Western,2,1961,2,1,1936,1929,NL,1
2a3fa8d8,NL,2,NL,NL,0,Western,1,1986,2,1,1958,1957,NL,1
2a424ee3,France,-,NL,NL,0,Western,2,1988,2,1,1955,1954,France,0
2a508bfd,NL,1,NL,NL,0,Western,1,1988,2,1,1955,1949,NL,1
2a50eae6,NL,2,NL,NL,0,Western,1,1997,2,1,1966,1968,NL,1
2a5f20fc,NL,1,NL,NL,0,Western,2,1982,2,1,1951,1953,NL,1
2a5f72e9,NL,2,France,Egypt,2,Western,1,1970,2,1,1943,1941,NL,1
2a605f73,NL,2,NL,NL,0,Western,2,1950,2,-,1914,1919,NL,1
2a69ee3b,NL,1,NL,France,1,Western,2,1985,2,1,1947,1954,NL,1
2a6b156d,NL,2,NL,NL,0,Western,0,1982,2,1,1958,1957,NL,1
2a70655e,NL,1,NL,France,1,Western,2,1968,2,1,1934,1937,NL,1
2a70fe09,NL,2,NL,France,1,Western,0,1959,2,1,1936,1921,NL,1
2a770e42,NL,1,Egypt,NL,1,Western,1,1954,2,1,1928,1916,NL,1
2a7b0ce8,NL,2,NL,NL,0,Western,1,1960,2,1,1924,1935,NL,1
2a88c641,NL,2,NL,NL,0,Western,2,1967,2,1,1947,1930,NL,1
2a9c9803,France,2,NL,NL,0,Western,1,1985,2,1,1962,1954,France,0
2a9d08ac,France,1,France,NL,1,Western,1,1961,2,1,1938,1939,France,0
2a9f1ace,NL,2,NL,NL,0,Western,2,1969,2,1,1938,1948,NL,1
2ab17676,NL,1,NL,NL,0,Western,2,1956,2,1,1921,1917,NL,1
2ab3a234,NL,1,NL,NL,0,Western,1,1993,2,1,1964,1968,NL,1
2ab8ac78,NL,1,NL,NL,0,Western,1,1987,2,1,1966,1955,NL,1
2ab9139e,Egypt,2,NL,NL,0,Non-Western,0,1964,2,1,1934,1937,Egypt,0
2ab96d9e,NL,2,NL,NL,0,Western,0,1993,2,1,1958,1971,NL,1
2abddeba,US,1,NL,NL,0,Western,0,1981,2,1,1959,1952,US,0
2ac0b5ec,NL,1,France,NL,1,Western,0,1991,2,1,1956,1964,NL,1
2ac2e845,NL,1,France,France,2,Western,1,1995,2,1,1968,1958,NL,1
2ac30288,NL,1,NL,NL,0,Western,2,1985,2,1,1959,1959,NL,1
2ac32e65,NL,2,NL,NL,0,Western,1,1980,2,1,1945,1956,NL,1
2ac59a71,NL,2,France,NL,1,Western,0,1953,2,1,1925,1925,NL,1
2ad15597,US,2,NL,France,1,Western,2,1964,2,1,1933,1942,US,0
2ad45ee0,NL,1,NL,NL,0,Western,2,1996,2,1,1962,1957,NL,1
2ae032f5,NL,2,NL,NL,0,Western,2,1994,2,1,1971,1965,NL,1
2ae550e5,NL,2,NL,NL,0,Western,1,1991,2,1,1959,1962,NL,1
2aef71bd,NL,2,NL,NL,0,Western,0,1962,2,1,1930,1926,NL,1
2af025cf,NL,1,NL,France,1,Western,2,1950,2,1,1912,1930,NL,1
2af0fb3a,NL,2,NL,NL,0,Western,1,1958,2,1,1932,1923,NL,1
2afb229d,NL,2,NL,NL,0,Western,0,1991,2,1,1962,1969,NL,1
2afb2f59,NL,2,NL,France,1,Western,1,1963,2,1,1937,1926,NL,1
2b036df8,France,1,France,NL,1,Western,1,1990,2,1,1954,1969,France,0
2b0f1389,NL,2,NL,NL,0,Western,1,1951,2,1,1925,1928,NL,1
2b160844,NL,2,NL,NL,0,Western,0,1987,2,1,1957,1960,NL,1
2b1e7948,NL,1,NL,NL,0,Western,1,1997,2,1,1964,1974,NL,1
2b213ac0,NL,2,NL,NL,0,Western,0,1983,2,1,1963,1960,NL,1
2b294fdd,NL,1,France,NL,1,Western,1,1988,2,1,1963,1959,NL,1
2b30409f,NL,1,NL,NL,0,Western,2,1993,2,1,1957,1963,NL,1
2b3b9f4e,NL,2,NL,NL,0,Western,2,1954,2,1,1922,1928,NL,1
2b495c7a,NL,2,NL,France,1,Western,2,1954,2,1,1919,1924,NL,1
2b4d8ccc,NL,2,NL,NL,0,Western,2,1981,2,1,1959,1943,NL,1
2b4ed947,France,2,NL,US,1,Western,0,1987,2,1,1956,1962,France,0
2b5ada9d,France,2,France,NL,1,Western,2,1950,2,1,1929,1922,France,0
2b692ee4,NL,1,France,France,2,Western,2,1994,2,1,1966,1970,NL,1
2b6931fa,NL,1,NL,NL,0,Western,2,1967,2,1,1943,1933,NL,1
2b72addd,US,1,NL,NL,0,Western,1,1983,2,1,1960,1957,US,0
2b76b8b1,NL,2,NL,NL,0,Western,1,1964,2,1,1941,1927,NL,1
2b7ab365,NL,2,NL,NL,0,Western,2,1985,2,1,1957,1946,NL,1
2b833510,NL,1,NL,NL,0,Western,2,1999,2,1,1970,1979,NL,1
2b84d441,NL,2,NL,NL,0,Western,1,1991,2,1,1967,1968,NL,1
2b9f594a,France,1,NL,NL,0,Western,1,1951,2,1,1916,1918,France,0
2ba341ea,France,1,NL,NL,0,Western,2,1989,2,1,1966,1960,France,0
2bac1685,France,1,NL,France,1,Western,0,1981,2,1,1946,1957,France,0
2bb02585,NL,2,Egypt,NL,1,Western,0,1967,2,1,1936,1930,NL,1
2bb1f89b,NL,1,NL,France,1,Western,0,1980,2,1,1957,1952,NL,1
2bc797e4,NL,1,NL,NL,0,Western,2,1961,2,1,1935,1924,NL,1
2bc9257b,NL,2,NL,NL,0,Western,0,1966,2,1,1932,1942,NL,1
2bca9edf,NL,1,NL,NL,0,Western,0,1960,2,1,1940,1922,NL,1
2bcc7f52,France,2,France,France,2,Western,2,1953,2,1,1931,1931,France,0
2bd01e82,NL,2,NL,NL,0,Western,0,1993,2,1,1969,1965,NL,1
2bd46f72,NL,1,NL,NL,0,Western,0,1965,2,1,1940,1942,NL,1
2bd5185e,NL,1,France,France,2,Western,1,1989,2,1,1959,1956,NL,1
2bd5788d,NL,2,NL,NL,0,Western,2,1991,2,1,1962,1966,NL,1
2bd7b307,US,2,France,NL,1,Western,1,1964,2,1,1933,1927,US,0
2bd8df5d,NL,1,France,NL,1,Western,1,1982,2,1,1956,1951,NL,1
2bda441f,NL,-,NL,NL,0,Western,0,1967,1,1,1937,1938,NL,1
2bdead29,NL,2,NL,NL,0,Western,0,1970,2,1,1946,1935,NL,1
2be3346c,NL,1,NL,NL,0,Western,1,1981,2,1,1946,1957,NL,1
2be3c1d0,NL,1,NL,NL,0,Western,1,1951,2,1,1928,1922,NL,1
2be796c2,NL,2,France,NL,1,Western,0,1983,2,1,1953,1955,NL,1
2be7f681,NL,2,NL,NL,0,Western,2,1989,2,1,1959,1958,NL,1
2bea4bd3,NL,1,NL,NL,0,Western,0,1986,2,1,1961,1960,NL,1
2bf9a8c8,NL,1,France,US,2,Western,0,1950,2,1,1911,1920,NL,1
2c011b9b,France,2,NL,NL,0,Western,0,1957,2,1,1918,1929,France,0
2c01b9a5,NL,1,NL,NL,0,Western,1,1991,2,1,1962,1964,NL,1
2c042923,NL,1,NL,NL,0,Western,0,1950,2,1,1920,1917,NL,1
2c149326,NL,1,NL,France,1,Western,1,1957,2,1,1920,1919,NL,1
2c2cf991,NL,2,NL,NL,0,Western,2,1957,2,1,1927,1925,NL,1
2c2fe6e2,Egypt,2,NL,NL,0,Non-Western,2,1963,2,1,1940,1943,Egypt,0
2c352e2d,NL,1,France,NL,1,Western,2,1980,2,1,1959,1960,NL,1
2c376271,NL,2,NL,NL,0,Western,0,1966,2,1,1945,1935,NL,1
2c37bb43,NL,2,NL,NL,0,Western,1,1995,2,1,1971,1959,NL,1
2c3f0826,NL,1,US,France,2,Western,2,1962,2,1,1927,1929,NL,1
2c46e19e,NL,2,NL,NL,0,Western,0,1985,2,1,1946,1957,NL,1
2c476c6f,NL,2,NL,NL,0,Western,0,1991,2,1,1959,1952,NL,1
2c5e78e9,NL,1,NL,NL,0,Western,1,1995,2,1,1972,1967,NL,1
2c6674b3,NL,2,NL,France,1,Western,2,1951,1,1,1930,1921,NL,1
2c721315,NL,2,NL,NL,0,Western,0,1960,2,1,1932,1924,NL,1
2c748d54,NL,1,NL,NL,0,Western,0,1969,2,1,1930,1935,NL,1
2c7b1bb8,NL,1,NL,NL,0,Western,0,1954,2,1,1932,1933,NL,1
2c80db7c,NL,2,NL,NL,0,Western,0,1987,2,1,1960,1949,NL,1
2c891e00,NL,1,France,NL,1,Western,1,1968,1,1,1933,1948,NL,1
2c89c067,NL,1,France,NL,1,Western,2,1995,2,1,1960,1969,NL,1
2c8e5b1c,NL,2,NL,NL,0,Western,2,1962,2,1,1933,1931,NL,1
2c91f608,NL,2,NL,NL,0,Western,1,1969,2,1,1938,1940,NL,1
2c9431dc,NL,1,NL,France,1,Western,1,1987,2,1,1951,1956,NL,1
2c9d3c32,NL,2,NL,NL,0,Western,1,1950,2,1,1919,1914,NL,1
2c9f884c,NL,1,NL,NL,0,Western,1,1964,2,1,1928,1936,NL,1
2ca30636,NL,2,NL,Egypt,1,Western,0,1993,2,1,1965,1967,NL,1
2ca3724d,NL,1,NL,NL,0,Western,1,1956,2,1,1930,1930,NL,1
2ca7780e,NL,2,NL,NL,0,Western,0,1957,2,1,1932,1926,NL,1
2ca7d1b1,NL,1,NL,NL,0,Western,1,1982,2,1,1946,1957,NL,1
2cac5a6e,NL,1,US,NL,1,Western,1,1994,2,1,1974,1969,NL,1
2cb1c63c,NL,-,NL,Egypt,1,Western,0,1995,2,1,1966,1975,NL,1
2cb78f2d,France,2,NL,NL,0,Western,0,1980,2,1,1956,1954,France,0
2cb9469b,France,1,France,France,2,Western,1,1954,2,-,1917,1923,France,0
2cbc6077,NL,2,NL,NL,0,Western,2,1996,2,1,1969,1960,NL,1
2cd3c095,France,1,NL,NL,0,Western,0,1959,2,1,1920,1932,France,0
2cd531a2,NL,1,NL,NL,0,Western,2,1969,2,1,1947,1931,NL,1
2cdb583c,NL,2,NL,France,1,Western,0,1995,2,1,1975,1964,NL,1
2ce4f0cf,NL,1,NL,NL,0,Western,1,1991,2,1,1959,1959,NL,1
2ce6cc43,NL,2,NL,NL,0,Western,1,1958,2,1,1929,1930,NL,1
2cecb05b,NL,1,NL,NL,0,Western,0,1963,2,1,1933,1928,NL,1
2cf390af,NL,1,NL,NL,0,Western,1,1969,2,1,1931,1945,NL,1
2cf6878f,NL,1,NL,NL,0,Western,1,1994,2,1,1957,1966,NL,1
2cfee8e4,NL,1,NL,NL,0,Western,2,1950,2,1,1920,1917,NL,1
2cff7771,NL,2,NL,NL,0,Western,0,1992,2,1,1971,1968,NL,1
2d0c40eb,NL,1,NL,France,1,Western,0,1982,2,1,1947,1962,NL,1
2d145991,NL,2,NL,NL,0,Western,0,1991,2,1,1961,1963,NL,1
2d222736,NL,2,NL,NL,0,Western,2,1981,2,1,1956,1943,NL,1
2d25daf7,NL,1,France,NL,1,Western,1,1999,2,1,1966,1960,NL,1
2d284623,NL,2,NL,NL,0,Western,0,1950,2,1,1927,1926,NL,1
2d2ea25f,NL,1,NL,NL,0,Western,0,1993,2,1,1967,1973,NL,1
2d344d29,France,1,NL,NL,0,Western,2,1969,2,1,1944,1934,France,0
2d401fd4,NL,2,NL,France,1,Western,2,1989,2,1,1965,1961,NL,1
2d42ac33,NL,2,NL,France,1,Western,1,1991,2,1,1962,1962,NL,1
2d47fc6e,France,1,NL,NL,0,Western,0,1989,2,1,1968,1959,France,0
2d49c50e,NL,2,NL,NL,0,Western,0,1952,2,1,1921,1930,NL,1
2d4a3ca7,NL,1,NL,France,1,Western,1,1994,2,1,1974,1967,NL,1
2d4a6f91,NL,1,NL,France,1,Western,0,1987,2,1,1959,1962,NL,1
2d67ca12,NL,1,France,NL,1,Western,1,1986,2,1,1956,1961,NL,1
2d7690fd,Egypt,2,France,France,2,Non-Western,0,1955,2,1,1928,1924,Egypt,0
2d8878a8,NL,2,NL,US,1,Western,1,1985,2,1,1963,1965,NL,1
2d8d5141,NL,2,NL,NL,0,Western,1,1968,2,1,1948,1944,NL,1
2d932475,NL,1,NL,France,1,Western,1,1992,2,1,1970,1957,NL,1
2d98974a,NL,2,France,NL,1,Western,1,1959,2,1,1924,1934,NL,1
2d99a76a,NL,2,NL,NL,0,Western,2,1955,2,1,1933,1922,NL,1
2d9f28be,NL,1,NL,France,1,Western,0,1985,2,1,1959,1962,NL,1
2da89500,NL,1,NL,NL,0,Western,1,1968,2,1,1936,1931,NL,1
2db95579,France,2,NL,NL,0,Western,0,1990,2,1,1954,1952,France,0
2dbe0c67,NL,1,France,France,2,Western,1,1955,2,1,1935,1931,NL,1
2dc48971,NL,1,NL,France,1,Western,1,1965,2,1,1930,1930,NL,1
2dc57ac1,NL,1,NL,NL,0,Western,1,1959,2,1,1930,1929,NL,1
2dcb114b,NL,2,NL,NL,0,Western,0,1981,2,1,1956,1951,NL,1
2dcbf124,NL,1,NL,NL,0,Western,1,1961,2,1,1931,1935,NL,1
2dcccd54,NL,1,NL,NL,0,Western,0,1984,2,1,1958,1952,NL,1
2dd058e4,NL,2,NL,NL,0,Western,1,1984,2,1,1952,1958,NL,1
2dd18a1e,NL,2,France,NL,1,Western,2,1967,2,1,1932,1937,NL,1
2dd18fb3,NL,2,NL,NL,0,Western,1,1950,2,1,1921,1914,NL,1
2dd597bd,US,1,NL,France,1,Western,0,1965,2,1,1941,1943,US,0
2ddf99ad,NL,2,NL,NL,0,Western,2,1983,2,1,1963,1963,NL,1
2debaf29,France,1,NL,NL,0,Western,1,1962,2,1,1933,1928,France,0
2df1bd0b,NL,1,NL,NL,0,Western,1,1951,2,1,1914,1927,NL,1
2df5c9d4,France,2,France,NL,1,Western,2,1982,2,2,1951,1948,France,0
2df899e6,France,1,NL,NL,0,Western,1,1960,2,1,1933,1928,France,0
2e09a328,France,1,France,NL,1,Western,2,1982,2,1,1959,1950,France,0
2e0b0793,NL,2,France,France,2,Western,0,1961,2,1,1927,1925,NL,1
2e0b1df2,NL,2,NL,NL,0,Western,1,1968,2,1,1946,1946,NL,1
2e1aaff6,NL,1,NL,NL,0,Western,0,1970,2,1,1945,1945,NL,1
2e1befe4,NL,2,NL,NL,0,Western,0,1989,2,1,1965,1954,NL,1
2e1f4672,NL,1,NL,US,1,Western,1,1981,2,1,1944,1958,NL,1
2e2407d9,NL,1,NL,NL,0,Western,1,1962,2,1,1937,1927,NL,1
2e266eb6,France,1,France,NL,1,Western,0,1986,2,1,1950,1962,France,0
2e2dc78f,NL,2,France,NL,1,Western,2,1995,2,1,1968,1960,NL,1
2e33c815,NL,2,NL,NL,0,Western,2,1985,2,1,1956,1958,NL,1
2e3cb4cc,NL,1,NL,NL,0,Western,2,1965,2,1,1927,1929,NL,1
2e438e93,NL,2,NL,NL,0,Western,1,1968,2,1,1938,1942,NL,1
2e49aa37,NL,2,NL,NL,0,Western,0,1964,2,1,1925,1938,NL,1
2e50ca6c,NL,1,NL,France,1,Western,2,1965,2,1,1940,1929,NL,1
2e51b08f,NL,1,NL,NL,0,Western,1,1980,2,1,1942,1958,NL,1
2e57ab9e,NL,2,NL,NL,0,Western,2,1993,1,1,1971,1968,NL,1
2e6428a3,NL,2,France,NL,1,Western,2,1980,2,1,1952,1953,NL,1
2e75fba2,NL,2,NL,US,1,Western,2,1968,2,1,1933,1942,NL,1
2e7a4582,NL,1,NL,NL,0,Western,0,1992,2,1,1965,1954,NL,1
2e82c551,NL,1,Egypt,France,2,Western,0,1994,2,1,1969,1971,NL,1
2e8fd86f,NL,1,NL,NL,0,Western,1,1950,2,1,1913,1922,NL,1
2e91c70b,NL,1,NL,NL,0,Western,1,1983,2,2,1963,1950,NL,1
2e92b744,NL,1,NL,NL,0,Western,2,1970,2,1,1931,1942,NL,1
2e9433ca,US,1,NL,NL,0,Western,2,1989,2,1,1966,1950,US,0
2e99803a,NL,2,NL,NL,0,Western,2,1964,2,1,1944,1930,NL,1
2e9ac095,NL,2,NL,NL,0,Western,2,1988,2,1,1963,1952,NL,1
2ea397a3,NL,2,NL,NL,0,Western,1,1955,2,1,1935,1924,NL,1
2eaca660,NL,2,NL,NL,0,Western,2,1980,2,1,1958,1950,NL,1
2eb18e46,France,1,France,NL,1,Western,2,1969,2,1,1939,1937,France,0
2ebaa29b,NL,1,NL,Egypt,1,Western,1,1994,2,1,1963,1971,NL,1
2ebec835,NL,2,NL,NL,0,Western,2,1993,2,2,1967,1972,NL,1
2ecc49ce,NL,1,NL,NL,0,Western,0,1997,2,1,1973,1970,NL,1
2ed19b15,NL,2,NL,NL,0,Western,2,1993,2,1,1972,1963,NL,1
2ed3d87c,NL,2,NL,NL,0,Western,1,1957,2,1,1921,1931,NL,1
2edab23c,NL,2,NL,NL,0,Western,1,1988,2,1,1966,1955,NL,1
2edb4a7e,France,2,France,NL,1,Western,2,1952,2,1,1932,1922,France,0
2ee5ddd1,US,1,NL,NL,0,Western,1,1963,2,1,1942,1928,US,0
2ee73ff4,NL,1,NL,France,1,Western,1,1991,2,1,1957,1952,NL,1
2ee7a2e7,NL,1,NL,NL,0,Western,2,1982,2,1,1955,1946,NL,1
2ee7ab1f,NL,2,US,NL,1,Western,2,1991,2,1,1961,1963,NL,1
2ef10054,France,1,NL,NL,0,Western,2,1987,2,1,1948,1964,France,0
2ef5f0e3,NL,2,France,NL,1,Western,0,1950,2,1,1918,1914,NL,1
2efa5875,NL,1,NL,NL,0,Western,0,1991,2,2,1970,1957,NL,1
2efc53cd,NL,1,NL,NL,0,Western,0,1970,2,1,1946,1933,NL,1
2efce8f1,NL,2,NL,NL,0,Western,0,1998,2,1,1962,1970,NL,1
2efe7521,NL,1,NL,NL,0,Western,2,1966,2,1,1939,1941,NL,1
2f018158,NL,1,NL,France,1,Western,0,1982,2,1,1957,1954,NL,1
2f098d8c,NL,2,NL,NL,0,Western,0,1962,2,1,1928,1931,NL,1
2f0d07d1,NL,2,NL,NL,0,Western,0,1984,2,1,1963,1959,NL,1
2f0d3e4b,NL,2,France,NL,1,Western,1,1999,2,1,1970,1961,NL,1
2f144b3b,NL,2,NL,NL,0,Western,1,1986,2,1,1953,1960,NL,1
2f1d3952,NL,1,Egypt,NL,1,Western,1,1953,2,1,1919,1929,NL,1
2f24ebdd,NL,2,NL,France,1,Western,2,1968,2,1,1931,1943,NL,1
2f273160,NL,1,NL,France,1,Western,0,1985,2,1,1946,1965,NL,1
2f30775e,NL,1,NL,NL,0,Western,2,1953,2,1,1914,1930,NL,1
2f3269e1,NL,1,NL,NL,0,Western,0,1996,2,1,1963,1960,NL,1
2f3d2dc6,NL,1,NL,NL,0,Western,0,1961,2,1,1939,1935,NL,1
2f3e287f,NL,1,NL,NL,0,Western,0,1989,2,1,1963,1950,NL,1
2f4336d7,NL,2,France,NL,1,Western,2,1990,2,1,1968,1956,NL,1
2f4df10a,NL,2,NL,NL,0,Western,1,1984,2,1,1951,1958,NL,1
2f50c385,France,2,NL,NL,0,Western,1,1982,2,1,1947,1958,France,0
2f53734c,NL,1,NL,NL,0,Western,1,1987,2,1,1956,1948,NL,1
2f543efa,NL,2,France,NL,1,Western,1,1994,2,1,1970,1965,NL,1
2f582b9f,NL,-,NL,NL,0,Western,1,1994,2,1,1970,1970,NL,1
2f62614c,NL,2,NL,NL,0,Western,0,1991,2,1,1956,1969,NL,1
2f6c0685,NL,1,NL,NL,0,Western,1,1953,2,1,1927,1918,NL,1
2f6d6a9c,NL,1,NL,NL,0,Western,1,1966,2,1,1937,1934,NL,1
2f7a767a,NL,1,NL,France,1,Western,2,1968,2,1,1931,1937,NL,1
2f7cdce4,NL,1,NL,NL,0,Western,1,1994,2,1,1963,1966,NL,1
2f80799a,France,2,NL,NL,0,Western,1,1984,2,1,1945,1958,France,0
2f816dee,NL,1,France,US,2,Western,0,1981,2,-,1953,1950,NL,1
2f83d149,Egypt,2,NL,NL,0,Non-Western,2,1957,2,1,1927,1930,Egypt,0
2f8fc4a9,NL,1,NL,NL,0,Western,1,1950,2,1,1929,1923,NL,1
2f915f5a,NL,2,NL,NL,0,Western,1,1995,2,1,1971,1969,NL,1
2f945f60,NL,2,France,NL,1,Western,1,1991,2,1,1961,1953,NL,1
2f96f903,France,1,NL,NL,0,Western,2,1980,2,1,1951,1947,France,0
2f9b2292,NL,1,France,NL,1,Western,2,1980,2,1,1941,1946,NL,1
2f9c15b8,France,2,NL,NL,0,Western,2,1986,2,1,1966,1965,France,0
2f9d4bdd,NL,2,NL,Egypt,1,Western,1,1994,2,1,1964,1974,NL,1
2fa407c3,NL,2,NL,NL,0,Western,2,1980,2,1,1943,1945,NL,1
2fa7fed6,NL,1,France,France,2,Western,1,1992,2,1,1957,1963,NL,1
2fa9a712,NL,1,NL,NL,0,Western,1,1962,2,1,1933,1932,NL,1
2fac7392,NL,1,US,NL,1,Western,2,1954,2,1,1917,1926,NL,1
2fae467b,NL,2,NL,NL,0,Western,0,1991,2,1,1953,1961,NL,1
2fb47ad9,NL,1,NL,France,1,Western,0,1956,2,1,1930,1930,NL,1
2fba585e,NL,2,NL,NL,0,Western,1,1962,2,1,1923,1924,NL,1
2fc03d0b,NL,2,NL,France,1,Western,0,1994,2,1,1959,1967,NL,1
2fc13bd3,France,1,NL,NL,0,Western,0,1988,2,1,1966,1953,France,0
2fc32ab3,NL,2,NL,NL,0,Western,2,1961,2,1,1939,1935,NL,1
2fc85ac2,NL,2,NL,NL,0,Western,1,1961,2,1,1934,1941,NL,1
2fcb3c32,NL,2,NL,NL,0,Western,1,1985,2,1,1957,1948,NL,1
2fcd3f5a,NL,1,France,NL,1,Western,1,1965,2,1,1936,1930,NL,1
2fd45871,NL,1,NL,NL,0,Western,1,1966,2,1,1935,1927,NL,1
2fd50736,NL,1,NL,NL,0,Western,0,1965,2,1,1930,1943,NL,1
2fd8e7f5,NL,2,NL,NL,0,Western,0,1988,2,1,1963,1962,NL,1
2fdd70b8,NL,1,US,NL,1,Western,1,1969,2,1,1947,1948,NL,1
2fe4d9b8,France,1,NL,NL,0,Western,0,1951,2,1,1926,1920,France,0
2fef3123,NL,2,NL,NL,0,Western,2,1995,2,1,1960,1971,NL,1
2ffd4c3b,NL,1,Egypt,US,2,Western,2,1969,2,1,1930,1937,NL,1
30052668,NL,1,NL,NL,0,Western,2,1995,2,1,1961,1964,NL,1
30074137,NL,1,NL,NL,0,Western,-,1965,2,1,1929,1927,NL,1
300a08f5,NL,2,NL,NL,0,Western,1,1956,2,1,1923,1924,NL,1
300a62dd,NL,2,NL,NL,0,Western,2,1967,2,1,1929,1936,NL,1
300a7499,NL,1,NL,NL,0,Western,0,1955,2,1,1918,1929,NL,1
3019722c,NL,2,NL,NL,0,Western,1,1953,2,1,1915,1919,NL,1
30203d5c,NL,2,NL,NL,0,Western,1,1950,2,1,1916,1928,NL,1
302edd58,NL,2,NL,NL,0,Western,0,1999,2,1,1979,1960,NL,1
302ffd31,NL,-,US,NL,1,Western,2,1988,2,1,1952,1961,NL,1
30444595,NL,2,NL,NL,0,Western,1,1959,2,1,1921,1923,NL,1
30506932,NL,1,NL,NL,0,Western,0,1981,2,1,1955,1947,NL,1
305925fa,France,1,NL,NL,0,Western,0,1951,2,1,1920,1929,France,0
305b9bf6,NL,1,NL,France,1,Western,1,1986,2,1,1953,1949,NL,1
305ce2eb,NL,2,NL,France,1,Western,1,1988,2,1,1962,1968,NL,1
305de790,NL,2,NL,NL,0,Western,1,1982,2,1,1952,1952,NL,1
30603f2f,NL,2,NL,NL,0,Western,1,1983,2,1,1955,1963,NL,1
30614873,NL,1,NL,NL,0,Western,2,1984,2,1,1946,1954,NL,1
3061568f,NL,1,NL,France,1,Western,1,1984,2,1,1959,1950,NL,1
306c8e24,France,2,NL,France,1,Western,0,1952,2,1,1923,1927,France,0
30707471,NL,1,US,NL,1,Western,2,1987,2,1,1949,1952,NL,1
308e4f34,NL,2,NL,France,1,Western,0,1995,2,1,1967,1969,NL,1
3095e6b1,NL,2,NL,NL,0,Western,2,1963,2,1,1926,1936,NL,1
309c51b1,NL,1,France,NL,1,Western,2,1958,2,1,1931,1920,NL,1
30a75eea,NL,2,France,NL,1,Western,1,1981,2,1,1951,1946,NL,1
30a88dff,Egypt,1,NL,NL,0,Non-Western,0,1980,2,1,1950,1952,Egypt,0
30af0103,NL,2,NL,NL,0,Western,2,1968,2,1,1937,1934,NL,1
30b0b7f9,France,1,France,NL,1,Western,0,1982,2,1,1950,1959,France,0
30b39f54,NL,2,NL,US,1,Western,0,1990,2,1,1953,1963,NL,1
30babb48,NL,1,France,NL,1,Western,2,1965,2,1,1944,1928,NL,1
30cc6016,NL,1,NL,NL,0,Western,1,1961,2,1,1924,1928,NL,1
30ccd7a7,NL,1,NL,NL,0,Western,2,1982,2,1,1949,1954,NL,1
30cd741e,NL,2,NL,NL,0,Western,1,1953,2,1,1927,1922,NL,1
30cee812,France,1,NL,NL,0,Western,2,1968,2,1,1932,1939,France,0
30d075c8,France,2,NL,NL,0,Western,0,1969,2,1,1941,1934,France,0
30d29dd4,NL,1,NL,France,1,Western,0,1989,2,1,1951,1964,NL,1
30d2a817,NL,1,NL,NL,0,Western,1,1995,2,1,1973,1975,NL,1
30d3a3f9,NL,2,NL,NL,0,Western,0,1951,2,1,1931,1922,NL,1
30d9a2e4,NL,1,NL,NL,0,Western,0,1966,-,1,1942,1937,NL,1
30df6883,NL,2,NL,NL,0,Western,2,1980,2,1,1955,1946,NL,1
30e547c8,NL,1,NL,NL,0,Western,1,1967,2,1,1938,1934,NL,1
30e7d996,NL,1,NL,NL,0,Western,1,1969,2,1,1935,1930,NL,1
30e905b2,NL,1,NL,NL,0,Western,1,1959,2,1,1922,1932,NL,1
30ed89df,NL,1,NL,NL,0,Western,1,1980,2,1,1949,1954,NL,1
30ee68a6,NL,2,NL,NL,0,Western,0,1984,2,1,1948,1947,NL,1
30f1b6d2,NL,2,NL,NL,0,Western,0,1961,2,1,1922,1927,NL,1
30f73980,NL,1,NL,US,1,Western,1,1960,2,1,1931,1936,NL,1
30f8c63f,NL,2,France,NL,1,Western,2,1982,2,1,1952,1959,NL,1
30fd5828,France,1,NL,NL,0,Western,1,1990,2,1,1963,1953,France,0
3103c81e,NL,1,NL,NL,0,Western,0,1952,2,1,1922,1926,NL,1
3105494e,NL,1,NL,NL,0,Western,1,1991,2,1,1966,1961,NL,1
3106489f,NL,2,NL,NL,0,Western,1,1962,2,1,1926,1934,NL,1
310f66e7,France,1,NL,France,1,Western,1,1984,2,1,1956,1963,France,0
311011be,NL,2,France,NL,1,Western,1,1997,2,1,1961,1972,NL,1
31181723,NL,1,NL,France,1,Western,2,1980,2,1,1948,1950,NL,1
311a182d,NL,2,NL,NL,0,Western,0,1988,2,1,1961,1955,NL,1
31207620,NL,1,NL,NL,0,Western,0,1952,2,1,1925,1921,NL,1
3120c6db,NL,1,France,France,2,Western,1,1980,2,1,1941,1950,NL,1
31264052,NL,1,NL,NL,0,Western,0,1986,2,1,1950,1961,NL,1
312ed02a,NL,1,NL,NL,0,Western,0,1952,2,-,1922,1926,NL,1
3130b507,NL,1,NL,US,1,Western,2,1952,2,1,1928,1932,NL,1
3130b6d0,NL,2,NL,NL,0,Western,2,1982,2,1,1946,1943,NL,1
3132dfd9,France,2,US,NL,1,Western,0,1959,2,1,1936,1931,France,0
3139c710,NL,2,France,NL,1,Western,1,1962,2,1,1940,1931,NL,1
31435424,NL,2,NL,NL,0,Western,2,1998,2,1,1975,1968,NL,1
3144c702,NL,1,NL,NL,0,Western,0,1954,2,1,1931,1916,NL,1
314a7d66,NL,2,NL,NL,0,Western,1,1980,2,1,1945,1950,NL,1
314bb664,France,1,NL,NL,0,Western,0,1967,2,1,1928,1941,France,0
314d550f,NL,2,US,NL,1,Western,0,1962,2,1,1937,1942,NL,1
314da911,NL,2,NL,NL,0,Western,0,1982,2,1,1959,1943,NL,1
3151aa21,NL,2,NL,France,1,Western,2,1969,2,1,1944,1947,NL,1
315334d5,France,2,NL,NL,0,Western,0,1953,2,1,1917,1923,France,0
3154571d,NL,2,NL,NL,0,Western,1,1996,2,1,1976,1968,NL,1
31572e05,NL,2,NL,NL,0,Western,0,1988,2,1,1965,1962,NL,1
315d5fec,France,1,NL,NL,0,Western,-,1961,2,-,1923,1923,France,0
31600c06,NL,1,NL,NL,0,Western,0,1957,2,1,1919,1936,NL,1
316a3310,NL,2,NL,NL,0,Western,0,1989,2,1,1963,1967,NL,1
317926ce,NL,1,US,France,2,Western,0,1963,2,1,1924,1940,NL,1
317aa3b0,France,1,NL,France,1,Western,1,1965,2,1,1930,1932,France,0
317b0127,NL,1,France,NL,1,Western,1,1999,2,1,1972,1967,NL,1
317ba9be,NL,1,NL,NL,0,Western,1,1954,2,1,1927,1928,NL,1
319339d4,NL,-,NL,NL,0,Western,2,1994,2,1,1958,1964,NL,1
3198d705,NL,-,NL,France,1,Western,1,1993,2,1,1969,1968,NL,1
319d35d2,US,2,NL,NL,0,Western,0,1962,2,1,1936,1923,US,0
31a84483,NL,2,NL,NL,0,Western,2,1966,2,1,1935,1933,NL,1
31ac0395,US,2,NL,NL,0,Western,1,1965,2,1,1934,1942,US,0
31ac0cde,NL,2,NL,France,1,Western,2,1984,2,1,1949,1952,NL,1
31b493fe,NL,1,NL,NL,0,Western,1,1991,2,1,1962,1952,NL,1
31b9e7db,NL,1,NL,NL,0,Western,1,1990,2,1,1952,1964,NL,1
31c26b03,NL,2,NL,NL,0,Western,2,1951,2,1,1928,1916,NL,1
31ce0bbb,NL,1,NL,Egypt,1,Western,0,1995,2,1,1962,1958,NL,1
31d17e93,NL,1,NL,NL,0,Western,1,1984,2,1,1959,1952,NL,1
31d1927c,NL,2,France,NL,1,Western,2,1961,2,1,1922,1933,NL,1
31d1b37a,France,2,NL,NL,0,Western,1,1955,2,1,1926,1922,France,0
31d9ef26,NL,2,NL,NL,0,Western,0,1967,1,1,1934,1943,NL,1
31de076c,France,2,NL,NL,0,Western,1,1958,2,1,1935,1920,France,0
31ded34a,NL,-,NL,NL,0,Western,2,1957,2,1,1931,1921,NL,1
31dfeca6,NL,1,NL,NL,0,Western,0,1983,2,1,1953,1958,NL,1
31e20dd2,NL,1,NL,NL,0,Western,1,1968,2,1,1931,1932,NL,1
31f7be2a,NL,2,France,NL,1,Western,1,1958,2,1,1923,1927,NL,1
31faa7a3,NL,1,NL,NL,0,Western,1,1968,2,1,1945,1933,NL,1
31fdd838,NL,1,NL,NL,0,Western,1,1966,2,1,1945,1942,NL,1
3202b052,NL,2,NL,NL,0,Western,0,1958,2,1,1933,1919,NL,1
320d4a19,NL,1,NL,NL,0,Western,1,1951,2,1,1914,1914,NL,1
320e4313,NL,2,NL,France,1,Western,1,1967,2,1,1929,1933,NL,1
321282ad,France,-,NL,NL,0,Western,0,1985,2,1,1956,1954,France,0
3215a694,France,2,NL,NL,0,Western,1,1982,2,-,1961,1957,France,0
32161c3b,NL,2,NL,NL,0,Western,0,1984,2,1,1946,1952,NL,1
3217098d,NL,2,NL,NL,0,Western,1,1955,2,1,1935,1922,NL,1
321b9d61,NL,2,France,NL,1,Western,1,1970,1,1,1941,1935,NL,1
3221a558,NL,1,NL,NL,0,Western,1,1964,2,1,1927,1932,NL,1
32233a2f,NL,1,France,NL,1,Western,0,1985,2,1,1965,1962,NL,1
32295105,NL,2,NL,NL,0,Western,0,1990,2,1,1951,1956,NL,1
322e58b2,NL,1,France,NL,1,Western,2,1996,2,1,1960,1971,NL,1
323c3e0c,NL,2,NL,NL,0,Western,1,1996,2,1,1968,1974,NL,1
323c634c,NL,1,NL,NL,0,Western,0,1989,2,1,1952,1969,NL,1
323e5a41,NL,1,NL,NL,0,Western,1,1967,2,1,1942,1944,NL,1
32489cf4,France,1,NL,France,1,Western,1,1980,2,1,1951,1954,France,0
32494454,France,1,NL,NL,0,Western,1,1968,2,1,1944,1933,France,0
324eceb3,NL,2,NL,France,1,Western,1,1969,2,1,1949,1949,NL,1
32566cbd,NL,2,NL,France,1,Western,2,1950,2,1,1918,1916,NL,1
32589cc5,NL,2,NL,NL,0,Western,2,1981,2,1,1952,1951,NL,1
325e2218,NL,2,NL,NL,0,Western,1,1969,2,1,1939,1949,NL,1
32717b17,NL,1,NL,France,1,Western,1,1988,2,1,1962,1960,NL,1
32784e84,NL,1,NL,NL,0,Western,2,1996,2,1,1967,1968,NL,1
32785e7d,NL,1,NL,NL,0,Western,2,1963,2,1,1938,1929,NL,1
3281731d,NL,2,France,NL,1,Western,1,1987,2,1,1963,1954,NL,1
32836425,NL,2,NL,Egypt,1,Western,1,1984,2,1,1950,1954,NL,1
328ada9b,NL,1,NL,NL,0,Western,2,1991,2,1,1964,1971,NL,1
328d529e,NL,1,NL,NL,0,Western,0,1960,2,1,1925,1940,NL,1
32929fd4,NL,1,NL,NL,0,Western,2,1951,2,1,1916,1920,NL,1
3297a266,France,2,NL,France,1,Western,-,1967,2,1,1932,1939,France,0
32aad11a,NL,2,France,NL,1,Western,0,1954,2,1,1924,1923,NL,1
32abecef,NL,1,NL,NL,0,Western,0,1953,2,1,1923,1923,NL,1
32b045ae,NL,1,NL,NL,0,Western,0,1962,2,1,1932,1940,NL,1
32b34041,NL,1,NL,NL,0,Western,1,1990,2,1,1964,1957,NL,1
32b79725,NL,2,France,NL,1,Western,0,1970,2,1,1941,1938,NL,1
32b8a6ce,NL,1,NL,NL,0,Western,2,1950,2,1,1912,1912,NL,1
32b8d94b,NL,1,US,France,2,Western,2,1981,2,1,1945,1952,NL,1
32baebf6,NL,2,France,NL,1,Western,0,1957,2,1,1921,1933,NL,1
32e38c16,NL,2,France,NL,1,Western,1,1970,2,1,1934,1940,NL,1
32e45425,NL,2,NL,NL,0,Western,1,1988,2,1,1957,1954,NL,1
32e6135d,NL,1,NL,France,1,Western,1,1988,2,1,1962,1953,NL,1
32eb01ae,NL,1,Egypt,NL,1,Western,0,1955,2,1,1927,1934,NL,1
32eb6b07,NL,2,US,NL,1,Western,0,1981,2,1,1942,1958,NL,1
32f21c3d,NL,1,US,US,2,Western,1,1981,2,1,1958,1942,NL,1
32f607af,France,2,NL,France,1,Western,0,1985,2,1,1946,1946,France,0
330df1ca,NL,2,France,NL,1,Western,0,1989,2,1,1959,1968,NL,1
3316cc24,NL,1,France,NL,1,Western,2,1982,2,1,1946,1955,NL,1
3318c9ec,NL,1,NL,France,1,Western,0,1984,2,1,1945,1954,NL,1
331bb058,NL,2,France,NL,1,Western,2,1981,2,1,1942,1960,NL,1
331ee51a,France,2,NL,US,1,Western,1,1980,2,1,1960,1941,France,0
331f254c,NL,2,NL,France,1,Western,1,1969,-,1,1941,1943,NL,1
332526a3,NL,1,NL,France,1,Western,2,1953,2,1,1915,1914,NL,1
3328258a,NL,1,NL,NL,0,Western,1,1990,2,1,1956,1965,NL,1
33350497,France,2,NL,NL,0,Western,0,1969,2,1,1937,1937,France,0
3336b397,NL,1,NL,NL,0,Western,2,1950,2,1,1926,1920,NL,1
3337d22d,France,2,NL,NL,0,Western,1,1983,2,1,1959,1951,France,0
33383476,US,2,NL,NL,0,Western,2,1961,2,1,1933,1941,US,0
333b9907,NL,2,France,NL,1,Western,0,1981,2,1,1955,1949,NL,1
333bff38,NL,2,NL,NL,0,Western,1,1957,2,1,1924,1936,NL,1
333ca12d,NL,2,NL,NL,0,Western,2,1987,2,1,1959,1958,NL,1
333e8634,Egypt,2,NL,NL,0,Non-Western,1,1982,2,1,1943,1960,Egypt,0
3343c833,US,1,France,NL,1,Western,1,1952,2,1,1922,1929,US,0
33449226,NL,1,NL,France,1,Western,2,1950,2,1,1920,1929,NL,1
334845ab,NL,2,NL,US,1,Western,2,1981,2,1,1947,1960,NL,1
3348f473,NL,1,NL,NL,0,Western,1,1993,2,1,1966,1964,NL,1
334e343e,NL,2,NL,NL,0,Western,0,1955,2,1,1927,1931,NL,1
334f8bae,NL,2,NL,NL,0,Western,2,1962,2,1,1935,1936,NL,1
335139b9,NL,1,NL,US,1,Western,1,1989,2,-,1953,1953,NL,1
3353ab67,NL,2,NL,NL,0,Western,1,1960,2,1,1926,1934,NL,1
335435a0,NL,2,NL,Egypt,1,Western,0,1951,2,1,1927,1918,NL,1
33596083,NL,2,NL,NL,0,Western,1,1989,2,1,1958,1956,NL,1
335df92e,NL,2,NL,NL,0,Western,1,1992,2,1,1964,1965,NL,1
33606885,NL,2,NL,NL,0,Western,1,1985,2,1,1959,1953,NL,1
3367bf60,US,2,NL,NL,0,Western,2,1984,2,1,1948,1947,US,0
337253a3,NL,1,NL,France,1,Western,2,1958,2,1,1932,1931,NL,1
337268fa,NL,2,France,NL,1,Western,2,1981,2,1,1949,1957,NL,1
33738fa0,France,2,NL,NL,0,Western,2,1953,2,1,1916,1932,France,0
337a4f20,NL,1,NL,NL,0,Western,1,1970,2,1,1933,1947,NL,1
337fc1b2,NL,1,NL,NL,0,Western,2,1996,2,1,1961,1959,NL,1
3384e787,NL,1,France,NL,1,Western,0,1981,2,1,1945,1950,NL,1
3387f027,NL,2,NL,NL,0,Western,2,1982,2,1,1954,1952,NL,1
3393b165,France,1,France,NL,1,Western,1,1988,2,1,1957,1962,France,0
33943943,France,1,NL,France,1,Western,2,1960,2,1,1932,1937,France,0
339a032f,NL,2,NL,NL,0,Western,1,1954,2,1,1928,1918,NL,1
33a018dd,NL,1,France,NL,1,Western,1,1964,2,1,1932,1941,NL,1
33a164af,Egypt,2,NL,France,1,Non-Western,1,1985,2,1,1958,1965,Egypt,0
33a509c8,NL,1,NL,Egypt,1,Western,1,1993,2,1,1965,1956,NL,1
33bb996f,NL,1,NL,France,1,Western,1,1994,2,1,1960,1959,NL,1
33c1fb19,NL,1,France,NL,1,Western,1,1950,2,1,1911,1912,NL,1
33c21fb7,NL,2,NL,NL,0,Western,0,1990,2,1,1952,1952,NL,1
33c74a87,France,1,NL,NL,0,Western,1,1960,2,1,1934,1922,France,0
33c81467,NL,1,NL,France,1,Western,1,1996,2,1,1962,1964,NL,1
33c828b2,NL,1,France,NL,1,Western,1,1968,2,1,1933,1943,NL,1
33c98519,NL,1,NL,NL,0,Western,1,1958,2,1,1935,1929,NL,1
33ce1155,NL,1,US,NL,1,Western,1,1951,2,1,1929,1924,NL,1
33e268f2,NL,2,NL,NL,0,Western,1,1985,2,1,1955,1953,NL,1
33e699e6,NL,2,France,NL,1,Western,1,1961,2,1,1932,1939,NL,1
33e759a1,NL,2,France,NL,1,Western,2,1996,2,1,1975,1967,NL,1
33ee70ae,NL,1,NL,NL,0,Western,2,1982,2,1,1946,1954,NL,1
33f04898,NL,1,NL,NL,0,Western,1,1951,2,1,1923,1926,NL,1
33f07ea5,NL,1,France,NL,1,Western,1,1956,2,1,1917,1933,NL,1
33f13a64,NL,1,NL,NL,0,Western,2,1956,2,1,1932,1919,NL,1
33fe4f51,NL,2,France,NL,1,Western,0,1998,2,1,1962,1961,NL,1
34046b20,NL,2,NL,NL,0,Western,0,1981,2,1,1953,1947,NL,1
3407a176,France,1,NL,NL,0,Western,2,1982,2,1,1960,1953,France,0
340b9134,NL,2,NL,NL,0,Western,0,1987,2,1,1959,1959,NL,1
340dd8b0,Egypt,1,NL,NL,0,Non-Western,2,1981,2,1,1950,1953,Egypt,0
3411a388,NL,1,NL,NL,0,Western,2,1994,2,1,1955,1973,NL,1
3415f60a,NL,1,France,NL,1,Western,0,1967,2,1,1947,1945,NL,1
341c3477,NL,1,NL,France,1,Western,1,1985,2,1,1955,1948,NL,1
34213d8f,NL,2,NL,NL,0,Western,1,1990,2,1,1958,1958,NL,1
34229246,NL,2,NL,NL,0,Western,2,1961,2,1,1936,1936,NL,1
34254e1d,Egypt,2,NL,NL,0,Non-Western,0,1962,2,1,1925,1923,Egypt,0
34285f6f,NL,1,NL,NL,0,Western,2,1981,2,1,1954,1943,NL,1
3428653a,NL,1,NL,NL,0,Western,1,1991,2,1,1969,1959,NL,1
342adea1,NL,1,NL,France,1,Western,2,1990,2,1,1967,1964,NL,1
343db05a,NL,1,France,NL,1,Western,1,1992,2,1,1963,1962,NL,1
345bbf9d,NL,2,NL,NL,0,Western,0,1987,2,1,1957,1954,NL,1
3466d5b5,NL,2,NL,NL,0,Western,0,1983,2,1,1948,1960,NL,1
346de221,NL,2,NL,France,1,Western,1,1964,2,1,1927,1930,NL,1
346e6903,France,2,NL,France,1,Western,0,1958,2,1,1921,1927,France,0
3479167a,NL,-,France,NL,1,Western,1,1957,2,1,1923,1935,NL,1
348468d8,NL,2,NL,NL,0,Western,0,1961,2,1,1934,1928,NL,1
348d9d79,NL,1,NL,NL,0,Western,2,1950,2,1,1911,1916,NL,1
348dec87,NL,2,France,NL,1,Western,0,1962,2,1,1926,1938,NL,1
348f4a23,NL,2,NL,NL,0,Western,2,1997,2,1,1971,1960,NL,1
349b2975,NL,2,NL,NL,0,Western,0,1958,2,1,1929,1928,NL,1
349cd4f3,NL,1,NL,NL,0,Western,1,1991,2,1,1952,1958,NL,1
34a033f2,NL,1,NL,NL,0,Western,0,1983,2,1,1962,1962,NL,1
34aabb6c,NL,1,NL,France,1,Western,1,1953,2,1,1928,1922,NL,1
34b10b04,NL,1,France,US,2,Western,1,1968,2,1,1938,1943,NL,1
34bb6d53,NL,2,NL,NL,0,Western,1,1961,2,1,1937,1939,NL,1
34c2abbc,NL,2,NL,NL,0,Western,0,1953,2,1,1914,1920,NL,1
34c69902,NL,1,NL,NL,0,Western,0,1988,2,1,1964,1958,NL,1
34c86470,NL,2,NL,NL,0,Western,1,1981,2,1,1955,1960,NL,1
34ca25e9,France,1,NL,NL,0,Western,0,1981,2,1,1957,1951,France,0
34cb2380,NL,1,NL,NL,0,Western,1,1961,2,1,1926,1939,NL,1
34d9e7d0,NL,1,NL,NL,0,Western,0,1993,2,1,1958,1971,NL,1
34dacb78,NL,2,NL,NL,0,Western,1,1992,2,1,1972,1960,NL,1
34eea66f,France,2,NL,NL,0,Western,0,1981,2,1,1952,1961,France,0
34fd9573,NL,2,NL,NL,0,Western,2,1954,2,1,1933,1920,NL,1
350034b6,NL,2,NL,France,1,Western,2,1957,2,1,1937,1930,NL,1
3503cb9f,NL,1,France,NL,1,Western,1,1988,2,1,1968,1959,NL,1
3512e381,NL,2,NL,NL,0,Western,1,1990,2,1,1954,1960,NL,1
35180d24,NL,-,France,NL,1,Western,2,1959,2,1,1930,1931,NL,1
351d4696,NL,1,NL,NL,0,Western,1,1951,2,1,1913,1930,NL,1
351d80e7,NL,2,NL,NL,0,Western,0,1996,2,1,1961,1975,NL,1
35217dda,NL,2,NL,Egypt,1,Western,1,1997,2,1,1964,1974,NL,1
35285c3c,NL,2,NL,NL,0,Western,2,1963,2,1,1927,1927,NL,1
352b957b,NL,1,NL,NL,0,Western,0,1988,2,1,1967,1967,NL,1
35376150,NL,1,NL,France,1,Western,1,1961,2,1,1939,1927,NL,1
35422e7e,NL,1,NL,France,1,Western,0,1985,2,1,1957,1959,NL,1
35476cd7,NL,2,NL,NL,0,Western,1,1983,2,1,1957,1963,NL,1
35493c10,NL,1,NL,NL,0,Western,1,1969,2,1,1941,1931,NL,1
354bed65,NL,2,NL,Egypt,1,Western,0,1981,2,1,1958,1943,NL,1
3559ff8f,NL,-,NL,NL,0,Western,0,1993,2,1,1963,1957,NL,1
355f7388,NL,2,NL,NL,0,Western,0,1963,2,1,1925,1940,NL,1
3560ce10,NL,1,NL,France,1,Western,1,1962,2,1,1931,1939,NL,1
3561db91,NL,1,NL,NL,0,Western,1,1980,2,1,1959,1960,NL,1
356450cd,NL,1,NL,Egypt,1,Western,0,1954,2,1,1924,1929,NL,1
3569f325,NL,2,NL,NL,0,Western,0,1969,2,1,1940,1933,NL,1
356b7286,NL,1,NL,NL,0,Western,1,1956,2,1,1926,1930,NL,1
3575f8e3,NL,1,NL,NL,0,Western,1,1983,2,1,1945,1945,NL,1
35779d19,France,2,NL,NL,0,Western,0,1984,2,1,1945,1960,France,0
357c9c62,NL,1,NL,NL,0,Western,2,1951,2,2,1920,1925,NL,1
358c8d58,NL,2,NL,Egypt,1,Western,1,1995,2,1,1974,1969,NL,1
3592d163,NL,1,NL,NL,0,Western,1,1985,2,1,1946,1957,NL,1
359ab16a,NL,-,NL,NL,0,Western,2,1986,2,1,1955,1947,NL,1
359b0a7c,NL,1,NL,France,1,Western,1,1951,2,1,1914,1922,NL,1
359d4122,NL,1,NL,France,1,Western,0,1984,2,1,1951,1947,NL,1
35adc438,NL,2,NL,NL,0,Western,0,1984,2,1,1952,1963,NL,1
35ae1a2b,NL,2,France,NL,1,Western,2,1968,2,1,1929,1939,NL,1
35b54668,NL,1,NL,France,1,Western,1,1990,2,1,1964,1970,NL,1
35c18ebc,France,2,NL,NL,0,Western,1,1958,2,1,1920,1928,France,0
35c27f7d,NL,2,NL,NL,0,Western,-,1966,2,1,1934,1938,NL,1
35c3bd79,NL,1,NL,NL,0,Western,1,1966,2,1,1927,1931,NL,1
35d25783,US,1,France,NL,1,Western,2,1956,2,1,1924,1935,US,0
35d575de,NL,1,NL,NL,0,Western,1,1980,2,1,1943,1952,NL,1
35d90f57,NL,2,NL,France,1,Western,2,1953,2,1,1931,1920,NL,1
35da5c70,NL,2,NL,NL,0,Western,0,1986,2,1,1948,1956,NL,1
35df0ca2,NL,2,NL,NL,0,Western,2,1982,2,1,1943,1947,NL,1
36047f1c,NL,-,NL,NL,0,Western,1,1987,2,1,1951,1967,NL,1
36062830,France,1,France,NL,1,Western,1,1986,2,1,1950,1958,France,0
36084a60,NL,1,France,NL,1,Western,2,1981,2,1,1961,1956,NL,1
360d4f1e,NL,2,NL,NL,0,Western,0,1953,2,1,1915,1931,NL,1
36134fd1,NL,1,NL,NL,0,Western,1,1981,2,1,1954,1958,NL,1
36157766,NL,-,NL,NL,0,Western,2,1996,2,1,1961,1960,NL,1
36177b3f,France,2,NL,NL,0,Western,1,1970,2,1,1935,1948,France,0
36195f2e,NL,1,NL,France,1,Western,1,1980,2,1,1944,1958,NL,1
361c970e,NL,2,NL,NL,0,Western,2,1953,2,1,1933,1929,NL,1
361eb190,France,1,NL,NL,0,Western,1,1960,2,1,1924,1939,France,0
3626adb7,NL,2,NL,NL,0,Western,1,1967,2,1,1928,1937,NL,1
362e2cb6,NL,1,NL,NL,0,Western,0,1991,2,1,1959,1957,NL,1
36322f26,NL,2,NL,NL,0,Western,1,1985,2,1,1963,1965,NL,1
363ab33e,NL,2,NL,NL,0,Western,1,1991,2,1,1957,1952,NL,1
363ae9a9,US,2,NL,NL,0,Western,2,1962,2,1,1928,1932,US,0
364200da,NL,2,NL,NL,0,Western,1,1980,2,1,1947,1953,NL,1
36426134,NL,2,NL,NL,0,Western,1,1984,2,1,1948,1958,NL,1
364b4e43,Egypt,-,NL,NL,0,Non-Western,1,1965,2,1,1932,1938,Egypt,0
36572eaa,France,2,NL,NL,0,Western,1,1982,2,1,1946,1946,France,0
365d2a65,France,2,France,NL,1,Western,1,1958,2,1,1919,1938,France,0
3662ccc0,France,1,NL,NL,0,Western,0,1988,2,1,1959,1958,France,0
366485d8,NL,1,France,NL,1,Western,2,1985,2,1,1948,1951,NL,1
3667c704,France,1,NL,France,1,Western,0,1989,2,1,1953,1953,France,0
3667c711,NL,1,NL,NL,0,Western,1,1966,2,-,1942,1943,NL,1
36692022,NL,2,NL,NL,0,Western,0,1959,2,1,1922,1923,NL,1
366a5a30,NL,1,NL,NL,0,Western,2,1964,2,1,1933,1944,NL,1
366ad080,NL,2,NL,NL,0,Western,1,1984,2,1,1959,1945,NL,1
366daeaf,NL,2,NL,France,1,Western,2,1964,2,1,1927,1934,NL,1
367120de,Egypt,1,NL,NL,0,Non-Western,0,1960,2,1,1922,1933,Egypt,0
36719438,NL,2,NL,NL,0,Western,2,1992,2,1,1971,1971,NL,1
36777973,NL,2,NL,NL,0,Western,2,1956,2,1,1936,1919,NL,1
368113aa,NL,1,NL,NL,0,Western,2,1990,2,1,1962,1952,NL,1
36856187,NL,2,NL,NL,0,Western,2,1991,2,1,1962,1970,NL,1
3686bb77,NL,2,NL,NL,0,Western,2,1980,2,1,1956,1942,NL,1
3687ea9c,NL,1,NL,NL,0,Western,2,1969,2,1,1932,1945,NL,1
368a0a4a,NL,1,France,NL,1,Western,2,1953,2,1,1922,1919,NL,1
369a42d4,NL,1,NL,NL,0,Western,2,1962,2,1,1924,1933,NL,1
369d51b8,NL,1,NL,NL,0,Western,0,1970,2,1,1934,1941,NL,1
369d9060,NL,1,NL,NL,0,Western,0,1965,2,1,1934,1939,NL,1
36a3e0b9,NL,1,NL,NL,0,Western,2,1961,2,1,1938,1937,NL,1
36a534f6,France,2,US,NL,1,Western,0,1955,2,1,1926,1918,France,0
36afa8b6,NL,1,France,NL,1,Western,1,1962,2,1,1930,1928,NL,1
36b94373,NL,1,NL,NL,0,Western,0,1990,2,1,1953,1954,NL,1
36c4f9ef,NL,2,NL,NL,0,Western,1,1961,2,1,1929,1937,NL,1
36caa0dd,NL,1,NL,NL,0,Western,0,1953,2,1,1933,1919,NL,1
36cb232f,US,1,NL,NL,0,Western,0,1955,2,1,1917,1927,US,0
36d4d199,NL,1,NL,France,1,Western,0,1987,2,1,1957,1959,NL,1
36d71d0b,NL,1,NL,NL,0,Western,2,1957,2,1,1928,1932,NL,1
36d9b510,NL,2,NL,NL,0,Western,0,1990,2,1,1960,1955,NL,1
36da6339,NL,2,NL,NL,0,Western,1,1961,2,1,1933,1930,NL,1
36de918d,NL,1,NL,NL,0,Western,0,1980,2,1,1959,1960,NL,1
36e77d30,NL,1,NL,NL,0,Western,1,1986,2,1,1965,1965,NL,1
36e9cfb4,France,2,France,NL,1,Western,2,1965,2,1,1943,1938,France,0
36ef6d05,NL,1,NL,NL,0,Western,2,1962,2,1,1925,1929,NL,1
36f25cca,NL,2,NL,NL,0,Western,1,1997,2,1,1977,1960,NL,1
36f65442,NL,1,NL,NL,0,Western,0,1967,2,1,1944,1940,NL,1
36f8fe65,NL,1,NL,NL,0,Western,1,1989,2,1,1953,1953,NL,1
37046141,France,1,NL,NL,0,Western,1,1989,2,1,1950,1953,France,0
371576a1,France,1,NL,France,1,Western,1,1953,2,1,1933,1926,France,0
371756dd,NL,2,France,NL,1,Western,1,1963,2,1,1940,1941,NL,1
3719c5eb,NL,1,NL,Egypt,1,Western,2,1970,2,1,1945,1944,NL,1
371a12c0,NL,2,US,France,2,Western,2,1986,2,1,1959,1957,NL,1
371a441e,NL,1,NL,NL,0,Western,1,1996,2,1,1963,1960,NL,1
371a44d4,NL,1,France,NL,1,Western,1,1962,2,1,1933,1928,NL,1
371bd8d8,Egypt,-,NL,NL,0,Non-Western,1,1952,2,1,1927,1918,Egypt,0
371c2417,NL,2,NL,NL,0,Western,1,1950,2,1,1923,1923,NL,1
371c295c,NL,1,NL,NL,0,Western,1,1970,1,1,1933,1945,NL,1
372aec4e,France,1,NL,NL,0,Western,2,1988,2,1,1955,1957,France,0
3731c24b,US,2,NL,NL,0,Western,2,1955,2,1,1933,1932,US,0
37341e23,NL,2,NL,NL,0,Western,2,1958,2,1,1937,1938,NL,1
3734740b,US,2,France,NL,1,Western,2,1958,2,1,1926,1926,US,0
3744bf8e,NL,1,NL,NL,0,Western,2,1985,2,1,1965,1947,NL,1
3745a07d,NL,1,France,US,2,Western,1,1969,2,1,1944,1931,NL,1
37482a69,NL,1,NL,NL,0,Western,2,1962,2,1,1939,1937,NL,1
374a93e3,NL,1,NL,NL,0,Western,0,1985,2,1,1949,1947,NL,1
375067db,NL,2,NL,Egypt,1,Western,2,1992,2,1,1966,1967,NL,1
375536a3,NL,1,NL,France,1,Western,1,1968,2,1,1929,1947,NL,1
3755d06d,NL,2,France,NL,1,Western,1,1994,2,1,1964,1956,NL,1
375c2eba,France,2,NL,NL,0,Western,0,1958,2,1,1925,1929,France,0
375ca3dc,France,2,NL,NL,0,Western,1,1954,2,1,1915,1920,France,0
37606f04,NL,2,France,France,2,Western,2,1985,2,1,1964,1956,NL,1
37695c85,NL,2,NL,NL,0,Western,2,1987,2,-,1957,1951,NL,1
3769f135,NL,1,NL,NL,0,Western,1,1964,2,1,1935,1938,NL,1
376c5f17,NL,2,NL,France,1,Western,2,1983,2,1,1962,1944,NL,1
376e0f98,NL,1,NL,NL,0,Western,-,1983,2,1,1959,1954,NL,1
376f0e4e,France,1,NL,NL,0,Western,1,1963,2,1,1939,1937,France,0
376f2d0c,US,2,NL,NL,0,Western,0,1986,2,1,1963,1966,US,0
3777baaf,France,2,NL,NL,0,Western,1,1986,2,1,1954,1962,France,0
377b9f34,US,1,France,NL,1,Western,0,1966,2,1,1927,1934,US,0
377de796,France,2,NL,NL,0,Western,2,1990,2,1,1960,1970,France,0
377e8062,NL,1,NL,NL,0,Western,0,1955,2,1,1919,1926,NL,1
378237bf,NL,2,NL,NL,0,Western,1,1958,2,1,1921,1935,NL,1
378bb815,Egypt,2,NL,US,1,Non-Western,1,1963,2,1,1928,1928,Egypt,0
378f56a0,NL,2,NL,NL,0,Western,1,1970,2,1,1946,1946,NL,1
379b854b,France,2,US,NL,1,Western,2,1987,2,1,1958,1967,France,0
379db156,NL,1,NL,NL,0,Western,2,1969,2,1,1945,1936,NL,1
379eb1c5,NL,2,NL,NL,0,Western,2,1983,2,1,1947,1956,NL,1
379fc098,France,2,NL,NL,0,Western,0,1953,2,1,1931,1918,France,0
37a6a8b5,US,2,France,France,2,Western,1,1983,2,1,1950,1951,US,0
37a8068a,NL,2,NL,NL,0,Western,2,1969,2,1,1933,1949,NL,1
37b131ef,NL,1,NL,Egypt,1,Western,0,1989,2,1,1964,1967,NL,1
37b88735,NL,1,NL,France,1,Western,0,1983,2,1,1959,1949,NL,1
37bc99e5,NL,2,NL,NL,0,Western,1,1981,2,1,1944,1951,NL,1
37be67ed,NL,1,NL,NL,0,Western,2,1957,2,1,1925,1922,NL,1
37c0e1a4,NL,2,Egypt,NL,1,Western,1,1991,2,1,1955,1962,NL,1
37c6164f,NL,1,Egypt,NL,1,Western,1,1957,2,1,1919,1924,NL,1
37c75aff,NL,2,NL,NL,0,Western,0,1984,2,1,1949,1960,NL,1
37cfc1cc,NL,1,France,France,2,Western,0,1969,2,1,1936,1931,NL,1
37d0d60d,NL,2,NL,NL,0,Western,1,1991,2,1,1953,1960,NL,1
37d2a0a3,NL,1,France,NL,1,Western,1,1994,2,1,1955,1971,NL,1
37d7167b,NL,2,Egypt,NL,1,Western,1,1951,2,1,1926,1931,NL,1
37dce3bd,France,1,NL,NL,0,Western,2,1961,2,1,1938,1923,France,0
37e06cf6,NL,2,NL,France,1,Western,1,1994,2,1,1973,1963,NL,1
37e6208b,NL,1,France,US,2,Western,2,1951,2,1,1912,1929,NL,1
37e788ce,NL,1,NL,NL,0,Western,2,1995,2,1,1971,1959,NL,1
37ec4088,France,1,NL,US,1,Western,0,1986,2,1,1948,1962,France,0
37f313b0,NL,1,NL,NL,0,Western,1,1987,2,1,1961,1949,NL,1
37f34da6,NL,2,NL,NL,0,Western,2,1963,2,1,1928,1928,NL,1
37f73e07,NL,1,NL,France,1,Western,2,1966,2,1,1945,1946,NL,1
37f98689,NL,1,France,NL,1,Western,0,1956,2,1,1921,1924,NL,1
37fcddf5,NL,2,NL,NL,0,Western,2,1994,2,1,1963,1973,NL,1
380b7e06,NL,2,NL,NL,0,Western,2,1950,2,1,1916,1911,NL,1
3812f338,NL,1,NL,NL,0,Western,1,1954,2,1,1920,1929,NL,1
38199bfd,NL,2,NL,NL,0,Western,0,1982,2,1,1945,1959,NL,1
381ad765,NL,1,NL,NL,0,Western,1,1992,2,1,1964,1962,NL,1
381ef11b,France,2,NL,NL,0,Western,0,1989,2,1,1962,1962,France,0
381ff90d,Egypt,1,NL,NL,0,Non-Western,1,1959,2,1,1923,1928,Egypt,0
382252da,NL,1,Egypt,NL,1,Western,2,1950,2,1,1913,1927,NL,1
38252a36,France,2,NL,NL,0,Western,2,1953,2,1,1931,1918,France,0
3828d289,NL,2,NL,NL,0,Western,1,1954,2,1,1933,1933,NL,1
382c0cb3,NL,1,NL,NL,0,Western,0,1956,2,1,1921,1925,NL,1
3835bdea,NL,2,France,NL,1,Western,2,1951,2,1,1914,1926,NL,1
384ce36d,NL,1,NL,NL,0,Western,1,1950,2,1,1911,1916,NL,1
38501897,NL,2,Egypt,NL,1,Western,1,1962,2,1,1927,1937,NL,1
3850ab38,NL,2,NL,NL,0,Western,2,1962,2,1,1938,1942,NL,1
385366ec,NL,2,US,NL,1,Western,1,1961,2,1,1933,1936,NL,1
38546b51,NL,2,France,NL,1,Western,1,1990,2,1,1961,1969,NL,1
3858b407,NL,1,France,NL,1,Western,2,1983,2,1,1956,1952,NL,1
3861e639,NL,2,NL,NL,0,Western,2,1963,2,1,1929,1926,NL,1
38642523,NL,2,NL,France,1,Western,2,1963,2,1,1932,1943,NL,1
387188bb,NL,2,NL,NL,0,Western,0,1951,2,1,1923,1921,NL,1
3872174f,NL,2,NL,NL,0,Western,2,1959,2,1,1928,1939,NL,1
3872b4c9,NL,1,NL,NL,0,Western,1,1992,2,1,1955,1962,NL,1
38792d32,NL,1,NL,NL,0,Western,1,1959,2,1,1920,1925,NL,1
387b74d5,NL,2,NL,France,1,Western,1,1995,2,1,1964,1965,NL,1
387c6be1,NL,1,France,NL,1,Western,1,1967,2,2,1939,1947,NL,1
387e3ace,NL,2,NL,France,1,Western,-,1995,2,1,1963,1970,NL,1
3881a26d,NL,1,NL,NL,0,Western,1,1960,2,1,1931,1922,NL,1
388ae55a,NL,1,NL,NL,0,Western,0,1959,2,1,1934,1935,NL,1
388d7e0d,NL,2,NL,Egypt,1,Western,1,1969,2,1,1949,1934,NL,1
3898d6b4,NL,2,NL,France,1,Western,0,1959,2,1,1937,1930,NL,1
3899c309,NL,2,NL,NL,0,Western,2,1968,2,1,1943,1948,NL,1
389b263a,NL,2,NL,NL,0,Western,1,1966,2,1,1938,1929,NL,1
38ac057e,NL,1,NL,France,1,Western,0,1993,2,1,1959,1961,NL,1
38ae7dae,NL,1,NL,NL,0,Western,2,1950,2,1,1919,1916,NL,1
38b1a115,NL,2,NL,NL,0,Western,0,1983,2,1,1959,1955,NL,1
38b30a91,NL,2,NL,NL,0,Western,1,1991,2,1,1969,1954,NL,1
38b6295e,NL,1,NL,NL,0,Western,1,1997,2,1,1966,1970,NL,1
38badafa,France,1,NL,NL,0,Western,2,1960,2,1,1923,1932,France,0
38bb1bf2,NL,1,NL,NL,0,Western,1,1996,2,1,1957,1963,NL,1
38bd7acd,France,1,NL,France,1,Western,1,1956,2,1,1928,1924,France,0
38be7329,NL,2,NL,France,1,Western,0,1956,2,1,1929,1917,NL,1
38c24cda,NL,1,France,Egypt,2,Western,1,1985,2,1,1958,1964,NL,1
38c3c5d7,NL,1,NL,France,1,Western,0,1963,2,1,1934,1929,NL,1
38e913c4,NL,2,NL,NL,0,Western,1,1986,2,1,1949,1951,NL,1
38f7adb9,NL,2,France,NL,1,Western,1,1986,2,1,1950,1953,NL,1
38f7d37a,NL,2,NL,France,1,Western,1,1954,2,1,1933,1915,NL,1
38fa3503,NL,2,NL,NL,0,Western,0,1994,2,1,1969,1956,NL,1
38fb7da0,NL,1,NL,NL,0,Western,2,1994,2,1,1957,1968,NL,1
39028c16,NL,1,US,NL,1,Western,0,1951,2,1,1920,1927,NL,1
39065f81,NL,1,NL,NL,0,Western,1,1969,2,1,1945,1941,NL,1
390720b2,NL,2,NL,NL,0,Western,0,1963,2,1,1941,1933,NL,1
390754c4,Egypt,2,NL,NL,0,Non-Western,2,1968,2,1,1939,1935,Egypt,0
3907f5eb,NL,2,NL,NL,0,Western,1,1962,2,1,1925,1925,NL,1
3908d00b,NL,1,Egypt,NL,1,Western,2,1998,2,1,1968,1974,NL,1
3909046b,France,1,France,NL,1,Western,2,1963,2,1,1941,1936,France,0
390a9a7e,NL,2,NL,US,1,Western,1,1956,2,1,1920,1936,NL,1
390c94df,NL,2,NL,NL,0,Western,1,1995,2,1,1972,1965,NL,1
39106fb3,NL,1,NL,NL,0,Western,1,1969,2,1,1946,1947,NL,1
391a23d4,NL,1,France,France,2,Western,0,1961,2,1,1926,1926,NL,1
391b8c57,NL,1,NL,NL,0,Western,2,1959,2,1,1924,1938,NL,1
391df48a,NL,1,NL,NL,0,Western,1,1988,2,1,1953,1962,NL,1
391e4f8d,France,2,France,NL,1,Western,2,1953,2,1,1923,1914,France,0
391eff4c,NL,1,France,NL,1,Western,0,1968,2,1,1940,1941,NL,1
39268ce0,NL,2,NL,NL,0,Western,1,1962,2,1,1940,1928,NL,1
393aa3ad,NL,2,NL,NL,0,Western,0,1988,2,1,1961,1968,NL,1
393b5494,NL,2,NL,Egypt,1,Western,0,1958,2,1,1925,1928,NL,1
393bf391,NL,1,NL,NL,0,Western,1,1963,2,1,1941,1930,NL,1
393e483e,France,2,NL,NL,0,Western,0,1984,2,1,1959,1963,France,0
393e8c57,France,1,NL,NL,0,Western,1,1961,2,1,1928,1936,France,0
393ff81b,NL,2,NL,NL,0,Western,1,1955,2,1,1923,1922,NL,1
3946d0a3,NL,2,NL,France,1,Western,-,1994,2,1,1974,1964,NL,1
39489883,NL,2,France,NL,1,Western,1,1996,2,1,1961,1971,NL,1
394bcc2f,NL,2,France,NL,1,Western,0,1962,2,1,1926,1939,NL,1
394da088,NL,2,NL,NL,0,Western,1,1965,2,1,1930,1934,NL,1
3957bef0,NL,1,NL,NL,0,Western,1,1994,2,1,1974,1963,NL,1
3959a79e,NL,2,NL,NL,0,Western,-,1981,2,1,1954,1948,NL,1
39621d09,NL,2,NL,NL,0,Western,2,1951,2,1,1919,1928,NL,1
3966ddb9,NL,2,NL,NL,0,Western,2,1962,2,1,1923,1928,NL,1
396754f4,NL,1,NL,NL,0,Western,0,1956,2,1,1920,1927,NL,1
396a943e,NL,1,France,NL,1,Western,1,1989,2,1,1963,1963,NL,1
39788375,NL,2,NL,NL,0,Western,2,1954,2,1,1917,1924,NL,1
397d45ee,NL,2,NL,France,1,Western,2,1958,2,1,1922,1932,NL,1
39811e40,NL,1,NL,France,1,Western,2,1983,2,-,1953,1950,NL,1
398154f8,NL,2,NL,NL,0,Western,1,1980,2,1,1953,1956,NL,1
398e6c00,NL,2,NL,France,1,Western,0,1956,2,1,1923,1917,NL,1
399ac917,NL,2,NL,NL,0,Western,0,1952,2,1,1931,1918,NL,1
39a08a16,NL,1,NL,NL,0,Western,2,1951,2,1,1922,1931,NL,1
39aa773c,US,1,NL,NL,0,Western,1,1984,2,1,1961,1946,US,0
39d24063,NL,2,NL,NL,0,Western,0,1994,2,1,1969,1964,NL,1
39d2c232,NL,2,US,NL,1,Western,2,1970,2,-,1931,1934,NL,1
39d7249e,NL,2,France,NL,1,Western,1,1963,2,1,1940,1941,NL,1
39dcd774,NL,1,NL,NL,0,Western,1,1961,2,1,1934,1936,NL,1
39e1e8d1,NL,1,NL,NL,0,Western,2,1980,2,1,1942,1942,NL,1
39e1f64b,NL,1,NL,NL,0,Western,0,1993,2,1,1960,1959,NL,1
39e40c59,NL,2,NL,NL,0,Western,0,1987,2,1,1948,1952,NL,1
39e64633,NL,1,NL,NL,0,Western,2,1950,2,1,1923,1916,NL,1
39ec4e84,NL,1,NL,NL,0,Western,1,1968,2,1,1946,1935,NL,1
39efc728,NL,1,NL,France,1,Western,0,1960,2,1,1923,1926,NL,1
39f03974,NL,1,NL,NL,0,Western,1,1987,2,1,1958,1966,NL,1
39f18743,NL,1,NL,NL,0,Western,0,1994,2,1,1959,1961,NL,1
39f7cc7a,NL,1,France,France,2,Western,2,1995,2,1,1968,1963,NL,1
3a050b62,NL,2,NL,NL,0,Western,0,1957,2,1,1933,1931,NL,1
3a0d1843,NL,2,NL,NL,0,Western,2,1958,2,1,1927,1935,NL,1
3a1835bb,NL,2,France,NL,1,Western,1,1980,2,1,1957,1954,NL,1
3a19a450,NL,2,NL,NL,0,Western,0,1985,2,1,1947,1958,NL,1
3a21be53,NL,1,NL,NL,0,Western,1,1952,2,1,1928,1916,NL,1
3a234740,NL,2,NL,NL,0,Western,1,1950,2,1,1923,1911,NL,1
3a29beb0,NL,1,France,NL,1,Western,0,1956,2,1,1919,1921,NL,1
3a3446c5,NL,1,NL,NL,0,Western,1,1994,2,1,1974,1958,NL,1
3a35ebee,NL,1,NL,NL,0,Western,1,1997,2,1,1960,1960,NL,1
3a3e69f4,France,2,France,US,2,Western,1,1980,2,1,1954,1943,France,0
3a422632,France,1,NL,NL,0,Western,0,1969,2,1,1949,1941,France,0
3a47addc,NL,1,Egypt,NL,1,Western,1,1953,2,1,1914,1923,NL,1
3a4818fc,NL,1,NL,NL,0,Western,2,1995,2,1,1969,1960,NL,1
3a4a3257,NL,2,NL,France,1,Western,1,1992,2,1,1953,1968,NL,1
3a4b49a3,NL,2,NL,NL,0,Western,1,1989,2,1,1964,1965,NL,1
3a4bdd36,NL,2,NL,France,1,Western,2,1983,2,1,1953,1956,NL,1
3a568dbe,NL,1,NL,NL,0,Western,2,1960,2,1,1926,1937,NL,1
3a61106c,NL,2,NL,NL,0,Western,2,1950,2,1,1917,1915,NL,1
3a68a712,NL,2,NL,NL,0,Western,1,1963,2,1,1925,1933,NL,1
3a68d16e,NL,1,NL,NL,0,Western,1,1980,2,1,1945,1945,NL,1
3a6dff82,NL,1,NL,NL,0,Western,2,1981,2,2,1955,1948,NL,1
3a6e1a2d,NL,2,NL,NL,0,Western,0,1999,2,1,1964,1971,NL,1
3a6fda8e,NL,2,France,France,2,Western,0,1957,2,1,1927,1931,NL,1
3a73c5c2,NL,2,NL,NL,0,Western,0,1968,2,1,1939,1929,NL,1
3a7d904c,France,2,NL,NL,0,Western,0,1985,2,1,1952,1956,France,0
3a805132,NL,1,NL,NL,0,Western,1,1952,2,1,1931,1922,NL,1
3a819d55,NL,1,France,NL,1,Western,1,1950,2,1,1921,1914,NL,1
3a820731,NL,-,France,NL,1,Western,2,1991,2,1,1962,1965,NL,1
3a918901,NL,2,NL,France,1,Western,1,1997,2,1,1964,1958,NL,1
3a940f1d,US,1,NL,NL,0,Western,0,1950,2,1,1915,1929,US,0
3a9d11f8,NL,1,NL,NL,0,Western,2,1966,2,1,1929,1942,NL,1
3a9ef886,NL,-,NL,NL,0,Western,0,1964,2,1,1930,1944,NL,1
3aa2c5a5,US,2,NL,NL,0,Western,1,1982,2,1,1955,1952,US,0
3aa8fdd8,NL,2,NL,NL,0,Western,1,1958,2,1,1928,1926,NL,1
3aa91ea1,France,1,NL,France,1,Western,2,1958,2,1,1923,1933,France,0
3aafb6e6,France,2,France,NL,1,Western,0,1969,2,1,1944,1947,France,0
3ab38478,NL,1,Egypt,France,2,Western,2,1958,2,1,1921,1936,NL,1
3ab44e54,NL,1,NL,NL,0,Western,1,1956,2,1,1932,1923,NL,1
3abb2e7c,France,-,NL,France,1,Western,2,1985,2,1,1958,1948,France,0
3ac3ca49,NL,1,France,NL,1,Western,2,1958,2,2,1926,1938,NL,1
3ad83b6a,NL,1,NL,NL,0,Western,1,1983,2,1,1945,1954,NL,1
3ae30b61,NL,2,NL,NL,0,Western,0,1970,2,1,1947,1940,NL,1
3ae60bbf,France,2,NL,Egypt,1,Western,1,1965,2,1,1936,1929,France,0
3af2477a,NL,2,NL,NL,0,Western,1,1981,2,1,1944,1944,NL,1
3b04fcdb,NL,1,NL,NL,0,Western,0,1962,2,1,1933,1936,NL,1
3b0f989c,NL,1,NL,NL,0,Western,0,1982,2,1,1955,1961,NL,1
3b0fc39a,NL,1,NL,NL,0,Western,0,1985,2,1,1962,1951,NL,1
3b13b691,NL,2,NL,France,1,Western,2,1962,2,1,1924,1942,NL,1
3b190eb5,NL,2,France,NL,1,Western,0,1991,2,1,1952,1953,NL,1
3b1a1aa2,NL,2,NL,NL,0,Western,1,1994,2,1,1965,1974,NL,1
3b390e7f,NL,2,NL,France,1,Western,0,1957,2,1,1928,1937,NL,1
3b485dbf,NL,2,NL,NL,0,Western,0,1951,2,1,1915,1916,NL,1
3b49f96a,NL,2,France,NL,1,Western,1,1980,2,1,1945,1948,NL,1
3b4da162,France,1,NL,NL,0,Western,1,1954,2,1,1918,1920,France,0
3b4f0a96,NL,1,NL,France,1,Western,1,1996,2,1,1969,1965,NL,1
3b537b4a,NL,1,NL,France,1,Western,0,1956,2,1,1933,1917,NL,1
3b65099b,NL,1,NL,NL,0,Western,1,1988,2,1,1952,1951,NL,1
3b659d3d,NL,2,NL,NL,0,Western,1,1990,2,1,1960,1954,NL,1
3b67087a,NL,2,NL,NL,0,Western,0,1991,2,1,1967,1952,NL,1
3b6ad27f,NL,2,NL,France,1,Western,0,1998,2,1,1971,1967,NL,1
3b7254d3,NL,1,NL,France,1,Western,1,1966,2,1,1933,1942,NL,1
3b81d0d1,NL,1,NL,NL,0,Western,0,1982,2,1,1958,1948,NL,1
3b8a3079,NL,1,France,NL,1,Western,0,1999,2,1,1968,1979,NL,1
3b8b2946,NL,1,NL,NL,0,Western,0,1963,2,1,1932,1937,NL,1
3b8cbb7c,NL,1,NL,NL,0,Western,1,1965,2,1,1932,1931,NL,1
3b92e2b2,NL,1,NL,France,1,Western,1,1967,2,1,1944,1935,NL,1
3b92e560,France,2,NL,NL,0,Western,1,1985,2,1,1951,1953,France,0
3b9dd5e5,NL,1,NL,Egypt,1,Western,0,1959,2,1,1933,1926,NL,1
3ba38ad9,NL,2,NL,NL,0,Western,1,1992,2,1,1963,1959,NL,1
3ba60d20,NL,2,NL,NL,0,Western,1,1956,2,1,1936,1932,NL,1
3ba990c9,France,1,NL,Egypt,1,Western,1,1961,2,1,1940,1931,France,0
3bab7d2f,France,2,NL,NL,0,Western,1,1986,2,1,1959,1959,France,0
3bacbc2c,NL,1,NL,NL,0,Western,0,1996,2,1,1957,1970,NL,1
3baf71dc,NL,1,NL,NL,0,Western,0,1969,2,1,1933,1947,NL,1
3bb04fad,NL,2,NL,NL,0,Western,0,1964,2,1,1942,1937,NL,1
3bb43613,NL,2,US,NL,1,Western,1,1991,2,1,1953,1961,NL,1
3bb777e5,NL,2,NL,NL,0,Western,1,1957,2,1,1931,1928,NL,1
3bc2816c,NL,2,NL,NL,0,Western,2,1994,2,1,1970,1965,NL,1
3bcabd16,NL,1,France,NL,1,Western,1,1986,2,1,1963,1952,NL,1
3bcc7cac,France,1,NL,US,1,Western,2,1954,2,1,1930,1928,France,0
3bcd5aff,NL,1,NL,NL,0,Western,2,1983,2,1,1951,1961,NL,1
3bd4d1a2,NL,2,NL,NL,0,Western,2,1991,2,1,1970,1962,NL,1
3bdae22a,France,1,NL,NL,0,Western,0,1984,2,1,1951,1945,France,0
3bdbdf87,NL,2,NL,US,1,Western,1,1968,2,1,1947,1931,NL,1
3bde0a2e,NL,1,NL,NL,0,Western,1,1963,2,1,1932,1941,NL,1
3bdedc0f,NL,1,US,NL,1,Western,1,1983,2,1,1955,1944,NL,1
3bf10378,NL,1,France,NL,1,Western,1,1967,2,1,1941,1936,NL,1
3bf6746d,NL,1,NL,NL,0,Western,1,1970,2,1,1941,1933,NL,1
3bf88359,NL,1,NL,France,1,Western,1,1952,2,1,1930,1918,NL,1
3c04f15d,NL,2,NL,NL,0,Western,2,1993,2,1,1966,1958,NL,1
3c0c72fb,France,1,NL,France,1,Western,0,1985,2,1,1964,1948,France,0
3c1058b7,NL,2,US,NL,1,Western,2,1993,2,2,1962,1958,NL,1
3c1189b4,NL,1,NL,NL,0,Western,1,1992,2,1,1968,1953,NL,1
3c14e45a,NL,2,NL,US,1,Western,0,1965,2,1,1928,1938,NL,1
3c2030d6,NL,1,NL,NL,0,Western,1,1955,2,1,1927,1928,NL,1
3c21e87e,NL,1,US,NL,1,Western,2,1997,2,1,1963,1961,NL,1
3c262ca0,NL,2,NL,NL,0,Western,2,1962,2,1,1929,1934,NL,1
3c266f86,France,1,NL,NL,0,Western,1,1966,2,1,1928,1938,France,0
3c2bc8cb,France,1,Egypt,NL,1,Western,0,1982,1,1,1943,1958,France,0
3c30dd67,France,1,NL,NL,0,Western,2,1952,2,1,1926,1917,France,0
3c35b700,NL,2,France,NL,1,Western,0,1964,2,1,1932,1931,NL,1
3c362c7d,NL,1,NL,NL,0,Western,1,1984,2,1,1955,1955,NL,1
3c3b1055,NL,1,NL,France,1,Western,0,1983,2,1,1956,1947,NL,1
3c3bef1b,NL,1,NL,NL,0,Western,1,1965,2,1,1942,1938,NL,1
3c3cb36c,NL,2,NL,NL,0,Western,0,1998,2,1,1964,1974,NL,1
3c3d6a45,NL,2,NL,NL,0,Western,1,1989,2,1,1962,1951,NL,1
3c3ec843,NL,2,France,NL,1,Western,2,1968,2,1,1942,1934,NL,1
3c4daa41,NL,1,NL,NL,0,Western,2,1964,2,1,1927,1934,NL,1
3c52f795,NL,2,NL,NL,0,Western,1,1994,2,1,1967,1965,NL,1
3c53859f,NL,1,NL,NL,0,Western,2,1959,2,-,1925,1922,NL,1
3c585699,NL,2,NL,NL,0,Western,2,1989,2,1,1960,1958,NL,1
3c68d640,US,1,France,NL,1,Western,0,1969,2,1,1936,1935,US,0
3c69b4df,NL,1,France,NL,1,Western,0,1961,2,1,1934,1930,NL,1
3c6b39d0,NL,1,NL,NL,0,Western,2,1988,2,1,1958,1967,NL,1
3c7ee526,NL,1,France,France,2,Western,0,1994,2,1,1969,1956,NL,1
3c88f7d1,NL,2,France,France,2,Western,1,1991,2,1,1962,1963,NL,1
3c8935c7,France,2,US,NL,1,Western,0,1986,2,1,1947,1948,France,0
3c8e3ba0,NL,1,NL,NL,0,Western,0,1953,2,1,1929,1933,NL,1
3c9425d4,NL,2,NL,NL,0,Western,0,1996,2,1,1969,1966,NL,1
3c993bf4,NL,2,NL,NL,0,Western,1,1999,2,1,1979,1961,NL,1
3c9f2576,NL,1,France,NL,1,Western,1,1968,2,1,1946,1946,NL,1
3ca172e1,France,2,NL,NL,0,Western,2,1984,2,1,1948,1961,France,0
3ca5dab7,NL,2,NL,NL,0,Western,1,1991,2,1,1965,1952,NL,1
3caf3f75,NL,1,NL,NL,0,Western,1,1970,2,1,1931,1936,NL,1
3cc12885,NL,2,NL,NL,0,Western,2,1980,2,1,1947,1958,NL,1
3cc2e507,NL,1,NL,NL,0,Western,1,1969,2,1,1931,1942,NL,1
3cc2fcee,NL,2,NL,NL,0,Western,2,1953,2,1,1929,1926,NL,1
3cc72754,NL,2,NL,NL,0,Western,0,1962,2,1,1933,1928,NL,1
3cd5b786,NL,2,NL,NL,0,Western,0,1983,2,1,1958,1946,NL,1
3cdf19c4,NL,-,NL,NL,0,Western,1,1950,2,1,1929,1922,NL,1
3ce31405,NL,2,NL,NL,0,Western,2,1999,2,1,1961,1963,NL,1
3ce7f016,NL,1,NL,Egypt,1,Western,1,1957,2,1,1930,1920,NL,1
3cebb83c,NL,2,NL,NL,0,Western,1,1985,2,1,1951,1949,NL,1
3cee5315,NL,2,NL,NL,0,Western,1,1981,2,1,1948,1943,NL,1
3cf63199,France,1,NL,NL,0,Western,1,1988,2,1,1949,1959,France,0
3cf8ad12,France,2,NL,NL,0,Western,1,1983,2,1,1960,1946,France,0
3cfe6ff0,NL,1,Egypt,NL,1,Western,1,1957,2,1,1933,1927,NL,1
3d0229e3,NL,2,NL,NL,0,Western,1,1964,2,1,1938,1942,NL,1
3d029148,NL,1,NL,NL,0,Western,2,1970,2,1,1932,1948,NL,1
3d031808,NL,2,NL,NL,0,Western,2,1963,2,2,1934,1924,NL,1
3d032b43,NL,2,NL,NL,0,Western,1,1995,2,1,1964,1967,NL,1
3d0b10c8,NL,1,NL,NL,0,Western,0,1986,2,1,1961,1952,NL,1
3d11049b,NL,1,NL,NL,0,Western,2,1961,2,1,1938,1935,NL,1
3d145a5d,NL,1,NL,NL,0,Western,0,1996,-,1,1957,1967,NL,1
3d14e90d,NL,1,NL,NL,0,Western,1,1991,2,1,1959,1955,NL,1
3d1efe1c,France,1,NL,NL,0,Western,1,1984,2,1,1964,1955,France,0
3d1f612a,NL,2,NL,France,1,Western,2,1959,2,1,1921,1920,NL,1
3d23ca18,France,1,NL,NL,0,Western,2,1988,2,1,1963,1958,France,0
3d285ebd,NL,1,NL,US,1,Western,1,1992,2,1,1960,1953,NL,1
3d2b8cc5,NL,2,NL,France,1,Western,2,1953,2,1,1922,1920,NL,1
3d2c34f2,NL,1,NL,US,1,Western,0,1950,2,1,1920,1915,NL,1
3d32c4fd,NL,2,NL,NL,0,Western,2,1996,2,1,1972,1969,NL,1
3d333dbb,NL,1,NL,NL,0,Western,0,1963,2,1,1937,1933,NL,1
3d3752db,NL,2,NL,NL,0,Western,0,1989,2,1,1958,1965,NL,1
3d3be1ad,NL,2,NL,NL,0,Western,1,1968,2,1,1935,1937,NL,1
3d3c2a88,NL,2,NL,France,1,Western,2,1983,2,1,1962,1944,NL,1
3d41d219,NL,1,NL,US,1,Western,2,1955,2,1,1935,1935,NL,1
3d4749ed,NL,2,NL,France,1,Western,1,1988,2,1,1949,1952,NL,1
3d493736,France,1,France,NL,1,Western,2,1956,2,1,1919,1925,France,0
3d4bdd1d,NL,1,NL,NL,0,Western,0,1986,2,1,1958,1956,NL,1
3d4e3eee,NL,1,France,NL,1,Western,0,1980,2,1,1960,1952,NL,1
3d562a80,NL,1,NL,NL,0,Western,0,1994,2,1,1970,1960,NL,1
3d57b566,NL,1,NL,Egypt,1,Western,1,1959,2,1,1930,1920,NL,1
3d5b157f,NL,1,NL,NL,0,Western,0,1987,2,1,1954,1961,NL,1
3d5d33f8,NL,2,NL,France,1,Western,2,1955,2,1,1919,1921,NL,1
3d623636,NL,1,France,NL,1,Western,0,1990,2,1,1961,1969,NL,1
3d67c573,NL,2,NL,NL,0,Western,0,1956,2,1,1932,1918,NL,1
3d685df7,NL,1,NL,NL,0,Western,1,1959,2,1,1929,1936,NL,1
3d729bd1,NL,2,NL,NL,0,Western,1,1988,2,1,1962,1955,NL,1
3d7510fa,Egypt,1,France,NL,1,Non-Western,2,1986,2,1,1959,1965,Egypt,0
3d76b73e,NL,2,NL,US,1,Western,2,1981,2,1,1944,1955,NL,1
3d7bed98,NL,2,France,NL,1,Western,2,1992,2,1,1956,1956,NL,1
3d85e8f3,NL,2,NL,NL,0,Western,2,1963,2,1,1929,1931,NL,1
3d875a8d,NL,2,NL,NL,0,Western,1,1964,2,2,1929,1935,NL,1
3d8a0fc7,NL,1,NL,NL,0,Western,0,1998,2,1,1966,1961,NL,1
3d917ab1,NL,2,NL,NL,0,Western,0,1991,2,1,1966,1959,NL,1
3da07b0b,NL,1,US,NL,1,Western,1,1968,2,1,1943,1946,NL,1
3da3f94f,NL,2,NL,NL,0,Western,2,1962,2,1,1925,1924,NL,1
3da4863b,NL,2,NL,France,1,Western,0,1993,2,1,1957,1972,NL,1
3da90566,NL,2,France,France,2,Western,2,1952,2,1,1931,1918,NL,1
3dc114a4,NL,1,NL,NL,0,Western,1,1991,2,1,1962,1962,NL,1
3dcec189,France,2,NL,France,1,Western,1,1965,2,1,1927,1926,France,0
3dd2129e,NL,1,NL,NL,0,Western,2,1952,2,1,1915,1922,NL,1
3dd92ae2,NL,1,NL,NL,0,Western,2,1988,1,1,1960,1954,NL,1
3ddb98cc,France,1,NL,NL,0,Western,1,1968,2,1,1935,1934,France,0
3ddd0194,NL,1,NL,France,1,Western,0,1984,2,1,1952,1946,NL,1
3de3c2e3,NL,2,Egypt,NL,1,Western,2,1986,2,1,1963,1962,NL,1
3de697ea,NL,2,NL,NL,0,Western,2,1990,2,1,1966,1952,NL,1
3de7d8b1,NL,2,France,NL,1,Western,2,1961,2,1,1936,1926,NL,1
3df2694e,NL,2,NL,US,1,Western,1,1965,2,1,1929,1937,NL,1
3df3c7a7,NL,2,France,NL,1,Western,0,1995,2,2,1960,1971,NL,1
3df88a15,NL,2,NL,NL,0,Western,1,1991,2,1,1952,1967,NL,1
3e002e3f,NL,2,France,NL,1,Western,2,1980,2,1,1954,1955,NL,1
3e01151b,NL,1,France,NL,1,Western,0,1999,2,1,1969,1978,NL,1
3e01b033,NL,2,NL,NL,0,Western,2,1956,2,1,1920,1926,NL,1
3e149b6d,NL,1,NL,NL,0,Western,0,1962,2,1,1932,1936,NL,1
3e201de2,NL,2,France,NL,1,Western,1,1996,2,1,1974,1976,NL,1
3e2051d2,NL,1,NL,NL,0,Western,0,1959,2,1,1929,1924,NL,1
3e21b5a2,NL,1,NL,NL,0,Western,0,1956,2,1,1931,1930,NL,1
3e310bf5,NL,2,NL,NL,0,Western,2,1984,2,1,1954,1948,NL,1
3e375bf1,NL,1,NL,US,1,Western,1,1968,2,1,1936,1934,NL,1
3e3f595c,NL,1,NL,NL,0,Western,0,1961,2,1,1939,1928,NL,1
3e44b7c5,NL,2,NL,NL,0,Western,0,1981,2,1,1961,1951,NL,1
3e4d39e4,France,2,NL,France,1,Western,1,1966,2,1,1938,1936,France,0
3e601f2e,NL,2,NL,NL,0,Western,1,1961,2,1,1941,1927,NL,1
3e60e166,NL,1,NL,NL,0,Western,0,1960,2,1,1934,1932,NL,1
3e6297cb,NL,1,NL,NL,0,Western,2,1958,2,1,1926,1922,NL,1
3e635392,NL,1,NL,NL,0,Western,0,1994,2,1,1971,1964,NL,1
3e63a9c6,NL,1,NL,NL,0,Western,0,1982,2,1,1956,1956,NL,1
3e64728e,NL,2,NL,NL,0,Western,2,1953,2,1,1917,1916,NL,1
3e682176,NL,1,NL,NL,0,Western,1,1970,2,1,1939,1931,NL,1
3e6f3097,NL,2,NL,US,1,Western,0,1982,2,1,1949,1950,NL,1
3e71c566,France,1,NL,NL,0,Western,1,1984,2,1,1955,1958,France,0
3e759fa1,NL,2,France,NL,1,Western,0,1988,2,1,1958,1951,NL,1
3e851631,NL,1,France,NL,1,Western,1,1953,2,1,1915,1924,NL,1
3e95271d,NL,1,NL,NL,0,Western,0,1987,2,1,1955,1956,NL,1
3e9904ee,France,1,France,NL,1,Western,1,1964,2,1,1942,1941,France,0
3e9ece9e,NL,2,NL,NL,0,Western,2,1993,2,1,1957,1963,NL,1
3ea0e196,NL,2,France,NL,1,Western,1,1962,2,1,1940,1934,NL,1
3ea423d1,France,2,NL,France,1,Western,0,1957,2,1,1928,1919,France,0
3eac7bed,NL,1,NL,NL,0,Western,0,1959,2,1,1939,1922,NL,1
3eaeb392,NL,1,France,NL,1,Western,1,1951,2,1,1916,1931,NL,1
3eb824d0,NL,2,NL,NL,0,Western,1,1987,2,1,1948,1965,NL,1
3ebc9d3a,NL,2,NL,NL,0,Western,2,1968,2,1,1947,1939,NL,1
3ebe0daa,NL,1,NL,NL,0,Western,1,1952,2,1,1928,1913,NL,1
3ec06896,NL,2,NL,NL,0,Western,1,1996,2,1,1968,1966,NL,1
3ec0f98f,NL,2,France,US,2,Western,1,1954,2,1,1918,1934,NL,1
3ec0fb7f,NL,1,NL,France,1,Western,1,1999,2,1,1965,1972,NL,1
3ec205df,NL,2,NL,NL,0,Western,0,1985,2,1,1962,1963,NL,1
3ec5fcac,France,2,NL,NL,0,Western,1,1967,2,1,1939,1928,France,0
3eca3917,NL,1,France,NL,1,Western,2,1967,2,1,1944,1935,NL,1
3ecd8d71,NL,2,NL,NL,0,Western,1,1980,2,1,1953,1955,NL,1
3ed0333c,US,1,NL,NL,0,Western,1,1967,2,1,1936,1936,US,0
3ed3a90e,NL,1,NL,NL,0,Western,0,1985,2,1,1954,1957,NL,1
3ed8cdf5,NL,2,NL,NL,0,Western,1,1966,2,1,1933,1932,NL,1
3edc78ac,NL,2,Egypt,NL,1,Western,2,1954,2,1,1920,1919,NL,1
3ee3c4be,NL,2,NL,NL,0,Western,2,1989,2,1,1961,1962,NL,1
3ee504dc,France,2,NL,NL,0,Western,1,1950,2,1,1918,1922,France,0
3ee6945c,NL,1,NL,France,1,Western,1,1990,2,1,1959,1953,NL,1
3eea0cf7,NL,2,NL,France,1,Western,2,1956,2,1,1918,1928,NL,1
3eeaed0c,NL,1,NL,NL,0,Western,1,1991,2,1,1967,1954,NL,1
3ef3051b,NL,1,NL,NL,0,Western,1,1967,2,1,1941,1935,NL,1
3ef7dc90,France,2,NL,NL,0,Western,0,1960,2,1,1923,1939,France,0
3efa190b,NL,2,NL,US,1,Western,0,1999,2,1,1962,1964,NL,1
3efe13c2,NL,-,NL,NL,0,Western,2,1965,2,1,1931,1926,NL,1
3f1ffc9d,NL,1,France,NL,1,Western,0,1991,2,1,1955,1968,NL,1
3f2372ef,NL,2,NL,France,1,Western,-,1990,2,1,1952,1967,NL,1
3f29a22a,NL,1,NL,NL,0,Western,1,1950,2,1,1924,1912,NL,1
3f2af447,NL,2,NL,France,1,Western,2,1963,2,1,1926,1924,NL,1
3f2b1dc5,NL,2,NL,NL,0,Western,0,1953,2,1,1930,1927,NL,1
3f31c442,France,2,France,NL,1,Western,1,1985,2,1,1960,1947,France,0
3f31df5e,France,2,NL,NL,0,Western,0,1983,2,1,1949,1954,France,0
3f38b3bc,France,2,NL,NL,0,Western,2,1980,2,1,1944,1945,France,0
3f3a460c,NL,1,France,NL,1,Western,2,1997,2,1,1976,1964,NL,1
3f3b140a,NL,1,NL,US,1,Western,2,1985,2,1,1948,1955,NL,1
3f3e4089,NL,2,NL,NL,0,Western,1,1984,2,1,1948,1959,NL,1
3f49b9b6,NL,1,NL,France,1,Western,0,1983,2,1,1958,1948,NL,1
3f5060e7,NL,2,NL,NL,0,Western,2,1992,2,1,1962,1956,NL,1
3f5121bb,NL,1,NL,NL,0,Western,2,1964,2,1,1928,1937,NL,1
3f5b2fa1,NL,1,France,Egypt,2,Western,1,1992,2,1,1960,1965,NL,1
3f5ea790,NL,2,NL,NL,0,Western,0,1969,2,1,1930,1939,NL,1
3f5ebeb5,NL,2,NL,NL,0,Western,1,1961,2,1,1929,1931,NL,1
3f6bee32,NL,1,NL,NL,0,Western,1,1969,2,1,1938,1936,NL,1
3f6d8736,NL,2,NL,France,1,Western,0,1988,2,1,1966,1965,NL,1
3f73f9a0,NL,2,NL,France,1,Western,1,1960,2,1,1924,1930,NL,1
3f7d2aef,NL,1,NL,NL,0,Western,2,1970,2,1,1936,1940,NL,1
3f7e6079,NL,1,NL,NL,0,Western,2,1980,2,1,1950,1952,NL,1
3f8691d8,NL,1,NL,NL,0,Western,0,1959,2,1,1932,1931,NL,1
3f94651b,NL,2,France,NL,1,Western,1,1951,2,1,1931,1925,NL,1
3f94b8b9,NL,1,NL,France,1,Western,2,1988,2,1,1952,1958,NL,1
3f959bee,NL,1,NL,NL,0,Western,1,1981,2,1,1958,1950,NL,1
3f9716d8,NL,2,NL,NL,0,Western,1,1962,2,1,1935,1924,NL,1
3f984458,NL,1,France,NL,1,Western,0,1991,2,1,1964,1959,NL,1
3f9aa687,NL,1,NL,NL,0,Western,2,1994,-,1,1973,1969,NL,1
3f9de626,NL,1,NL,NL,0,Western,1,1982,2,1,1944,1949,NL,1
3fa17702,NL,1,NL,France,1,Western,1,1988,2,1,1967,1954,NL,1
3fa4e083,France,2,NL,NL,0,Western,1,1960,2,1,1936,1925,France,0
3fa75f04,NL,1,NL,France,1,Western,1,1981,2,1,1949,1944,NL,1
3fa8182a,NL,2,NL,France,1,Western,0,1965,2,1,1934,1926,NL,1
3fa960c7,Egypt,2,NL,NL,0,Non-Western,2,1965,2,1,1931,1939,Egypt,0
3faf2e99,NL,2,NL,NL,0,Western,0,1991,2,1,1970,1962,NL,1
3fb0bad8,France,2,NL,NL,0,Western,1,1984,2,1,1958,1955,France,0
3fb18afa,NL,1,NL,France,1,Western,2,1952,2,1,1917,1915,NL,1
3fbc2a37,NL,2,France,US,2,Western,0,1987,2,1,1962,1961,NL,1
3fbec7e4,NL,2,NL,NL,0,Western,2,1984,2,1,1956,1955,NL,1
3fc5e650,France,2,NL,NL,0,Western,2,1968,2,1,1940,1947,France,0
3fc9ff5d,NL,1,NL,NL,0,Western,1,1965,2,2,1935,1938,NL,1
3fca82ed,NL,2,NL,NL,0,Western,1,1993,2,1,1955,1967,NL,1
3fcdd692,NL,2,NL,NL,0,Western,2,1956,2,1,1922,1920,NL,1
3fd700eb,NL,2,NL,NL,0,Western,1,1990,2,1,1959,1958,NL,1
3fe124f2,NL,2,France,US,2,Western,1,1981,2,1,1952,1947,NL,1
3fe12e64,NL,2,NL,NL,0,Western,0,1994,2,1,1963,1960,NL,1
3fe202eb,NL,2,France,NL,1,Western,0,1982,2,1,1955,1958,NL,1
3fe79429,NL,2,US,NL,1,Western,0,1955,2,1,1921,1922,NL,1
3fe8a724,NL,2,France,NL,1,Western,0,1966,2,1,1929,1930,NL,1
3feab605,NL,2,NL,NL,0,Western,0,1996,2,1,1959,1974,NL,1
3fef7ee1,US,1,NL,France,1,Western,0,1986,2,1,1959,1961,US,0
3ff0128d,NL,1,France,NL,1,Western,1,1983,2,1,1957,1954,NL,1
4004bffd,NL,2,NL,NL,0,Western,2,1953,2,1,1914,1923,NL,1
4006cf5a,France,1,NL,NL,0,Western,0,1952,2,1,1926,1918,France,0
40090698,Egypt,2,NL,NL,0,Non-Western,1,1980,2,1,1956,1948,Egypt,0
4012bc69,NL,1,US,NL,1,Western,2,1951,2,1,1929,1913,NL,1
401a7892,NL,1,France,NL,1,Western,1,1965,2,1,1939,1933,NL,1
401b7f15,NL,1,NL,NL,0,Western,0,1993,2,1,1956,1968,NL,1
401e5fa7,NL,2,NL,NL,0,Western,2,1983,2,1,1945,1953,NL,1
4021ed40,NL,1,NL,France,1,Western,1,1994,2,1,1961,1972,NL,1
402642bd,NL,1,NL,France,1,Western,2,1991,2,1,1964,1954,NL,1
4028bff9,NL,2,NL,France,1,Western,0,1982,2,1,1959,1953,NL,1
402a6df9,NL,2,NL,NL,0,Western,2,1986,2,1,1962,1953,NL,1
40307d46,NL,1,NL,NL,0,Western,2,1998,2,1,1978,1960,NL,1
4033336f,NL,2,NL,NL,0,Western,0,1997,2,1,1959,1974,NL,1
4038278b,NL,1,NL,NL,0,Western,0,1991,2,1,1962,1952,NL,1
403bd147,NL,2,NL,NL,0,Western,2,1982,2,1,1945,1954,NL,1
40415dde,NL,2,France,Egypt,2,Western,0,1955,2,1,1925,1934,NL,1
4043b92a,NL,1,NL,France,1,Western,0,1989,2,1,1961,1967,NL,1
4044177c,NL,2,NL,NL,0,Western,2,1986,2,1,1957,1959,NL,1
404cd81b,NL,2,NL,NL,0,Western,2,1990,2,1,1964,1969,NL,1
4052e212,NL,2,NL,France,1,Western,0,1959,2,1,1926,1922,NL,1
4054c8fc,NL,1,NL,NL,0,Western,2,1964,2,1,1929,1939,NL,1
40551711,NL,1,NL,NL,0,Western,0,1970,2,1,1944,1941,NL,1
405750da,Egypt,1,NL,NL,0,Non-Western,2,1989,2,1,1958,1957,Egypt,0
4058baa1,NL,1,NL,NL,0,Western,0,1954,2,1,1921,1916,NL,1
40598026,NL,2,NL,NL,0,Western,2,1984,2,1,1964,1957,NL,1
405c079c,France,2,NL,NL,0,Western,1,1990,2,1,1969,1970,France,0
40616ff6,NL,1,France,NL,1,Western,2,1986,2,1,1952,1954,NL,1
4074d39b,NL,1,US,NL,1,Western,2,1954,2,1,1927,1916,NL,1
407d8499,France,2,NL,NL,0,Western,1,1963,2,1,1933,1933,France,0
40827caa,NL,2,NL,France,1,Western,2,1951,2,1,1916,1928,NL,1
40903f42,NL,2,NL,NL,0,Western,1,1986,2,1,1949,1959,NL,1
4092ae4c,NL,1,NL,Egypt,1,Western,1,1982,2,1,1954,1961,NL,1
409b5b22,NL,1,NL,France,1,Western,1,1984,2,1,1953,1964,NL,1
409d379a,NL,1,NL,NL,0,Western,2,1967,2,1,1933,1938,NL,1
409f7ee8,NL,1,France,NL,1,Western,0,1983,2,1,1959,1944,NL,1
40a78845,NL,2,US,NL,1,Western,2,1996,2,1,1957,1958,NL,1
40a86f54,NL,1,NL,NL,0,Western,0,1998,2,1,1978,1974,NL,1
40adcd9d,Egypt,1,NL,NL,0,Non-Western,1,1983,2,1,1958,1952,Egypt,0
40cacb1c,NL,1,France,NL,1,Western,0,1968,2,1,1934,1942,NL,1
40d305c1,NL,2,NL,NL,0,Western,1,1982,2,1,1951,1943,NL,1
40d3c697,NL,1,France,France,2,Western,2,1965,2,1,1944,1940,NL,1
40d58fd9,NL,2,NL,NL,0,Western,1,1968,2,1,1941,1946,NL,1
40d9a239,NL,1,France,NL,1,Western,2,1998,2,1,1966,1961,NL,1
40da638b,NL,1,NL,NL,0,Western,1,1981,2,1,1946,1955,NL,1
40e1c775,NL,1,NL,NL,0,Western,2,1983,2,1,1950,1963,NL,1
40e25c42,US,2,NL,Egypt,1,Western,1,1988,2,1,1961,1952,US,0
40edab08,NL,1,NL,NL,0,Western,1,1988,2,1,1952,1950,NL,1
40f20e53,France,1,NL,NL,0,Western,0,1988,2,1,1963,1967,France,0
40f35e99,NL,2,NL,France,1,Western,2,1999,2,1,1972,1964,NL,1
40f51294,NL,2,NL,NL,0,Western,0,1980,2,1,1960,1956,NL,1
41040d02,NL,1,NL,NL,0,Western,2,1983,2,1,1944,1956,NL,1
41068996,NL,2,NL,NL,0,Western,1,1998,2,-,1961,1978,NL,1
410967b9,NL,2,France,NL,1,Western,2,1965,2,1,1931,1928,NL,1
4113d78b,NL,1,NL,France,1,Western,0,1962,2,1,1940,1933,NL,1
41157007,NL,1,NL,NL,0,Western,2,1997,2,1,1976,1965,NL,1
4115e541,France,1,NL,France,1,Western,0,1969,2,1,1937,1930,France,0
411efde0,NL,1,Egypt,NL,1,Western,1,1957,2,1,1920,1920,NL,1
411fcdb3,NL,1,NL,NL,0,Western,2,1983,2,1,1961,1954,NL,1
41275013,NL,2,NL,NL,0,Western,0,1950,2,1,1920,1929,NL,1
412abe12,NL,2,NL,NL,0,Western,1,1991,2,1,1965,1959,NL,1
414495c1,NL,2,NL,France,1,Western,2,1958,2,1,1934,1933,NL,1
4151037d,France,2,NL,France,1,Western,1,1968,2,1,1945,1933,France,0
4156bc3a,NL,2,NL,France,1,Western,2,1980,2,1,1945,1945,NL,1
4156ccc7,NL,2,NL,France,1,Western,0,1991,2,1,1969,1964,NL,1
415eac33,NL,2,NL,France,1,Western,1,1970,2,1,1944,1949,NL,1
415f85f6,NL,-,NL,NL,0,Western,0,1963,2,1,1938,1941,NL,1
41619c80,NL,2,NL,NL,0,Western,1,1950,2,1,1922,1914,NL,1
4161b477,NL,1,NL,NL,0,Western,1,1961,2,1,1934,1927,NL,1
4165ae3d,US,2,NL,France,1,Western,1,1990,2,1,1965,1967,US,0
416808d6,NL,1,France,NL,1,Western,0,1957,2,1,1935,1928,NL,1
41683ac1,NL,2,NL,US,1,Western,1,1967,2,1,1929,1934,NL,1
4172f544,NL,2,NL,NL,0,Western,1,1959,2,1,1928,1921,NL,1
41751873,France,1,France,NL,1,Western,2,1955,2,1,1930,1934,France,0
417dbbcb,France,1,US,France,2,Western,2,1952,2,1,1922,1927,France,0
417fd1a8,NL,1,NL,NL,0,Western,2,1994,2,1,1955,1966,NL,1
41818252,NL,2,NL,France,1,Western,2,1954,2,1,1925,1920,NL,1
4181c04b,NL,1,France,France,2,Western,2,1981,2,1,1953,1955,NL,1
418c6f2d,US,2,NL,NL,0,Western,2,1960,2,1,1921,1927,US,0
41939304,US,1,NL,NL,0,Western,2,1986,2,1,1948,1962,US,0
41948c14,US,1,NL,NL,0,Western,2,1959,2,1,1926,1922,US,0
4199385b,NL,1,NL,NL,0,Western,1,1990,2,1,1962,1954,NL,1
419985c7,NL,-,US,NL,1,Western,2,1987,2,1,1950,1951,NL,1
41a0ed50,NL,1,NL,NL,0,Western,1,1953,2,1,1932,1917,NL,1
41a21949,NL,2,NL,NL,0,Western,1,1987,2,1,1959,1948,NL,1
41a6f470,NL,2,France,NL,1,Western,2,1950,2,1,1925,1924,NL,1
41aa1473,NL,2,NL,France,1,Western,0,1994,2,1,1972,1960,NL,1
41b60357,US,2,NL,NL,0,Western,2,1955,2,1,1919,1918,US,0
41bad265,NL,1,NL,France,1,Western,2,1955,2,1,1932,1926,NL,1
41c842e5,NL,2,NL,France,1,Western,2,1968,2,1,1932,1947,NL,1
41cbb26c,NL,2,NL,NL,0,Western,2,1990,2,1,1955,1966,NL,1
41d5aebc,NL,1,NL,NL,0,Western,0,1993,2,1,1954,1968,NL,1
41d61c65,France,2,NL,NL,0,Western,0,1966,2,1,1934,1940,France,0
41d9bfc1,NL,1,NL,France,1,Western,1,1998,2,1,1966,1959,NL,1
41d9d142,NL,1,NL,NL,0,Western,1,1953,2,1,1925,1928,NL,1
41dc329d,NL,1,NL,NL,0,Western,2,1952,2,1,1929,1914,NL,1
41dc373b,NL,1,France,NL,1,Western,0,1999,2,1,1971,1977,NL,1
41dd81fe,NL,2,NL,NL,0,Western,0,1983,2,1,1958,1950,NL,1
41e7941d,France,1,NL,NL,0,Western,1,1986,2,1,1961,1964,France,0
41e7c9f1,NL,1,NL,NL,0,Western,1,1968,2,1,1945,1932,NL,1
41ead331,France,2,NL,France,1,Western,1,1952,2,-,1913,1914,France,0
41faab75,NL,1,NL,NL,0,Western,2,1990,2,1,1961,1966,NL,1
41ffd5ce,NL,2,France,NL,1,Western,2,1967,2,1,1939,1937,NL,1
4200e151,NL,1,NL,NL,0,Western,0,1953,2,1,1927,1924,NL,1
42018399,NL,1,NL,NL,0,Western,2,1983,2,1,1958,1954,NL,1
4201be1f,NL,2,NL,France,1,Western,2,1986,2,1,1955,1962,NL,1
42022093,NL,1,NL,France,1,Western,1,1969,2,1,1930,1942,NL,1
420561b7,NL,1,NL,NL,0,Western,1,1986,2,1,1951,1947,NL,1
4209b513,NL,2,NL,NL,0,Western,2,1960,2,1,1929,1928,NL,1
420a7fa7,NL,2,NL,NL,0,Western,0,1957,2,1,1930,1921,NL,1
420f42f5,NL,1,NL,NL,0,Western,1,1969,2,-,1949,1941,NL,1
42118437,France,1,NL,NL,0,Western,0,1988,2,1,1957,1950,France,0
421687d6,NL,2,NL,France,1,Western,0,1953,2,1,1929,1920,NL,1
421cb1af,NL,2,NL,France,1,Western,0,1952,2,1,1915,1926,NL,1
421ee56d,NL,2,NL,US,1,Western,2,1993,2,1,1954,1969,NL,1
42278a4a,NL,1,NL,NL,0,Western,1,1990,2,1,1966,1960,NL,1
42278c56,US,1,NL,NL,0,Western,2,1964,2,1,1937,1937,US,0
42330333,NL,1,NL,NL,0,Western,2,1960,2,1,1933,1930,NL,1
4234f609,NL,2,NL,NL,0,Western,1,1999,2,1,1972,1976,NL,1
4235a272,NL,2,NL,NL,0,Western,1,1983,2,1,1946,1962,NL,1
4237349c,NL,2,NL,NL,0,Western,0,1966,2,1,1936,1940,NL,1
423b889a,NL,2,France,NL,1,Western,1,1970,2,1,1948,1938,NL,1
424bfebe,NL,1,NL,NL,0,Western,2,1999,2,1,1967,1974,NL,1
4252b163,NL,2,NL,NL,0,Western,1,1988,2,2,1959,1963,NL,1
425b6fe5,NL,1,NL,NL,0,Western,1,1951,2,1,1916,1925,NL,1
425c2738,NL,2,NL,France,1,Western,1,1980,2,1,1952,1959,NL,1
425db856,NL,2,NL,NL,0,Western,1,1989,2,1,1966,1955,NL,1
4265f31f,US,1,France,Egypt,2,Western,2,1954,2,1,1923,1915,US,0
42672d8c,Egypt,2,NL,NL,0,Non-Western,2,1983,2,1,1954,1950,Egypt,0
42677d08,NL,2,NL,NL,0,Western,2,1998,2,1,1959,1963,NL,1
426d36b4,NL,1,NL,NL,0,Western,2,1984,2,1,1959,1955,NL,1
42729757,NL,2,NL,NL,0,Western,0,1961,2,1,1924,1927,NL,1
427831bc,NL,1,NL,NL,0,Western,0,1983,2,1,1962,1950,NL,1
427e9997,NL,2,NL,NL,0,Western,-,1966,1,1,1939,1938,NL,1
428811f3,France,2,NL,France,1,Western,0,1952,2,1,1921,1922,France,0
428c0869,NL,2,NL,France,1,Western,1,1999,2,1,1972,1965,NL,1
42903623,NL,1,NL,NL,0,Western,2,1965,2,1,1929,1944,NL,1
4294b530,NL,1,NL,NL,0,Western,0,1985,2,1,1951,1960,NL,1
4299b620,NL,1,NL,NL,0,Western,1,1958,2,1,1937,1926,NL,1
42a8763d,NL,1,NL,NL,0,Western,2,1964,2,1,1935,1943,NL,1
42b090e4,NL,1,NL,NL,0,Western,0,1998,2,1,1964,1962,NL,1
42b51472,NL,1,NL,NL,0,Western,0,1960,2,1,1935,1926,NL,1
42b68452,NL,2,NL,France,1,Western,0,1994,2,1,1968,1969,NL,1
42b947a5,NL,1,NL,NL,0,Western,1,1989,2,1,1956,1966,NL,1
42be2c9e,NL,1,NL,NL,0,Western,0,1960,2,1,1935,1940,NL,1
42ca62b0,US,1,NL,NL,0,Western,1,1955,2,1,1923,1923,US,0
42cc9cbc,France,2,NL,NL,0,Western,1,1963,2,1,1930,1929,France,0
42d3f290,NL,1,NL,NL,0,Western,1,1957,2,1,1934,1922,NL,1
42d56f61,NL,2,France,NL,1,Western,0,1987,2,1,1962,1953,NL,1
42d78317,NL,2,NL,France,1,Western,2,1955,2,1,1921,1925,NL,1
42de7820,NL,1,NL,NL,0,Western,0,1956,2,1,1918,1926,NL,1
42e1d779,NL,2,NL,France,1,Western,0,1970,2,1,1948,1947,NL,1
42eeddef,NL,2,NL,NL,0,Western,1,1960,2,1,1928,1935,NL,1
42f063af,NL,1,France,NL,1,Western,2,1989,2,1,1962,1963,NL,1
42f0c1c0,NL,2,NL,NL,0,Western,2,1957,2,1,1928,1924,NL,1
42f93d01,NL,2,NL,NL,0,Western,1,1987,2,1,1954,1967,NL,1
42fb6cd0,NL,2,NL,NL,0,Western,1,1964,2,1,1942,1940,NL,1
42fcda41,NL,1,NL,NL,0,Western,0,1995,2,1,1963,1968,NL,1
42fe8c40,NL,2,NL,NL,0,Western,1,1990,2,1,1952,1955,NL,1
42fe99d4,NL,2,NL,NL,0,Western,1,1952,2,1,1914,1929,NL,1
4303b2e8,France,1,NL,NL,0,Western,1,1963,2,1,1929,1925,France,0
4309232d,NL,2,NL,NL,0,Western,2,1959,2,1,1938,1933,NL,1
43126567,NL,2,NL,NL,0,Western,2,1993,2,1,1965,1965,NL,1
431335c6,NL,2,NL,NL,0,Western,2,1995,2,1,1963,1958,NL,1
43136ada,NL,2,France,France,2,Western,2,1981,2,1,1942,1944,NL,1
4317e915,US,1,NL,NL,0,Western,2,1990,2,1,1951,1970,US,0
4317f48d,NL,2,NL,NL,0,Western,1,1950,2,1,1913,1920,NL,1
431afb67,NL,2,NL,France,1,Western,1,1990,2,1,1956,1958,NL,1
43224532,NL,2,France,NL,1,Western,1,1986,2,1,1949,1958,NL,1
432f00db,NL,2,NL,NL,0,Western,0,1980,2,1,1960,1955,NL,1
432f3cc1,NL,1,US,NL,1,Western,2,1981,2,1,1948,1944,NL,1
433cb5b8,NL,2,NL,NL,0,Western,0,1952,2,1,1923,1923,NL,1
433e24a0,NL,1,France,NL,1,Western,1,1992,2,1,1970,1960,NL,1
4340893b,NL,2,NL,France,1,Western,1,1957,2,1,1926,1930,NL,1
434d4db3,NL,1,France,NL,1,Western,0,1987,1,1,1964,1957,NL,1
434fa5a4,France,1,NL,NL,0,Western,1,1964,2,1,1928,1928,France,0
43584716,NL,2,NL,NL,0,Western,0,1983,2,1,1946,1950,NL,1
4358476e,NL,2,NL,NL,0,Western,0,1990,2,1,1952,1970,NL,1
435c859c,Egypt,1,NL,NL,0,Non-Western,2,1966,2,1,1930,1930,Egypt,0
436b7d03,NL,1,NL,NL,0,Western,1,1951,2,1,1914,1928,NL,1
4383e211,NL,1,NL,NL,0,Western,0,1980,2,1,1946,1941,NL,1
4383e427,NL,2,NL,NL,0,Western,2,1969,2,1,1948,1943,NL,1
438411b6,NL,2,NL,NL,0,Western,1,1964,2,1,1939,1925,NL,1
4387bca7,NL,1,NL,NL,0,Western,2,1992,2,1,1971,1967,NL,1
438f6eea,NL,1,NL,NL,0,Western,0,1961,2,1,1925,1925,NL,1
43909e8c,NL,1,NL,NL,0,Western,1,1987,2,1,1948,1953,NL,1
43918750,France,2,NL,NL,0,Western,1,1957,2,1,1924,1930,France,0
439fa0d7,NL,1,NL,France,1,Western,0,1954,2,1,1927,1922,NL,1
43ad59ba,France,1,NL,NL,0,Western,2,1952,2,1,1930,1918,France,0
43b78d41,NL,-,NL,NL,0,Western,2,1954,2,1,1928,1918,NL,1
43baf8b5,France,2,NL,NL,0,Western,0,1989,2,1,1951,1968,France,0
43c49d98,NL,1,NL,NL,0,Western,2,1960,2,1,1922,1921,NL,1
43c8bd33,NL,1,France,NL,1,Western,2,1981,2,1,1946,1959,NL,1
43d11a52,NL,1,NL,NL,0,Western,2,1966,2,1,1945,1931,NL,1
43d63d29,NL,2,NL,France,1,Western,1,1966,2,1,1941,1930,NL,1
43da5114,US,1,NL,NL,0,Western,0,1959,2,1,1929,1935,US,0
43ed3f64,NL,1,NL,NL,0,Western,0,1970,2,1,1947,1946,NL,1
43f00f49,NL,2,France,France,2,Western,0,1962,2,1,1927,1935,NL,1
43f9b66f,France,2,NL,France,1,Western,0,1967,2,1,1932,1934,France,0
43fce26f,Egypt,1,NL,NL,0,Non-Western,1,1982,2,1,1952,1944,Egypt,0
43fd130c,NL,2,NL,NL,0,Western,2,1988,2,1,1959,1961,NL,1
43fd26cf,NL,1,NL,France,1,Western,1,1990,2,1,1970,1964,NL,1
43fe7c6b,NL,2,France,NL,1,Western,0,1967,2,1,1946,1937,NL,1
43fff490,NL,2,NL,NL,0,Western,0,1959,2,1,1930,1929,NL,1
44004e0e,NL,1,NL,NL,0,Western,0,1999,2,1,1964,1973,NL,1
4400c282,France,1,NL,NL,0,Western,2,1959,2,1,1921,1932,France,0
44021459,NL,2,NL,NL,0,Western,1,1984,2,1,1946,1964,NL,1
44064efd,NL,1,US,NL,1,Western,2,1965,2,1,1933,1942,NL,1
440d792d,NL,1,NL,NL,0,Western,2,1996,2,1,1970,1974,NL,1
44117083,NL,2,Egypt,NL,1,Western,1,1989,2,1,1956,1968,NL,1
4412aa15,NL,1,France,NL,1,Western,1,1970,2,1,1941,1931,NL,1
44159fb0,NL,2,NL,France,1,Western,2,1988,2,1,1959,1950,NL,1
441694d2,France,2,France,US,2,Western,1,1980,2,1,1950,1946,France,0
441e73f7,NL,1,NL,NL,0,Western,0,1991,2,1,1960,1955,NL,1
4426e5ad,NL,1,NL,NL,0,Western,2,1955,2,1,1921,1934,NL,1
4426f0b6,NL,1,NL,France,1,Western,0,1994,2,1,1960,1973,NL,1
4427b1e7,NL,1,NL,NL,0,Western,2,1953,2,1,1914,1926,NL,1
44281f8a,NL,1,NL,NL,0,Western,2,1982,2,1,1956,1955,NL,1
442d3a55,NL,2,NL,NL,0,Western,0,1963,2,1,1932,1935,NL,1
442ddbf7,NL,1,NL,NL,0,Western,1,1982,2,1,1952,1949,NL,1
4432b300,NL,1,NL,NL,0,Western,1,1981,2,1,1946,1955,NL,1
44347e6d,NL,1,France,NL,1,Western,0,1992,2,1,1958,1957,NL,1
443f86ef,US,2,France,NL,1,Western,2,1962,2,1,1942,1938,US,0
445095ec,NL,2,NL,NL,0,Western,0,1985,2,1,1955,1958,NL,1
44566046,NL,1,NL,NL,0,Western,1,1961,2,1,1939,1922,NL,1
4456786c,NL,2,France,NL,1,Western,0,1961,2,1,1926,1930,NL,1
445a75dd,NL,1,France,NL,1,Western,1,1994,2,1,1963,1964,NL,1
445e2404,NL,1,NL,NL,0,Western,2,1996,2,1,1957,1968,NL,1
447e1c85,NL,2,France,NL,1,Western,0,1963,2,1,1931,1939,NL,1
44831ab7,NL,2,NL,NL,0,Western,1,1991,2,1,1971,1960,NL,1
448b82b0,NL,2,US,NL,1,Western,0,1989,2,1,1964,1952,NL,1
44968f09,NL,1,NL,NL,0,Western,2,1968,2,1,1932,1944,NL,1
449d331e,NL,2,NL,NL,0,Western,1,1963,2,1,1932,1926,NL,1
449db0a1,NL,2,France,NL,1,Western,1,1963,2,1,1943,1926,NL,1
44a1ba2a,NL,1,NL,NL,0,Western,1,1985,2,1,1963,1965,NL,1
44a2dd99,NL,1,US,France,2,Western,1,1998,2,1,1964,1978,NL,1
44a6f6ee,NL,1,NL,NL,0,Western,0,1985,2,1,1948,1961,NL,1
44a7cc90,NL,1,NL,NL,0,Western,2,1980,2,1,1950,1950,NL,1
44af06aa,NL,1,France,NL,1,Western,2,1985,2,1,1960,1959,NL,1
44b01abf,NL,2,NL,France,1,Western,2,1963,2,1,1929,1929,NL,1
44b2e9bc,NL,1,NL,France,1,Western,1,1970,2,1,1941,1948,NL,1
44bc57d6,NL,1,France,NL,1,Western,2,1997,2,1,1970,1961,NL,1
44bccd96,France,1,NL,NL,0,Western,2,1980,2,1,1946,1955,France,0
44d0987a,NL,1,NL,NL,0,Western,1,1988,2,1,1952,1965,NL,1
44d185c0,NL,2,France,NL,1,Western,1,1953,2,1,1921,1925,NL,1
44df2624,NL,1,Egypt,NL,1,Western,1,1966,2,1,1942,1936,NL,1
44e758fd,NL,2,NL,NL,0,Western,2,1955,2,1,1933,1923,NL,1
44ea7cf6,NL,2,NL,NL,0,Western,1,1989,2,1,1957,1950,NL,1
44eb8084,France,1,NL,NL,0,Western,2,1970,2,1,1942,1944,France,0
44f56049,NL,2,NL,France,1,Western,1,1998,2,1,1961,1978,NL,1
44f6adb8,France,1,NL,NL,0,Western,1,1961,2,1,1937,1932,France,0
44f8348a,NL,2,NL,NL,0,Western,0,1998,2,1,1965,1976,NL,1
44fca7d7,NL,1,NL,NL,0,Western,1,1981,2,1,1953,1954,NL,1
45036961,NL,2,NL,NL,0,Western,1,1996,2,1,1960,1972,NL,1
4503c5ee,NL,1,NL,France,1,Western,1,1997,2,1,1969,1971,NL,1
450549f5,NL,2,France,NL,1,Western,1,1955,2,1,1920,1932,NL,1
450fd53e,NL,1,NL,France,1,Western,0,1951,2,1,1929,1921,NL,1
451e4e0c,NL,1,NL,NL,0,Western,2,1987,2,1,1966,1955,NL,1
451e9317,France,1,NL,US,1,Western,0,1968,2,1,1934,1942,France,0
4525b5a9,NL,2,NL,NL,0,Western,1,1968,2,1,1936,1940,NL,1
452c3ef9,NL,1,NL,France,1,Western,1,1969,2,1,1941,1935,NL,1
4530ae2f,NL,1,NL,NL,0,Western,0,1955,2,1,1922,1934,NL,1
45345c12,NL,2,NL,NL,0,Western,0,1960,2,1,1928,1921,NL,1
45352b15,NL,1,France,NL,1,Western,0,1968,2,1,1936,1945,NL,1
4535b18e,NL,-,NL,NL,0,Western,2,1962,2,1,1935,1925,NL,1
4539bd4c,NL,2,NL,US,1,Western,2,1993,2,1,1968,1973,NL,1
453e87c3,NL,2,France,NL,1,Western,0,1951,2,1,1912,1918,NL,1
453f1018,NL,1,France,NL,1,Western,1,1997,2,1,1975,1970,NL,1
454c5d6c,NL,-,NL,NL,0,Western,1,1995,2,1,1973,1958,NL,1
454da142,NL,1,NL,NL,0,Western,2,1980,2,1,1951,1952,NL,1
4551b59d,US,2,NL,NL,0,Western,2,1959,2,1,1933,1930,US,0
45539265,NL,2,US,France,2,Western,2,1969,1,1,1932,1930,NL,1
45578ec5,US,1,NL,NL,0,Western,0,1954,2,1,1925,1916,US,0
45632ae7,NL,1,NL,France,1,Western,0,1997,2,1,1967,1965,NL,1
4565b1b6,NL,1,NL,NL,0,Western,1,1985,2,1,1955,1959,NL,1
45670311,NL,2,NL,France,1,Western,2,1980,2,1,1948,1960,NL,1
456a1eb5,France,2,NL,NL,0,Western,2,1981,2,1,1948,1944,France,0
456b03fd,NL,1,France,NL,1,Western,1,1953,2,1,1928,1922,NL,1
45845130,NL,2,NL,NL,0,Western,2,1997,2,1,1966,1958,NL,1
4587414c,NL,2,NL,NL,0,Western,2,1980,2,1,1951,1954,NL,1
4595c6ac,NL,1,NL,NL,0,Western,1,1960,2,1,1937,1933,NL,1
459ca6b2,NL,2,NL,NL,0,Western,2,1991,2,1,1964,1955,NL,1
45a1b9f1,US,1,NL,NL,0,Western,1,1960,2,1,1928,1924,US,0
45a2ba14,NL,2,NL,NL,0,Western,0,1964,2,1,1928,1935,NL,1
45a427f3,NL,1,US,NL,1,Western,1,1999,2,2,1968,1976,NL,1
45af1035,NL,1,France,NL,1,Western,2,1982,2,1,1953,1943,NL,1
45af70b6,NL,2,NL,NL,0,Western,1,1955,2,1,1931,1924,NL,1
45b2787e,NL,1,Egypt,France,2,Western,2,1988,2,1,1951,1964,NL,1
45b29dfe,NL,2,NL,NL,0,Western,1,1982,2,1,1943,1954,NL,1
45b49f01,NL,1,NL,NL,0,Western,1,1970,2,1,1941,1937,NL,1
45b9a1a6,NL,2,NL,NL,0,Western,0,1983,2,1,1944,1947,NL,1
45bb330d,NL,1,Egypt,NL,1,Western,0,1997,2,1,1975,1966,NL,1
45c2a729,NL,2,NL,NL,0,Western,1,1992,2,1,1958,1972,NL,1
45cdc1a1,NL,1,NL,France,1,Western,1,1988,2,1,1953,1961,NL,1
45ce518f,US,2,NL,NL,0,Western,0,1958,2,1,1919,1924,US,0
45d8ba32,NL,2,France,NL,1,Western,2,1954,2,1,1920,1933,NL,1
45e3cd63,NL,2,NL,NL,0,Western,0,1990,2,1,1952,1960,NL,1
45e48558,NL,1,NL,Egypt,1,Western,2,1986,2,1,1959,1954,NL,1
45e927ec,NL,1,NL,NL,0,Western,0,1963,2,1,1930,1929,NL,1
45f00993,NL,1,NL,France,1,Western,0,1988,2,1,1963,1961,NL,1
45f3e421,NL,2,NL,US,1,Western,2,1967,2,1,1935,1937,NL,1
45f87a0c,NL,1,France,France,2,Western,1,1960,2,1,1940,1936,NL,1
460051ad,NL,1,NL,NL,0,Western,2,1968,2,1,1945,1933,NL,1
4604cd17,NL,1,NL,NL,0,Western,1,1984,-,1,1960,1951,NL,1
46063556,France,1,France,NL,1,Western,1,1965,2,1,1943,1934,France,0
460ebae4,NL,2,NL,NL,0,Western,1,1991,2,1,1955,1967,NL,1
4617ecdc,NL,2,NL,France,1,Western,1,1952,2,1,1917,1916,NL,1
461c9206,NL,1,NL,NL,0,Western,0,1967,2,1,1940,1935,NL,1
461cfb81,NL,2,NL,NL,0,Western,2,1966,2,1,1927,1942,NL,1
461e8716,NL,1,NL,NL,0,Western,1,1980,2,1,1949,1942,NL,1
46244da3,NL,2,US,NL,1,Western,2,1992,2,1,1959,1962,NL,1
462dd554,NL,2,NL,France,1,Western,1,1966,2,1,1932,1931,NL,1
4631bac5,NL,2,NL,NL,0,Western,1,1968,2,1,1932,1930,NL,1
4633f8c1,NL,1,NL,NL,0,Western,1,1982,2,1,1953,1955,NL,1
463b8354,NL,1,NL,France,1,Western,0,1956,2,1,1921,1927,NL,1
463d6e21,France,1,NL,NL,0,Western,1,1953,2,1,1918,1928,France,0
463ed700,NL,2,NL,NL,0,Western,2,1998,2,1,1975,1966,NL,1
464238f2,NL,1,NL,US,1,Western,1,1990,2,1,1966,1958,NL,1
46452cc8,France,-,NL,NL,0,Western,1,1964,2,1,1935,1939,France,0
4652cd95,NL,1,France,Egypt,2,Western,0,1997,2,1,1970,1972,NL,1
4659e017,France,1,NL,NL,0,Western,0,1988,2,1,1963,1961,France,0
465d1495,NL,2,NL,NL,0,Western,2,1993,2,1,1964,1964,NL,1
4664df81,NL,1,NL,NL,0,Western,1,1955,2,1,1932,1919,NL,1
46697a6d,NL,2,NL,NL,0,Western,2,1954,2,1,1924,1933,NL,1
466f6720,NL,2,NL,NL,0,Western,1,1958,2,1,1924,1920,NL,1
46749fb3,NL,2,France,Egypt,2,Western,1,1967,2,1,1930,1942,NL,1
468a8896,NL,2,NL,NL,0,Western,2,1958,2,-,1930,1925,NL,1
468d5792,NL,1,NL,NL,0,Western,1,1985,2,1,1960,1950,NL,1
46900034,NL,1,NL,NL,0,Western,1,1966,2,1,1928,1943,NL,1
469f5bb2,NL,2,France,NL,1,Western,1,1980,2,1,1949,1954,NL,1
46a1e9d0,NL,1,NL,NL,0,Western,2,1993,2,1,1956,1969,NL,1
46a5a6df,France,2,NL,NL,0,Western,1,1954,2,1,1932,1917,France,0
46ac6e52,NL,2,NL,NL,0,Western,1,1958,2,1,1934,1931,NL,1
46ada474,NL,1,NL,NL,0,Western,1,1983,2,1,1961,1956,NL,1
46b44483,Egypt,2,NL,NL,0,Non-Western,2,1966,2,1,1935,1943,Egypt,0
46b49f09,NL,1,NL,NL,0,Western,1,1980,2,1,1950,1943,NL,1
46b6df74,NL,2,NL,France,1,Western,0,1964,2,1,1927,1930,NL,1
46bbef2d,NL,2,US,France,2,Western,0,1962,2,1,1938,1940,NL,1
46c5772a,France,1,NL,NL,0,Western,1,1981,2,1,1955,1957,France,0
46d0e06a,NL,2,NL,NL,0,Western,0,1967,-,1,1930,1937,NL,1
46df92f0,NL,1,France,NL,1,Western,0,1992,2,1,1966,1958,NL,1
46ebbe53,NL,1,France,NL,1,Western,0,1950,2,1,1912,1923,NL,1
46ee2e38,NL,1,Egypt,NL,1,Western,0,1990,2,1,1965,1954,NL,1
46f11a76,NL,1,NL,NL,0,Western,1,1968,2,1,1944,1931,NL,1
47040642,NL,1,NL,NL,0,Western,0,1951,2,1,1926,1930,NL,1
470af003,NL,1,NL,NL,0,Western,1,1984,2,1,1963,1955,NL,1
470c27e6,US,2,NL,NL,0,Western,2,1958,2,1,1930,1920,US,0
47132ab5,NL,2,NL,NL,0,Western,1,1989,2,1,1956,1963,NL,1
47133e26,NL,2,NL,Egypt,1,Western,2,1970,2,1,1937,1948,NL,1
4715fe2a,NL,1,NL,NL,0,Western,1,1955,2,1,1930,1933,NL,1
471755be,NL,2,NL,NL,0,Western,0,1954,1,1,1921,1918,NL,1
471fdcfb,NL,1,Egypt,France,2,Western,1,1993,2,1,1971,1959,NL,1
472029a2,Egypt,2,NL,US,1,Non-Western,1,1982,2,1,1962,1956,Egypt,0
4722fe5b,France,2,NL,France,1,Western,0,1952,2,1,1922,1930,France,0
472f1ad6,NL,1,NL,NL,0,Western,2,1991,2,1,1963,1970,NL,1
473e6241,NL,2,NL,NL,0,Western,2,1965,2,1,1930,1944,NL,1
474c4329,NL,2,NL,NL,0,Western,2,1995,2,1,1965,1957,NL,1
474cafe4,NL,1,Egypt,NL,1,Western,0,1966,2,1,1928,1945,NL,1
474ecc62,France,1,NL,NL,0,Western,1,1982,2,1,1956,1959,France,0
47527cc9,Egypt,1,NL,NL,0,Non-Western,2,1970,2,1,1944,1939,Egypt,0
4753790c,NL,2,France,NL,1,Western,1,1993,2,1,1962,1969,NL,1
475595a6,NL,1,NL,NL,0,Western,0,1969,2,2,1938,1948,NL,1
4758919d,NL,1,NL,France,1,Western,0,1955,2,1,1933,1917,NL,1
475b87f9,France,2,France,France,2,Western,0,1955,2,1,1934,1921,France,0
47672af8,NL,1,France,France,2,Western,1,1981,2,1,1942,1943,NL,1
476c6ebf,NL,1,NL,NL,0,Western,2,1989,2,1,1969,1960,NL,1
4776eb0d,France,-,NL,NL,0,Western,2,1983,2,1,1963,1961,France,0
477b1d06,NL,2,NL,NL,0,Western,1,1986,2,1,1956,1963,NL,1
4786403c,NL,2,NL,NL,0,Western,1,1997,2,1,1959,1962,NL,1
478868ab,NL,2,Egypt,France,2,Western,1,1968,2,1,1934,1934,NL,1
47892528,NL,1,NL,NL,0,Western,0,1993,2,1,1958,1958,NL,1
479005ba,NL,1,NL,NL,0,Western,1,1985,2,1,1950,1954,NL,1
479217f4,NL,2,NL,NL,0,Western,2,1988,2,1,1955,1961,NL,1
479796b5,NL,1,France,NL,1,Western,2,1982,2,1,1950,1958,NL,1
479902a2,NL,1,NL,France,1,Western,0,1990,2,-,1953,1960,NL,1
479b64bc,NL,2,NL,NL,0,Western,1,1981,2,1,1958,1944,NL,1
479f2a76,NL,1,NL,NL,0,Western,2,1981,2,1,1943,1956,NL,1
47a3ba63,NL,2,NL,NL,0,Western,1,1996,2,1,1961,1967,NL,1
47a8d507,NL,2,NL,France,1,Western,1,1968,2,1,1936,1942,NL,1
47aca5ba,NL,1,NL,NL,0,Western,2,1968,2,1,1930,1931,NL,1
47ad4a59,NL,2,NL,US,1,Western,1,1970,2,1,1937,1940,NL,1
47b0ea8f,NL,1,NL,NL,0,Western,1,1970,2,1,1940,1937,NL,1
47b0f6a4,NL,1,NL,NL,0,Western,2,1992,2,1,1970,1955,NL,1
47b2fa44,NL,1,NL,NL,0,Western,2,1980,2,1,1946,1946,NL,1
47b33c2e,NL,1,US,NL,1,Western,1,1991,2,1,1954,1952,NL,1
47b72646,NL,1,NL,NL,0,Western,1,1958,2,1,1926,1934,NL,1
47b8ee76,NL,2,NL,NL,0,Western,0,1965,2,1,1934,1943,NL,1
47c03843,NL,2,NL,NL,0,Western,0,1956,2,1,1934,1927,NL,1
47c8c45a,France,2,France,US,2,Western,1,1986,2,1,1952,1956,France,0
47d38008,NL,2,NL,NL,0,Western,2,1981,2,1,1949,1958,NL,1
47e292c3,NL,1,France,NL,1,Western,1,1969,2,1,1935,1947,NL,1
47e4aa61,NL,2,NL,NL,0,Western,2,1987,2,1,1965,1966,NL,1
47e4b90a,NL,1,NL,France,1,Western,2,1951,2,1,1915,1930,NL,1
47e4bca4,NL,1,France,France,2,Western,0,1984,2,1,1953,1964,NL,1
47ea7fac,NL,1,NL,NL,0,Western,1,1985,2,1,1959,1963,NL,1
47f0059e,NL,1,US,US,2,Western,2,1995,2,1,1963,1966,NL,1
47fc3e79,NL,2,NL,NL,0,Western,1,1984,2,1,1958,1950,NL,1
47fd9b02,France,1,NL,NL,0,Western,1,1953,2,1,1918,1928,France,0
47ff9a85,NL,2,NL,NL,0,Western,1,1983,2,1,1962,1947,NL,1
4808f79c,NL,1,NL,NL,0,Western,-,1999,2,1,1967,1969,NL,1
4810c10b,NL,2,US,France,2,Western,1,1958,2,1,1935,1930,NL,1
48129e3e,NL,2,NL,NL,0,Western,0,1995,2,1,1970,1966,NL,1
4817197a,NL,2,NL,NL,0,Western,1,1960,2,1,1922,1922,NL,1
481a64c2,NL,-,NL,NL,0,Western,1,1962,2,1,1939,1937,NL,1
481ce23c,NL,1,NL,NL,0,Western,1,1995,2,1,1974,1962,NL,1
481fbab3,NL,2,NL,NL,0,Western,2,1969,2,1,1930,1941,NL,1
48262622,NL,2,NL,NL,0,Western,1,1966,2,1,1943,1939,NL,1
482c4ce0,NL,2,NL,NL,0,Western,1,1996,2,1,1968,1976,NL,1
48314a59,NL,2,US,France,2,Western,-,1969,2,1,1949,1930,NL,1
483371dd,France,2,France,NL,1,Western,0,1953,2,1,1932,1932,France,0
4836a1f4,NL,2,NL,NL,0,Western,1,1952,2,1,1932,1913,NL,1
4837a746,NL,2,France,NL,1,Western,0,1957,2,1,1936,1928,NL,1
4838a5fd,NL,2,NL,NL,0,Western,2,1983,2,1,1950,1950,NL,1
483c6291,NL,1,NL,NL,0,Western,1,1982,2,1,1955,1949,NL,1
483ddce9,NL,2,NL,France,1,Western,0,1987,2,1,1960,1953,NL,1
483e23f8,Egypt,1,NL,NL,0,Non-Western,-,1984,2,1,1947,1962,Egypt,0
484a1de9,NL,2,France,Egypt,2,Western,0,1966,2,1,1942,1928,NL,1
48569837,NL,1,NL,NL,0,Western,1,1987,2,1,1951,1948,NL,1
485dbb22,NL,1,NL,NL,0,Western,1,1957,2,1,1936,1934,NL,1
485f3638,NL,-,NL,NL,0,Western,2,1989,2,1,1952,1963,NL,1
4868d102,NL,1,NL,NL,0,Western,0,1999,2,1,1965,1979,NL,1
486ad5c1,NL,2,France,NL,1,Western,1,1967,2,1,1944,1944,NL,1
486b2d0c,NL,1,NL,Egypt,1,Western,2,1950,2,1,1917,1920,NL,1
486ee8fa,NL,1,NL,NL,0,Western,1,1994,2,1,1970,1961,NL,1
4870f2e9,NL,1,NL,NL,0,Western,1,1985,2,1,1963,1951,NL,1
487351ad,NL,1,NL,France,1,Western,1,1995,2,1,1975,1975,NL,1
4875860a,NL,2,NL,NL,0,Western,1,1990,2,1,1956,1953,NL,1
487f3f87,NL,2,France,NL,1,Western,2,1969,2,1,1947,1943,NL,1
488af70b,NL,1,NL,NL,0,Western,1,1980,2,1,1944,1951,NL,1
488cf8b4,NL,2,NL,France,1,Western,0,1984,2,1,1955,1959,NL,1
489b5cd9,NL,1,NL,France,1,Western,0,1967,2,1,1940,1929,NL,1
48a34e66,NL,1,Egypt,NL,1,Western,0,1969,2,1,1948,1941,NL,1
48a8747f,NL,2,NL,NL,0,Western,1,1951,2,1,1923,1919,NL,1
48b37db7,NL,1,NL,France,1,Western,2,1958,2,1,1934,1923,NL,1
48b6d83e,NL,1,NL,NL,0,Western,2,1970,2,1,1942,1944,NL,1
48ba2d10,NL,2,France,NL,1,Western,2,1963,2,1,1943,1929,NL,1
48ba3425,NL,2,Egypt,NL,1,Western,0,1985,2,1,1947,1959,NL,1
48be51e1,NL,1,NL,NL,0,Western,0,1955,2,1,1928,1934,NL,1
48c9bc82,NL,2,NL,NL,0,Western,2,1954,2,1,1923,1921,NL,1
48d40ecd,France,2,NL,NL,0,Western,0,1988,2,1,1966,1963,France,0
48d62fdd,NL,2,NL,France,1,Western,0,1994,2,1,1957,1957,NL,1
48e5a263,NL,1,NL,NL,0,Western,2,1957,2,1,1927,1932,NL,1
48ebedf9,France,2,NL,NL,0,Western,0,1982,2,1,1960,1945,France,0
48ee2cfa,NL,2,NL,NL,0,Western,1,1961,2,1,1936,1933,NL,1
48eea7a1,NL,1,NL,NL,0,Western,0,1952,2,1,1918,1921,NL,1
48eecb46,NL,1,France,NL,1,Western,1,1987,2,1,1965,1948,NL,1
4905464a,NL,1,NL,NL,0,Western,1,1955,2,2,1923,1922,NL,1
49066c23,NL,2,NL,France,1,Western,2,1960,2,1,1927,1933,NL,1
4906ef4b,NL,2,France,NL,1,Western,1,1980,2,1,1959,1942,NL,1
4909dddd,NL,-,NL,NL,0,Western,1,1995,2,1,1957,1960,NL,1
490a2fa0,NL,1,NL,US,1,Western,0,1951,2,1,1928,1928,NL,1
490aea49,NL,1,US,NL,1,Western,2,1952,2,1,1917,1930,NL,1
490f5efa,NL,1,France,NL,1,Western,0,1967,2,1,1930,1928,NL,1
4910bdd3,NL,2,NL,NL,0,Western,1,1998,2,1,1969,1974,NL,1
4912355f,NL,2,NL,NL,0,Western,1,1956,2,1,1935,1934,NL,1
491b91c7,NL,1,NL,NL,0,Western,1,1993,2,1,1963,1965,NL,1
492017a8,France,2,NL,NL,0,Western,1,1964,2,1,1936,1942,France,0
49247379,NL,1,NL,NL,0,Western,2,1966,2,1,1931,1940,NL,1
4931b41c,NL,1,NL,NL,0,Western,0,1984,-,1,1951,1964,NL,1
493410b9,US,1,Egypt,NL,1,Western,0,1965,2,-,1935,1926,US,0
493d7af2,NL,1,NL,NL,0,Western,1,1950,2,1,1912,1928,NL,1
49470ae8,NL,2,NL,France,1,Western,1,1967,2,1,1932,1940,NL,1
494a3397,France,2,NL,NL,0,Western,2,1963,2,1,1938,1942,France,0
494bb040,US,1,NL,NL,0,Western,1,1963,2,1,1933,1933,US,0
494cdf9f,NL,2,NL,France,1,Western,2,1950,2,1,1912,1922,NL,1
494e1659,France,2,NL,NL,0,Western,1,1963,2,1,1942,1941,France,0
4953f674,NL,1,France,France,2,Western,-,1986,2,1,1960,1948,NL,1
495522ea,NL,2,NL,NL,0,Western,2,1963,2,1,1927,1926,NL,1
49590f08,NL,2,France,NL,1,Western,2,1957,2,1,1923,1926,NL,1
495f510b,NL,1,NL,NL,0,Western,1,1987,2,1,1951,1960,NL,1
49665eda,NL,1,France,US,2,Western,0,1981,2,1,1949,1943,NL,1
496e4bfd,NL,2,France,NL,1,Western,2,1984,2,2,1964,1959,NL,1
4976731c,NL,1,NL,NL,0,Western,0,1999,2,1,1978,1978,NL,1
497af2d9,NL,1,France,NL,1,Western,2,1989,2,1,1966,1956,NL,1
497e3503,NL,2,NL,Egypt,1,Western,0,1959,2,1,1935,1923,NL,1
498ff47b,NL,1,NL,NL,0,Western,2,1950,2,1,1920,1928,NL,1
498ff66f,US,1,France,NL,1,Western,1,1953,2,1,1933,1923,US,0
499213da,NL,2,NL,NL,0,Western,2,1956,2,1,1920,1922,NL,1
4996b44f,NL,2,NL,NL,0,Western,1,1986,2,1,1953,1962,NL,1
4999552e,Egypt,2,NL,NL,0,Non-Western,1,1963,2,1,1941,1934,Egypt,0
49ab2a47,France,2,NL,NL,0,Western,0,1983,2,1,1955,1946,France,0
49b8c16d,France,1,NL,NL,0,Western,1,1987,2,1,1962,1954,France,0
49bce21f,NL,2,NL,NL,0,Western,2,1996,2,1,1969,1963,NL,1
49c1bae3,NL,2,NL,NL,0,Western,0,1998,2,1,1964,1977,NL,1
49c3233d,Egypt,2,NL,NL,0,Non-Western,0,1989,2,1,1964,1951,Egypt,0
49c51271,NL,2,NL,NL,0,Western,0,1956,2,1,1936,1928,NL,1
49ca00c5,NL,2,NL,NL,0,Western,2,1982,2,1,1959,1951,NL,1
49cedcb4,France,2,France,NL,1,Western,0,1964,2,1,1940,1934,France,0
49d01937,NL,2,NL,NL,0,Western,1,1962,-,1,1928,1925,NL,1
49d18b1c,NL,1,NL,NL,0,Western,1,1970,2,1,1943,1946,NL,1
49e7aa9e,France,1,US,NL,1,Western,1,1966,2,1,1934,1934,France,0
49eede1f,NL,1,NL,NL,0,Western,0,1982,2,1,1946,1958,NL,1
49f2b6f8,NL,1,NL,NL,0,Western,1,1991,2,1,1959,1964,NL,1
49f36952,NL,2,France,NL,1,Western,2,1966,2,1,1928,1938,NL,1
4a033f95,NL,1,NL,NL,0,Western,2,1992,2,1,1971,1965,NL,1
4a042f76,NL,1,NL,NL,0,Western,0,1990,2,1,1955,1965,NL,1
4a08a859,NL,2,NL,NL,0,Western,1,1986,2,1,1963,1966,NL,1
4a0c2671,NL,2,NL,France,1,Western,1,1992,2,1,1969,1966,NL,1
4a13a78e,NL,1,NL,NL,0,Western,0,1958,2,1,1922,1924,NL,1
4a1a358f,France,2,NL,NL,0,Western,0,1987,2,1,1950,1958,France,0
4a217d22,NL,1,NL,NL,0,Western,2,1989,2,1,1951,1967,NL,1
4a2d3abd,NL,1,US,NL,1,Western,2,1962,2,1,1926,1927,NL,1
4a341433,NL,2,Egypt,France,2,Western,2,1950,2,1,1928,1928,NL,1
4a3cac60,NL,1,NL,Egypt,1,Western,0,1958,2,1,1922,1931,NL,1
4a3d50fb,NL,2,NL,US,1,Western,2,1956,2,1,1934,1930,NL,1
4a4065f0,NL,1,US,NL,1,Western,0,1984,2,1,1960,1954,NL,1
4a450862,NL,2,NL,NL,0,Western,1,1995,2,1,1972,1966,NL,1
4a473d42,NL,2,NL,NL,0,Western,2,1964,2,1,1927,1937,NL,1
4a4786f0,NL,1,NL,NL,0,Western,2,1960,2,1,1934,1932,NL,1
4a4d1de9,NL,-,France,NL,1,Western,2,1957,2,1,1930,1921,NL,1
4a4e9ea0,NL,1,NL,NL,0,Western,0,1970,2,1,1931,1934,NL,1
4a511c17,NL,-,NL,NL,0,Western,2,1964,2,1,1941,1929,NL,1
4a56196a,NL,1,NL,NL,0,Western,1,1985,2,1,1961,1956,NL,1
4a5c37c0,NL,2,NL,France,1,Western,1,1995,2,1,1967,1959,NL,1
4a5fcd07,NL,2,NL,NL,0,Western,1,1991,2,1,1962,1952,NL,1
4a64e5cf,NL,2,NL,NL,0,Western,0,1988,2,1,1966,1965,NL,1
4a68f045,NL,1,NL,France,1,Western,1,1954,2,1,1917,1934,NL,1
4a6bf44d,NL,2,NL,NL,0,Western,0,1987,2,1,1948,1960,NL,1
4a7dcc7e,NL,2,NL,NL,0,Western,1,1992,2,1,1969,1965,NL,1
4a7f59b1,France,1,NL,NL,0,Western,0,1990,2,1,1966,1966,France,0
4a804cd3,France,2,NL,NL,0,Western,2,1968,2,1,1929,1945,France,0
4a8463d3,Egypt,1,NL,NL,0,Non-Western,2,1981,-,1,1954,1957,Egypt,0
4a88ed23,NL,1,NL,NL,0,Western,2,1994,2,1,1972,1968,NL,1
4a8ac855,NL,2,NL,NL,0,Western,0,1962,2,1,1927,1938,NL,1
4a903762,NL,1,NL,NL,0,Western,0,1981,2,-,1945,1953,NL,1
4a92ba52,NL,1,NL,NL,0,Western,2,1958,2,1,1932,1923,NL,1
4aa0d4c9,NL,2,NL,NL,0,Western,0,1992,2,1,1964,1953,NL,1
4aa2f296,NL,1,France,Egypt,2,Western,0,1998,2,1,1961,1967,NL,1
4aa383c6,NL,2,France,France,2,Western,0,1966,2,1,1930,1944,NL,1
4aa42b0d,NL,1,NL,NL,0,Western,2,1965,2,1,1928,1930,NL,1
4aae9c2f,US,2,NL,NL,0,Western,1,1954,2,1,1918,1932,US,0
4ab7d5ee,NL,1,NL,NL,0,Western,1,1983,2,1,1950,1950,NL,1
4ab8edab,NL,1,NL,NL,0,Western,1,1951,2,1,1923,1922,NL,1
4ab93e9a,NL,2,NL,NL,0,Western,2,1991,2,1,1962,1970,NL,1
4ab95e56,France,1,NL,NL,0,Western,2,1959,2,1,1931,1920,France,0
4ab9efe9,NL,1,France,NL,1,Western,1,1999,2,1,1960,1961,NL,1
4ac091b5,NL,1,NL,France,1,Western,0,1970,2,1,1939,1949,NL,1
4acb70c0,NL,2,NL,NL,0,Western,2,1950,2,1,1918,1920,NL,1
4acf041a,NL,2,NL,NL,0,Western,0,1999,2,1,1975,1975,NL,1
4ad12673,US,1,NL,France,1,Western,0,1950,2,1,1927,1920,US,0
4adfbced,NL,1,NL,NL,0,Western,2,1993,2,1,1970,1959,NL,1
4ae0ae02,France,1,NL,NL,0,Western,1,1969,2,1,1936,1937,France,0
4ae2c4e5,NL,1,NL,NL,0,Western,1,1951,2,1,1928,1914,NL,1
4ae53928,NL,1,NL,US,1,Western,2,1981,2,1,1953,1960,NL,1
4aea7cf3,NL,1,NL,France,1,Western,0,1970,2,1,1943,1944,NL,1
4aec502d,NL,1,France,NL,1,Western,0,1959,2,1,1939,1930,NL,1
4af67b6c,NL,1,France,NL,1,Western,2,1969,2,1,1933,1945,NL,1
4af9fbfc,NL,1,NL,NL,0,Western,1,1965,1,1,1941,1933,NL,1
4afcd2db,NL,1,NL,NL,0,Western,0,1956,2,1,1921,1917,NL,1
4b04ef7e,NL,1,NL,NL,0,Western,0,1968,2,1,1933,1930,NL,1
4b1af3b2,NL,2,NL,NL,0,Western,1,1980,2,1,1941,1959,NL,1
4b1c449a,NL,2,France,NL,1,Western,2,1958,2,1,1938,1933,NL,1
4b1ecdfa,France,2,NL,NL,0,Western,0,1963,2,1,1930,1935,France,0
4b26b783,NL,2,NL,NL,0,Western,2,1950,2,1,1914,1916,NL,1
4b2c4f18,NL,1,Egypt,NL,1,Western,2,1964,1,1,1944,1935,NL,1
4b30f035,NL,2,NL,NL,0,Western,0,1960,1,1,1937,1935,NL,1
4b3dcbdd,NL,2,NL,NL,0,Western,2,1987,2,1,1964,1965,NL,1
4b5012a9,NL,2,NL,NL,0,Western,0,1952,2,1,1928,1932,NL,1
4b51f4eb,NL,1,France,NL,1,Western,1,1953,2,1,1921,1922,NL,1
4b5803e7,NL,1,NL,NL,0,Western,0,1993,2,1,1957,1956,NL,1
4b5cba7d,NL,2,US,NL,1,Western,0,1960,2,1,1931,1928,NL,1
4b5cfba6,France,1,NL,NL,0,Western,0,1990,2,1,1958,1968,France,0
4b5d5de9,NL,2,NL,NL,0,Western,-,1963,2,1,1934,1938,NL,1
4b737717,France,1,NL,France,1,Western,1,1952,2,1,1920,1916,France,0
4b74af7c,NL,2,NL,US,1,Western,0,1980,2,1,1956,1948,NL,1
4b79a6f7,NL,1,NL,NL,0,Western,0,1953,2,1,1924,1924,NL,1
4b7abf33,NL,2,NL,NL,0,Western,1,1998,2,1,1968,1974,NL,1
4b7f96ff,NL,1,NL,NL,0,Western,2,1960,2,1,1928,1932,NL,1
4b7fe00f,NL,2,NL,France,1,Western,0,1950,2,1,1913,1924,NL,1
4b8dd01a,NL,2,NL,NL,0,Western,2,1983,2,1,1955,1959,NL,1
4b9308d2,NL,2,NL,NL,0,Western,1,1953,2,1,1933,1933,NL,1
4b9882e7,France,2,France,NL,1,Western,1,1982,-,1,1953,1959,France,0
4b997ca9,NL,2,US,NL,1,Western,2,1996,2,1,1963,1957,NL,1
4b9e33e7,Egypt,2,NL,NL,0,Non-Western,1,1987,2,1,1965,1962,Egypt,0
4ba7025b,NL,1,NL,NL,0,Western,0,1984,2,1,1953,1950,NL,1
4ba84159,NL,2,Egypt,NL,1,Western,0,1968,2,1,1944,1948,NL,1
4bb47c28,NL,2,NL,France,1,Western,2,1985,2,1,1949,1949,NL,1
4bba802f,NL,1,NL,NL,0,Western,1,1963,2,1,1934,1926,NL,1
4bc25c4c,NL,2,NL,NL,0,Western,1,1992,2,1,1965,1967,NL,1
4bc48e9b,NL,2,NL,NL,0,Western,2,1950,2,1,1913,1923,NL,1
4bce6a10,France,1,NL,NL,0,Western,0,1958,2,1,1926,1927,France,0
4bd1b908,NL,2,NL,NL,0,Western,1,1958,2,1,1928,1933,NL,1
4bda243b,NL,1,NL,NL,0,Western,2,1969,2,1,1946,1933,NL,1
4bddf5f1,NL,2,NL,NL,0,Western,2,1989,2,1,1965,1956,NL,1
4bfad066,NL,2,NL,NL,0,Western,1,1999,2,1,1978,1968,NL,1
4c02d6ca,NL,1,NL,NL,0,Western,1,1981,2,1,1953,1959,NL,1
4c09ddc6,France,2,France,France,2,Western,1,1961,2,1,1930,1927,France,0
4c0ef498,NL,1,NL,NL,0,Western,1,1950,2,1,1925,1923,NL,1
4c1696b1,NL,1,NL,NL,0,Western,0,1981,2,1,1942,1953,NL,1
4c1931c6,NL,2,NL,NL,0,Western,1,1995,2,1,1974,1970,NL,1
4c22cf13,NL,2,NL,NL,0,Western,1,1991,2,1,1961,1963,NL,1
4c2b2bcb,France,1,Egypt,NL,1,Western,2,1954,2,1,1915,1920,France,0
4c2c2a6e,NL,2,NL,NL,0,Western,0,1969,2,1,1930,1930,NL,1
4c2e824e,NL,2,NL,NL,0,Western,0,1960,2,1,1926,1932,NL,1
4c2f2c37,NL,2,NL,NL,0,Western,2,1950,2,1,1930,1930,NL,1
4c3dbe90,US,-,France,NL,1,Western,0,1950,2,1,1921,1916,US,0
4c42f5bc,NL,2,France,US,2,Western,1,1993,2,1,1972,1959,NL,1
4c4387f8,NL,1,France,NL,1,Western,1,1965,2,1,1933,1937,NL,1
4c47704b,NL,1,NL,NL,0,Western,0,1983,2,1,1946,1949,NL,1
4c59d593,NL,1,NL,NL,0,Western,1,1963,2,1,1934,1943,NL,1
4c633ed4,NL,1,NL,France,1,Western,1,1957,2,1,1918,1927,NL,1
4c666863,NL,2,NL,France,1,Western,2,1950,2,1,1914,1920,NL,1
4c6a6663,France,2,NL,NL,0,Western,0,1968,2,1,1945,1938,France,0
4c79a061,France,2,NL,NL,0,Western,2,1966,2,1,1931,1931,France,0
4c7aa17a,France,2,NL,NL,0,Western,1,1967,2,-,1938,1943,France,0
4c7b7f77,NL,1,NL,NL,0,Western,1,1989,2,1,1964,1959,NL,1
4c7fbb1d,NL,1,NL,NL,0,Western,1,1996,2,1,1968,1962,NL,1
4c857d44,NL,2,US,France,2,Western,2,1966,2,1,1944,1930,NL,1
4c861ddb,NL,-,NL,NL,0,Western,2,1994,2,1,1972,1958,NL,1
4c8ef043,France,2,NL,NL,0,Western,2,1965,2,1,1945,1932,France,0
4c9790db,NL,1,US,NL,1,Western,2,1981,2,2,1950,1959,NL,1
4c9aa8bc,NL,2,France,NL,1,Western,0,1989,2,1,1961,1964,NL,1
4c9cb7a9,NL,1,France,NL,1,Western,1,1960,2,1,1924,1923,NL,1
4c9e9bd8,France,2,NL,NL,0,Western,2,1987,2,1,1964,1967,France,0
4ca945ac,NL,2,NL,NL,0,Western,2,1962,2,1,1928,1941,NL,1
4cad56ae,US,2,France,NL,1,Western,1,1950,2,1,1919,1928,US,0
4cb5b833,NL,2,NL,France,1,Western,2,1951,2,1,1913,1920,NL,1
4cb82092,NL,2,France,NL,1,Western,1,1989,2,1,1951,1950,NL,1
4cba2599,NL,1,NL,NL,0,Western,1,1984,2,1,1951,1958,NL,1
4cbf9033,NL,2,France,NL,1,Western,2,1994,2,1,1972,1966,NL,1
4cc665ba,NL,1,France,NL,1,Western,2,1960,2,1,1939,1924,NL,1
4cc8ca02,NL,1,Egypt,NL,1,Western,1,1986,2,1,1961,1950,NL,1
4cc9cfc1,NL,1,NL,NL,0,Western,1,1996,2,1,1967,1960,NL,1
4ccb847a,NL,2,NL,NL,0,Western,1,1984,2,1,1955,1957,NL,1
4cdbee58,NL,2,NL,NL,0,Western,1,1965,2,1,1928,1928,NL,1
4cef33e4,NL,1,France,NL,1,Western,1,1982,2,1,1959,1955,NL,1
4cf2fee0,US,1,NL,NL,0,Western,2,1980,2,1,1959,1960,US,0
4cfac795,NL,1,NL,France,1,Western,1,1985,2,1,1963,1959,NL,1
4d00d137,NL,2,France,NL,1,Western,2,1968,2,1,1948,1932,NL,1
4d01d93e,NL,2,NL,NL,0,Western,1,1981,2,1,1960,1959,NL,1
4d02d13f,NL,1,NL,NL,0,Western,1,1984,2,1,1947,1945,NL,1
4d05093b,NL,1,NL,NL,0,Western,0,1988,2,1,1954,1952,NL,1
4d0a5eea,NL,2,NL,NL,0,Western,2,1969,2,1,1938,1938,NL,1
4d1441d4,France,1,France,NL,1,Western,2,1987,2,1,1967,1962,France,0
4d17073e,NL,1,NL,NL,0,Western,0,1996,2,1,1974,1969,NL,1
4d1c4930,NL,2,NL,NL,0,Western,1,1984,2,1,1952,1964,NL,1
4d1f76a8,NL,1,NL,France,1,Western,1,1968,2,1,1930,1947,NL,1
4d20d5db,NL,2,NL,NL,0,Western,1,1996,2,1,1959,1959,NL,1
4d23daae,NL,2,US,NL,1,Western,1,1970,2,1,1940,1941,NL,1
4d24c461,France,2,NL,NL,0,Western,1,1980,2,1,1958,1946,France,0
4d274667,NL,1,France,NL,1,Western,2,1993,2,1,1964,1973,NL,1
4d3ae692,NL,1,NL,NL,0,Western,1,1963,2,1,1938,1934,NL,1
4d41ed2c,France,1,NL,NL,0,Western,1,1986,2,1,1964,1961,France,0
4d42eaf9,NL,1,NL,NL,0,Western,2,1954,2,1,1917,1929,NL,1
4d438b22,NL,2,NL,NL,0,Western,2,1955,2,1,1923,1923,NL,1
4d4549ee,NL,1,NL,NL,0,Western,0,1991,2,1,1960,1963,NL,1
4d4c4d60,NL,1,NL,NL,0,Western,2,1996,2,1,1962,1960,NL,1
4d4c9a86,NL,2,NL,NL,0,Western,0,1991,2,1,1964,1959,NL,1
4d53acb0,NL,1,NL,US,1,Western,1,1956,2,1,1925,1917,NL,1
4d5437a1,NL,2,NL,NL,0,Western,0,1986,2,1,1959,1951,NL,1
4d5fe15b,NL,1,NL,NL,0,Western,0,1966,2,1,1932,1930,NL,1
4d644863,NL,2,NL,NL,0,Western,0,1983,2,1,1955,1950,NL,1
4d6982b4,NL,1,NL,NL,0,Western,0,1999,2,1,1971,1973,NL,1
4d6dca22,NL,1,NL,NL,0,Western,0,1965,2,1,1931,1944,NL,1
4d7768f8,NL,2,NL,NL,0,Western,0,1958,2,1,1925,1938,NL,1
4d86bfe0,France,1,NL,NL,0,Western,0,1953,2,1,1929,1919,France,0
4d8884de,NL,2,NL,NL,0,Western,0,1961,2,1,1924,1924,NL,1
4d8a769b,NL,2,France,NL,1,Western,0,1966,2,1,1941,1931,NL,1
4d8cc02e,NL,1,NL,NL,0,Western,0,1998,2,1,1977,1974,NL,1
4d93e476,NL,2,NL,NL,0,Western,1,1951,2,1,1914,1930,NL,1
4d9ac3ee,NL,1,NL,NL,0,Western,0,1950,2,1,1917,1924,NL,1
4d9dc8b2,NL,2,NL,NL,0,Western,2,1989,2,1,1966,1955,NL,1
4d9f95d0,NL,1,NL,NL,0,Western,0,1993,2,1,1969,1972,NL,1
4da31971,NL,2,NL,NL,0,Western,0,1991,2,1,1958,1955,NL,1
4da55970,NL,2,NL,NL,0,Western,1,1988,2,1,1956,1953,NL,1
4da772e3,NL,2,NL,NL,0,Western,0,1983,2,1,1955,1963,NL,1
4db04242,NL,1,NL,NL,0,Western,1,1997,2,1,1967,1966,NL,1
4db2ce12,NL,1,NL,NL,0,Western,1,1988,2,1,1953,1953,NL,1
4db7df8d,NL,1,NL,NL,0,Western,2,1985,2,1,1953,1953,NL,1
4dba6676,France,1,NL,NL,0,Western,1,1967,2,1,1930,1941,France,0
4dc0a2ab,US,1,NL,NL,0,Western,-,1952,2,1,1923,1921,US,0
4dc6ce62,NL,2,France,NL,1,Western,2,1982,2,1,1955,1944,NL,1
4dcc651b,NL,2,NL,NL,0,Western,1,1955,2,1,1935,1919,NL,1
4dccb1c6,NL,2,NL,NL,0,Western,1,1984,2,1,1964,1959,NL,1
4dcd6460,NL,2,NL,NL,0,Western,1,1951,2,1,1917,1927,NL,1
4dd28363,NL,1,NL,NL,0,Western,1,1959,2,1,1923,1927,NL,1
4dd80a43,NL,1,NL,NL,0,Western,1,1980,2,1,1957,1945,NL,1
4de1434c,NL,1,NL,NL,0,Western,0,1950,2,1,1925,1923,NL,1
4de7f9f3,France,2,NL,NL,0,Western,0,1986,2,1,1956,1949,France,0
4de95d98,NL,2,NL,France,1,Western,-,1994,2,1,1973,1957,NL,1
4df021e3,NL,2,NL,NL,0,Western,1,1969,2,1,1938,1940,NL,1
4df10976,NL,1,Egypt,NL,1,Western,2,1982,2,1,1943,1952,NL,1
4df6df69,NL,1,NL,NL,0,Western,2,1967,2,1,1933,1935,NL,1
4e012bc1,NL,1,NL,France,1,Western,1,1984,2,1,1952,1946,NL,1
4e042543,NL,1,NL,NL,0,Western,0,1987,2,1,1949,1954,NL,1
4e062a75,NL,2,NL,NL,0,Western,1,1965,2,1,1944,1935,NL,1
4e072f67,NL,2,NL,France,1,Western,1,1997,2,1,1961,1974,NL,1
4e0c5e2e,NL,1,NL,NL,0,Western,2,1995,2,1,1966,1961,NL,1
4e111417,France,1,NL,NL,0,Western,0,1957,2,1,1927,1936,France,0
4e112213,NL,1,France,France,2,Western,1,1983,2,1,1956,1945,NL,1
4e174fa8,NL,2,France,NL,1,Western,2,1955,2,1,1925,1918,NL,1
4e267937,NL,1,France,Egypt,2,Western,1,1996,2,1,1963,1960,NL,1
4e2865bc,France,2,NL,Egypt,1,Western,2,1957,2,1,1930,1926,France,0
4e2ad526,France,2,NL,NL,0,Western,0,1989,2,1,1965,1963,France,0
4e2fe7f8,NL,2,NL,NL,0,Western,1,1980,2,1,1950,1959,NL,1
4e311690,NL,2,NL,US,1,Western,0,1980,2,1,1957,1945,NL,1
4e32e43b,NL,2,France,France,2,Western,1,1965,2,1,1929,1942,NL,1
4e3bbf96,NL,1,NL,NL,0,Western,1,1957,2,1,1919,1925,NL,1
4e4032d0,NL,2,NL,NL,0,Western,1,1960,2,1,1929,1935,NL,1
4e40de44,Egypt,1,NL,France,1,Non-Western,0,1966,2,1,1930,1940,Egypt,0
4e491604,NL,1,NL,France,1,Western,1,1961,2,1,1924,1941,NL,1
4e540033,France,1,US,NL,1,Western,2,1982,2,1,1950,1950,France,0
4e5581c1,NL,2,NL,NL,0,Western,0,1961,2,1,1929,1935,NL,1
4e5590e3,NL,1,France,NL,1,Western,0,1957,2,1,1920,1933,NL,1
4e569aa6,NL,2,Egypt,France,2,Western,1,1983,2,1,1952,1951,NL,1
4e599b0d,NL,2,NL,NL,0,Western,2,1993,2,1,1969,1973,NL,1
4e6179d3,NL,1,NL,NL,0,Western,0,1957,2,1,1918,1924,NL,1
4e65ad14,NL,2,NL,NL,0,Western,2,1967,2,1,1930,1930,NL,1
4e65f5c8,NL,2,NL,NL,0,Western,2,1967,2,1,1931,1930,NL,1
4e6e4e77,NL,1,France,NL,1,Western,0,1965,2,1,1938,1927,NL,1
4e6eb630,France,2,NL,NL,0,Western,1,1980,2,1,1950,1959,France,0
4e6f0adc,NL,1,NL,NL,0,Western,0,1984,2,1,1960,1947,NL,1
4e73df20,France,2,France,France,2,Western,1,1953,2,1,1932,1917,France,0
4e75895b,NL,2,NL,NL,0,Western,0,1960,2,1,1938,1940,NL,1
4e7afdce,France,2,NL,France,1,Western,1,1962,2,1,1938,1932,France,0
4e8dc621,NL,1,NL,NL,0,Western,2,1999,2,1,1963,1964,NL,1
4e8de768,NL,1,NL,NL,0,Western,1,1958,2,1,1938,1922,NL,1
4e8eb983,NL,2,NL,France,1,Western,0,1993,2,1,1964,1967,NL,1
4e909283,NL,1,NL,NL,0,Western,0,1993,2,1,1968,1970,NL,1
4e9516ad,France,2,NL,NL,0,Western,1,1966,2,1,1932,1931,France,0
4ea3fd58,NL,2,France,NL,1,Western,1,1969,2,1,1931,1941,NL,1
4ea443b8,NL,1,NL,NL,0,Western,1,1969,2,1,1946,1945,NL,1
4eac0a1d,NL,1,NL,NL,0,Western,1,1998,2,1,1969,1966,NL,1
4eaf65f1,NL,1,France,France,2,Western,2,1998,2,1,1974,1972,NL,1
4ebb4bc9,NL,2,NL,NL,0,Western,1,1958,2,1,1923,1923,NL,1
4ebc9950,NL,2,NL,NL,0,Western,2,1967,2,1,1930,1934,NL,1
4ec1ecc2,NL,-,NL,NL,0,Western,1,1994,2,1,1958,1969,NL,1
4ec8c2be,NL,2,NL,NL,0,Western,0,1981,2,1,1959,1947,NL,1
4eca7b69,France,1,NL,NL,0,Western,2,1988,2,1,1954,1949,France,0
4ed23a7a,NL,2,NL,NL,0,Western,2,1988,2,1,1955,1951,NL,1
4ed8ad74,NL,2,NL,NL,0,Western,0,1968,2,1,1947,1932,NL,1
4ee54551,NL,2,France,NL,1,Western,1,1966,2,1,1929,1945,NL,1
4eee269a,NL,1,US,NL,1,Western,0,1968,2,1,1931,1944,NL,1
4eee7c87,France,1,France,NL,1,Western,0,1989,2,1,1953,1957,France,0
4ef7ba52,NL,2,NL,France,1,Western,1,1982,2,1,1951,1962,NL,1
4f142a0d,NL,1,NL,NL,0,Western,0,1951,2,1,1926,1919,NL,1
4f198b56,NL,2,NL,NL,0,Western,1,1959,2,1,1934,1935,NL,1
4f278235,NL,2,NL,France,1,Western,0,1996,2,1,1967,1968,NL,1
4f2965b6,NL,1,NL,NL,0,Western,1,1991,2,1,1971,1965,NL,1
4f29fda5,NL,2,NL,NL,0,Western,0,1959,2,1,1936,1932,NL,1
4f2ba931,NL,2,France,NL,1,Western,1,1981,2,1,1955,1952,NL,1
4f32c727,NL,2,NL,NL,0,Western,2,1964,-,1,1941,1926,NL,1
4f3576b9,NL,2,NL,NL,0,Western,1,1964,2,1,1931,1942,NL,1
4f37aa48,NL,2,NL,NL,0,Western,1,1950,2,1,1917,1912,NL,1
4f37f0ad,NL,1,NL,NL,0,Western,2,1966,2,1,1931,1934,NL,1
4f39b8aa,NL,2,NL,NL,0,Western,0,1996,2,1,1967,1968,NL,1
4f3a990b,NL,2,NL,France,1,Western,1,1957,-,1,1927,1925,NL,1
4f3ab433,NL,2,France,NL,1,Western,0,1968,2,1,1937,1943,NL,1
4f3ab845,NL,2,NL,NL,0,Western,1,1964,2,1,1934,1931,NL,1
4f44fdc8,France,1,NL,NL,0,Western,1,1954,2,1,1931,1931,France,0
4f473247,France,2,NL,NL,0,Western,0,1983,2,1,1960,1961,France,0
4f536365,NL,1,NL,NL,0,Western,2,1981,2,1,1958,1954,NL,1
4f54bdfa,NL,2,NL,NL,0,Western,0,1999,2,1,1965,1969,NL,1
4f597bf9,NL,1,NL,NL,0,Western,2,1968,2,1,1932,1945,NL,1
4f5c3f30,NL,1,France,France,2,Western,2,1987,2,1,1966,1950,NL,1
4f60a445,NL,2,NL,NL,0,Western,1,1985,2,1,1951,1955,NL,1
4f60b01e,NL,2,US,NL,1,Western,0,1984,2,1,1945,1947,NL,1
4f630c8e,NL,1,NL,NL,0,Western,2,1983,2,1,1948,1961,NL,1
4f672eb1,NL,1,NL,NL,0,Western,2,1994,2,1,1973,1963,NL,1
4f708b43,NL,1,NL,NL,0,Western,0,1983,2,1,1955,1944,NL,1
4f764b74,NL,1,NL,NL,0,Western,2,1962,2,1,1938,1939,NL,1
4f7af991,NL,1,NL,NL,0,Western,0,1955,2,1,1923,1935,NL,1
4f7d395e,Egypt,2,NL,NL,0,Non-Western,1,1959,2,1,1938,1932,Egypt,0
4f7dc97c,NL,2,NL,NL,0,Western,0,1964,2,1,1929,1934,NL,1
4f85cb5a,France,1,NL,NL,0,Western,1,1965,2,1,1933,1938,France,0
4f895369,NL,1,NL,NL,0,Western,1,1956,2,1,1919,1925,NL,1
4f8cead6,France,2,NL,NL,0,Western,0,1967,2,1,1944,1929,France,0
4f9c0445,NL,1,NL,NL,0,Western,1,1951,2,1,1929,1915,NL,1
4f9ca9ca,NL,2,NL,NL,0,Western,1,1959,-,1,1934,1937,NL,1
4f9f7930,NL,1,US,France,2,Western,1,1967,2,1,1933,1939,NL,1
4fa6bdb9,NL,2,NL,NL,0,Western,1,1951,2,1,1925,1917,NL,1
4fa7121e,France,1,NL,NL,0,Western,0,1955,2,1,1922,1918,France,0
4fb67cdb,NL,2,NL,NL,0,Western,0,1996,2,1,1973,1961,NL,1
4fc9c474,NL,2,NL,NL,0,Western,0,1982,2,1,1959,1954,NL,1
4fd1f72a,NL,1,France,NL,1,Western,1,1963,2,1,1927,1942,NL,1
4fe27dbe,NL,1,NL,NL,0,Western,0,1956,2,-,1921,1922,NL,1
4fe402ca,NL,2,NL,NL,0,Western,1,1970,2,1,1939,1938,NL,1
4fe4aa5e,NL,2,NL,NL,0,Western,0,1963,2,1,1927,1924,NL,1
4feb8e4e,NL,2,NL,NL,0,Western,0,1993,2,1,1960,1963,NL,1
4fedb307,NL,1,NL,NL,0,Western,2,1956,2,1,1924,1923,NL,1
4fef979d,NL,1,NL,NL,0,Western,1,1970,2,1,1948,1949,NL,1
4ff0a5d5,France,2,NL,NL,0,Western,1,1965,2,1,1940,1926,France,0
4ff55b4d,NL,2,NL,NL,0,Western,0,1965,2,1,1933,1944,NL,1
4ff78c75,NL,1,NL,France,1,Western,2,1967,2,1,1936,1934,NL,1
4fff5ee0,NL,2,NL,NL,0,Western,1,1990,2,1,1970,1952,NL,1
5005e92f,NL,1,NL,NL,0,Western,1,1987,2,1,1967,1956,NL,1
5012421e,NL,1,NL,NL,0,Western,0,1950,2,1,1915,1919,NL,1
5020257f,NL,1,NL,NL,0,Western,2,1965,2,1,1942,1937,NL,1
5021d658,NL,1,NL,France,1,Western,2,1962,-,1,1935,1930,NL,1
50247614,NL,2,NL,France,1,Western,0,1982,2,1,1958,1954,NL,1
502a1703,France,2,NL,NL,0,Western,0,1984,2,1,1948,1960,France,0
502d7089,Egypt,2,NL,NL,0,Non-Western,1,1958,2,1,1924,1938,Egypt,0
50360719,US,2,NL,France,1,Western,2,1988,2,1,1968,1953,US,0
503786d9,NL,2,NL,NL,0,Western,2,1988,2,1,1954,1949,NL,1
5037b058,NL,2,NL,NL,0,Western,0,1997,2,1,1972,1967,NL,1
503e427d,NL,1,NL,NL,0,Western,0,1963,2,1,1924,1925,NL,1
504244e1,NL,2,US,NL,1,Western,2,1951,2,1,1919,1916,NL,1
5048b6c0,NL,1,France,NL,1,Western,2,1960,2,1,1927,1925,NL,1
5048efad,NL,1,NL,NL,0,Western,2,1964,2,1,1931,1929,NL,1
50499a34,NL,1,NL,France,1,Western,1,1953,2,1,1920,1918,NL,1
504b9f26,NL,2,NL,NL,0,Western,0,1998,2,1,1975,1965,NL,1
504dbab4,NL,1,NL,France,1,Western,1,1987,2,1,1955,1960,NL,1
5060afd9,NL,1,NL,NL,0,Western,0,1996,2,1,1975,1963,NL,1
5063e15b,NL,2,NL,NL,0,Western,2,1983,2,1,1951,1961,NL,1
506803b3,Egypt,2,NL,NL,0,Non-Western,1,1968,2,1,1932,1943,Egypt,0
5068aaa0,NL,1,NL,NL,0,Western,1,1990,2,1,1966,1952,NL,1
506dfb27,NL,2,NL,NL,0,Western,1,1956,2,1,1933,1931,NL,1
507e9923,NL,2,NL,NL,0,Western,1,1987,2,1,1965,1948,NL,1
507f635c,NL,2,NL,NL,0,Western,0,1991,2,1,1963,1954,NL,1
5084562d,NL,2,NL,NL,0,Western,1,1961,2,1,1927,1933,NL,1
508527b7,NL,1,France,France,2,Western,0,1993,2,1,1956,1959,NL,1
508698ad,NL,-,NL,NL,0,Western,1,1958,2,1,1922,1928,NL,1
50887a7a,France,1,NL,France,1,Western,0,1960,2,1,1939,1922,France,0
508cc80e,NL,2,France,NL,1,Western,0,1995,2,1,1968,1962,NL,1
509e1aa0,NL,2,NL,NL,0,Western,0,1988,2,1,1951,1954,NL,1
50a3f7f1,NL,1,NL,NL,0,Western,0,1985,2,1,1965,1954,NL,1
50a7192c,NL,2,France,NL,1,Western,1,1950,2,1,1923,1925,NL,1
50ae6d5e,NL,1,NL,NL,0,Western,0,1951,2,1,1920,1923,NL,1
50b6cf6b,NL,1,NL,NL,0,Western,0,1964,2,1,1944,1935,NL,1
50bbc197,France,1,NL,NL,0,Western,0,1983,2,1,1954,1962,France,0
50bc9de9,NL,1,NL,France,1,Western,2,1969,2,1,1939,1947,NL,1
50c90b73,NL,2,NL,NL,0,Western,1,1999,2,1,1969,1978,NL,1
50c98a01,NL,2,NL,NL,0,Western,2,1953,2,1,1916,1928,NL,1
50ccdd21,NL,1,NL,US,1,Western,2,1956,2,1,1924,1934,NL,1
50d31857,NL,1,France,France,2,Western,2,1968,2,1,1943,1936,NL,1
50d5713f,NL,1,France,NL,1,Western,1,1999,2,1,1978,1971,NL,1
50d58885,NL,1,NL,NL,0,Western,2,1956,2,1,1932,1932,NL,1
50dc8473,NL,2,France,NL,1,Western,2,1980,2,1,1951,1957,NL,1
50e5b8df,France,1,France,NL,1,Western,1,1957,2,1,1920,1930,France,0
50e73ab7,NL,2,NL,NL,0,Western,1,1955,2,1,1935,1917,NL,1
50e98203,NL,1,NL,Egypt,1,Western,0,1951,2,1,1924,1914,NL,1
50ee0f49,France,1,US,NL,1,Western,2,1986,2,1,1964,1963,France,0
50eea3e7,France,2,NL,NL,0,Western,2,1967,2,1,1929,1942,France,0
50ef27c4,NL,1,NL,NL,0,Western,2,1965,2,1,1931,1928,NL,1
50f55967,France,2,NL,France,1,Western,1,1986,2,1,1954,1947,France,0
50f7555a,NL,1,NL,NL,0,Western,0,1952,2,1,1931,1929,NL,1
51017aaa,NL,2,NL,NL,0,Western,1,1992,2,1,1963,1962,NL,1
5112525a,NL,2,NL,NL,0,Western,2,1957,2,1,1931,1920,NL,1
51141190,NL,1,Egypt,France,2,Western,1,1989,2,1,1954,1968,NL,1
511478fe,NL,2,NL,NL,0,Western,1,1993,2,1,1957,1958,NL,1
511a29fd,NL,1,France,France,2,Western,1,1980,2,1,1945,1960,NL,1
511b8bec,NL,1,NL,France,1,Western,0,1960,2,1,1934,1933,NL,1
511c5186,France,2,NL,France,1,Western,1,1987,2,1,1964,1950,France,0
5126a76b,NL,2,NL,NL,0,Western,1,1955,2,1,1918,1924,NL,1
512dfed2,NL,2,France,NL,1,Western,2,1981,2,1,1944,1956,NL,1
51332d74,NL,2,NL,NL,0,Western,1,1958,2,1,1933,1936,NL,1
51386889,NL,2,France,NL,1,Western,1,1956,2,1,1934,1920,NL,1
51425503,NL,2,NL,NL,0,Western,1,1982,2,1,1959,1958,NL,1
5144be14,NL,1,Egypt,NL,1,Western,2,1964,2,1,1930,1938,NL,1
51459fee,NL,2,NL,NL,0,Western,1,1967,2,1,1934,1944,NL,1
51462736,NL,1,NL,NL,0,Western,0,1964,2,1,1932,1928,NL,1
514a9005,NL,1,NL,NL,0,Western,2,1981,2,1,1953,1952,NL,1
514f33a9,NL,1,NL,NL,0,Western,0,1995,2,1,1958,1968,NL,1
5152684a,NL,1,US,NL,1,Western,-,1988,2,1,1949,1965,NL,1
5158d1a9,NL,2,NL,NL,0,Western,0,1961,2,1,1941,1940,NL,1
515e282b,NL,2,France,NL,1,Western,0,1968,2,1,1945,1939,NL,1
515fbe9c,NL,2,NL,NL,0,Western,1,1982,2,1,1947,1951,NL,1
5165c83e,NL,1,NL,NL,0,Western,2,1991,2,1,1955,1953,NL,1
516821b9,NL,1,NL,NL,0,Western,2,1953,2,1,1933,1933,NL,1
5174e8ee,France,2,Egypt,NL,1,Western,2,1985,2,1,1954,1957,France,0
51776577,NL,1,France,NL,1,Western,2,1992,2,1,1966,1954,NL,1
517bc9a2,NL,2,NL,NL,0,Western,2,1981,2,1,1954,1946,NL,1
517c0a66,NL,2,NL,NL,0,Western,0,1952,2,1,1919,1927,NL,1
517d9385,France,2,NL,NL,0,Western,2,1985,2,1,1950,1959,France,0
517ec0a1,NL,1,France,NL,1,Western,1,1965,2,1,1940,1937,NL,1
51835719,NL,2,France,NL,1,Western,0,1990,2,1,1964,1956,NL,1
51894500,NL,-,NL,NL,0,Western,1,1963,2,1,1928,1924,NL,1
518af35d,NL,2,France,NL,1,Western,1,1985,1,1,1962,1956,NL,1
51aa7085,NL,1,NL,NL,0,Western,0,1988,2,1,1954,1966,NL,1
51aad92b,NL,2,France,NL,1,Western,0,1995,2,1,1973,1961,NL,1
51bd9a7b,NL,1,NL,Egypt,1,Western,2,1985,2,1,1964,1950,NL,1
51c091e7,NL,2,NL,US,1,Western,2,1955,2,1,1917,1916,NL,1
51c5e1b8,NL,1,NL,NL,0,Western,2,1966,2,1,1946,1939,NL,1
51cad05d,NL,1,NL,NL,0,Western,1,1985,2,1,1950,1965,NL,1
51cc5c9b,France,1,NL,France,1,Western,1,1969,2,1,1935,1930,France,0
51cc77e6,NL,2,NL,NL,0,Western,0,1993,2,1,1966,1955,NL,1
51cd72fe,NL,1,NL,NL,0,Western,0,1988,2,1,1952,1949,NL,1
51d3fd3a,NL,2,NL,NL,0,Western,1,1956,2,1,1926,1919,NL,1
51d7bec1,NL,1,NL,NL,0,Western,0,1998,2,1,1973,1960,NL,1
51e4cd9e,France,1,NL,NL,0,Western,0,1987,2,1,1962,1948,France,0
51e602b0,NL,2,NL,NL,0,Western,2,1998,2,1,1960,1963,NL,1
51e62694,NL,1,NL,NL,0,Western,0,1959,2,1,1935,1926,NL,1
51f0d620,NL,2,NL,NL,0,Western,0,1989,2,1,1964,1968,NL,1
51f28cbd,NL,2,NL,NL,0,Western,0,1960,2,1,1939,1925,NL,1
51f3e2b9,NL,2,NL,NL,0,Western,0,1996,2,1,1961,1965,NL,1
51f6906c,NL,1,NL,France,1,Western,0,1985,2,1,1947,1958,NL,1
52009343,France,2,NL,NL,0,Western,1,1962,2,1,1941,1926,France,0
52051196,NL,1,NL,NL,0,Western,0,1953,2,1,1918,1915,NL,1
520c058b,NL,2,NL,NL,0,Western,2,1985,2,1,1958,1963,NL,1
52119dde,NL,2,NL,NL,0,Western,0,1999,2,1,1969,1972,NL,1
5217a8cf,NL,1,NL,NL,0,Western,0,1951,2,1,1920,1917,NL,1
52213f91,NL,2,NL,NL,0,Western,1,1990,2,1,1968,1961,NL,1
5224de69,France,2,France,NL,1,Western,0,1986,2,1,1963,1951,France,0
52253eff,NL,2,NL,NL,0,Western,2,1989,1,1,1966,1965,NL,1
5227815f,France,1,NL,NL,0,Western,2,1981,2,1,1953,1959,France,0
522ae016,NL,1,NL,NL,0,Western,-,1994,-,1,1969,1967,NL,1
522eafd0,NL,1,NL,NL,0,Western,0,1959,2,1,1932,1924,NL,1
52314cb0,US,2,NL,Egypt,1,Western,1,1952,2,1,1930,1919,US,0
523ba410,NL,1,NL,NL,0,Western,1,1986,2,1,1955,1958,NL,1
5252b504,NL,1,NL,NL,0,Western,1,1964,2,1,1937,1935,NL,1
5252c7e7,NL,2,NL,NL,0,Western,0,1958,2,-,1923,1925,NL,1
52580cc0,NL,1,NL,NL,0,Western,0,1994,2,1,1960,1966,NL,1
52592b1a,NL,1,NL,NL,0,Western,2,1991,2,1,1965,1961,NL,1
5263e014,NL,1,NL,NL,0,Western,0,1951,2,1,1920,1929,NL,1
526a5124,NL,2,NL,NL,0,Western,1,1986,2,1,1953,1964,NL,1
526f15b8,NL,2,NL,France,1,Western,0,1987,2,1,1963,1962,NL,1
527443e9,France,1,NL,NL,0,Western,1,1970,2,1,1932,1931,France,0
527556cc,NL,2,NL,NL,0,Western,1,1989,2,1,1952,1950,NL,1
5276e96a,NL,2,NL,France,1,Western,1,1981,2,1,1953,1943,NL,1
527894a1,NL,1,NL,NL,0,Western,0,1988,2,1,1951,1959,NL,1
528544d2,NL,2,NL,NL,0,Western,0,1982,2,1,1961,1945,NL,1
528c2d46,NL,2,NL,NL,0,Western,0,1956,2,1,1919,1922,NL,1
528ee247,NL,2,NL,NL,0,Western,1,1963,2,1,1941,1943,NL,1
529008ff,NL,2,NL,France,1,Western,2,1987,2,1,1965,1959,NL,1
5290a7be,NL,1,NL,NL,0,Western,1,1981,2,1,1959,1954,NL,1
5290b8e5,NL,2,NL,NL,0,Western,2,1955,2,1,1916,1929,NL,1
52988182,NL,2,NL,NL,0,Western,2,1993,2,1,1967,1973,NL,1
529ce378,NL,2,NL,France,1,Western,2,1989,2,1,1954,1955,NL,1
529f35c3,NL,-,NL,NL,0,Western,1,1987,2,1,1950,1952,NL,1
529fa421,NL,1,NL,NL,0,Western,1,1986,2,1,1965,1951,NL,1
52a362cf,France,2,France,NL,1,Western,1,1959,2,1,1931,1922,France,0
52a53cdd,France,1,NL,NL,0,Western,2,1980,2,1,1945,1952,France,0
52a87ac2,NL,1,NL,NL,0,Western,0,1954,2,1,1934,1930,NL,1
52adf318,NL,-,NL,NL,0,Western,0,1982,2,1,1944,1958,NL,1
52af419c,NL,1,NL,NL,0,Western,2,1999,2,1,1964,1963,NL,1
52cb2339,NL,1,NL,NL,0,Western,1,1967,2,1,1929,1944,NL,1
52d01d76,France,2,NL,NL,0,Western,1,1956,-,1,1925,1918,France,0
52d196f6,NL,1,NL,NL,0,Western,0,1981,2,1,1961,1957,NL,1
52d69063,France,1,NL,NL,0,Western,1,1955,2,-,1932,1921,France,0
52da0245,NL,2,NL,NL,0,Western,0,1986,1,1,1950,1950,NL,1
52db1034,France,2,NL,NL,0,Western,0,1955,2,1,1926,1923,France,0
52db7c2b,NL,1,NL,NL,0,Western,1,1951,2,1,1930,1916,NL,1
52de1db0,NL,2,NL,NL,0,Western,2,1994,2,1,1956,1956,NL,1
52e5a9bb,NL,2,NL,NL,0,Western,1,1987,2,1,1958,1954,NL,1
52f42c46,Egypt,1,NL,NL,0,Non-Western,0,1966,2,1,1928,1939,Egypt,0
52f5afe8,NL,2,France,NL,1,Western,2,1967,2,1,1941,1941,NL,1
52fd06ec,NL,2,NL,France,1,Western,0,1962,2,1,1927,1932,NL,1
5302af67,France,2,France,NL,1,Western,2,1987,2,1,1955,1949,France,0
5307c455,NL,1,NL,France,1,Western,0,1962,2,1,1938,1927,NL,1
5309105c,NL,2,NL,NL,0,Western,1,1995,2,1,1968,1964,NL,1
53094a95,NL,2,France,NL,1,Western,1,1991,2,1,1964,1965,NL,1
530cffd3,NL,2,France,NL,1,Western,2,1955,2,1,1933,1920,NL,1
5319fe9e,US,2,NL,NL,0,Western,2,1982,2,1,1952,1952,US,0
531c65c1,NL,1,France,Egypt,2,Western,2,1958,2,1,1924,1933,NL,1
531e7be5,France,2,NL,NL,0,Western,2,1953,2,1,1930,1932,France,0
5325e702,NL,2,Egypt,NL,1,Western,2,1955,2,1,1919,1933,NL,1
53335ce6,France,2,NL,NL,0,Western,1,1964,2,1,1931,1940,France,0
533652ea,France,1,NL,US,1,Western,0,1988,2,1,1956,1953,France,0
533654ea,NL,2,NL,NL,0,Western,2,1962,2,1,1927,1931,NL,1
533c2f3e,NL,2,NL,Egypt,1,Western,0,1996,2,1,1960,1960,NL,1
533efaa2,NL,1,NL,NL,0,Western,0,1987,2,1,1952,1958,NL,1
5342efd2,NL,2,NL,NL,0,Western,0,1984,2,1,1955,1957,NL,1
53446008,NL,2,NL,France,1,Western,1,1968,2,1,1934,1946,NL,1
534d6a8d,NL,1,Egypt,NL,1,Western,1,1951,2,1,1930,1912,NL,1
53536fb1,France,1,NL,NL,0,Western,2,1966,2,1,1928,1937,France,0
535dffb4,NL,1,NL,NL,0,Western,0,1957,2,1,1918,1919,NL,1
53614144,NL,2,NL,NL,0,Western,0,1986,2,1,1964,1963,NL,1
536de70d,NL,1,France,NL,1,Western,0,1955,2,1,1916,1928,NL,1
537607e5,NL,2,NL,NL,0,Western,1,1989,2,1,1957,1958,NL,1
537614e1,NL,1,NL,NL,0,Western,1,1958,2,1,1936,1932,NL,1
537a8659,NL,2,NL,NL,0,Western,1,1985,2,1,1957,1956,NL,1
5393ee15,NL,2,NL,NL,0,Western,1,1991,2,1,1959,1958,NL,1
539b5685,France,1,France,NL,1,Western,1,1966,2,1,1939,1932,France,0
539ff558,NL,2,NL,NL,0,Western,1,1959,2,1,1929,1922,NL,1
53a751b6,NL,1,NL,NL,0,Western,1,1991,2,1,1954,1962,NL,1
53a76b23,NL,2,NL,NL,0,Western,2,1991,2,1,1952,1970,NL,1
53b12255,NL,1,France,NL,1,Western,0,1981,2,1,1946,1947,NL,1
53b49b5d,NL,2,NL,NL,0,Western,1,1954,2,1,1916,1934,NL,1
53b76c75,NL,1,NL,NL,0,Western,1,1961,2,1,1924,1925,NL,1
53ba7ea0,NL,2,NL,NL,0,Western,2,1954,2,1,1928,1924,NL,1
53ba8c7e,NL,1,NL,NL,0,Western,2,1994,2,1,1972,1974,NL,1
53c19317,France,2,NL,NL,0,Western,0,1955,2,1,1931,1921,France,0
53c502f2,NL,2,NL,NL,0,Western,1,1994,2,1,1973,1958,NL,1
53c6a01b,Egypt,1,NL,NL,0,Non-Western,1,1958,2,1,1938,1937,Egypt,0
53c8dc04,NL,2,NL,NL,0,Western,0,1995,2,1,1972,1961,NL,1
53d8f9f9,NL,1,France,NL,1,Western,1,1987,2,1,1957,1953,NL,1
53ddf471,France,2,NL,NL,0,Western,1,1953,2,2,1930,1922,France,0
53e4148e,NL,2,NL,France,1,Western,2,1961,2,1,1928,1933,NL,1
53ec224c,NL,1,NL,NL,0,Western,0,1987,2,1,1956,1964,NL,1
53eef6a0,NL,1,NL,NL,0,Western,1,1952,2,1,1922,1930,NL,1
53f29acb,NL,2,NL,NL,0,Western,1,1968,2,1,1945,1946,NL,1
53f5920e,NL,2,NL,NL,0,Western,2,1991,2,1,1953,1966,NL,1
5400c80f,NL,1,NL,France,1,Western,1,1993,2,1,1971,1962,NL,1
54065001,NL,1,NL,NL,0,Western,1,1983,2,1,1949,1957,NL,1
5407e963,NL,1,NL,NL,0,Western,1,1960,2,1,1932,1932,NL,1
5408a402,NL,2,US,NL,1,Western,1,1954,2,1,1920,1924,NL,1
540a6eff,NL,2,NL,NL,0,Western,1,1981,2,1,1947,1950,NL,1
540ad57e,NL,1,NL,NL,0,Western,0,1991,2,1,1955,1957,NL,1
5410795a,NL,2,NL,NL,0,Western,1,1956,2,1,1926,1927,NL,1
54173e79,NL,2,France,NL,1,Western,1,1992,2,1,1961,1962,NL,1
541aa2e8,NL,1,NL,NL,0,Western,0,1982,2,1,1946,1952,NL,1
5420abe6,NL,1,NL,NL,0,Western,2,1985,2,1,1949,1960,NL,1
542b1d8b,NL,1,NL,NL,0,Western,1,1988,2,1,1957,1962,NL,1
5431a8b8,NL,1,NL,NL,0,Western,2,1951,2,1,1913,1928,NL,1
545293dc,NL,1,France,NL,1,Western,2,1983,2,1,1948,1951,NL,1
5453fb7c,NL,2,NL,NL,0,Western,2,1985,2,1,1959,1947,NL,1
5458e486,NL,2,NL,NL,0,Western,0,1997,2,1,1973,1961,NL,1
54611beb,NL,2,Egypt,NL,1,Western,0,1988,-,1,1962,1967,NL,1
54666218,NL,2,NL,NL,0,Western,2,1995,2,1,1958,1958,NL,1
54699adb,France,1,NL,NL,0,Western,0,1962,2,1,1934,1926,France,0
5472b5ff,NL,1,NL,NL,0,Western,1,1994,2,1,1961,1957,NL,1
5473db48,NL,2,NL,US,1,Western,2,1970,2,1,1947,1938,NL,1
54743b1a,NL,1,France,France,2,Western,2,1955,2,1,1917,1932,NL,1
5478bfbd,France,1,NL,NL,0,Western,0,1959,2,1,1924,1923,France,0
5479711e,NL,2,NL,France,1,Western,0,1965,2,1,1927,1940,NL,1
547adf92,NL,1,NL,NL,0,Western,1,1996,2,1,1960,1967,NL,1
547da49a,NL,2,NL,NL,0,Western,0,1995,2,1,1968,1960,NL,1
54834627,NL,1,NL,NL,0,Western,2,1958,2,1,1930,1936,NL,1
5484e965,NL,1,France,NL,1,Western,0,1996,2,1,1971,1972,NL,1
5484ebe0,NL,1,NL,NL,0,Western,0,1980,2,2,1947,1957,NL,1
5488a54c,NL,2,France,NL,1,Western,0,1956,2,1,1931,1935,NL,1
548a471d,NL,2,NL,NL,0,Western,1,1950,2,1,1912,1928,NL,1
548be77a,NL,1,NL,NL,0,Western,0,1987,2,1,1956,1957,NL,1
54a4db11,NL,1,NL,NL,0,Western,0,1995,2,1,1966,1974,NL,1
54abfe3c,NL,2,NL,NL,0,Western,1,1992,2,1,1959,1972,NL,1
54b2c54e,NL,1,NL,NL,0,Western,0,1997,2,1,1969,1958,NL,1
54b9d368,NL,1,NL,NL,0,Western,1,1950,2,1,1922,1920,NL,1
54c3331b,NL,1,NL,France,1,Western,2,1984,2,1,1952,1963,NL,1
54cc764d,NL,1,NL,NL,0,Western,1,1996,2,1,1972,1976,NL,1
54dac20b,NL,1,NL,NL,0,Western,0,1989,2,1,1961,1954,NL,1
54de426c,NL,2,NL,NL,0,Western,0,1986,2,1,1962,1953,NL,1
54e74aac,France,1,NL,NL,0,Western,2,1983,2,1,1961,1944,France,0
54ec856f,NL,1,NL,NL,0,Western,1,1953,2,1,1925,1930,NL,1
54f41225,NL,2,France,NL,1,Western,1,1983,2,1,1963,1958,NL,1
54f7d5d8,NL,1,NL,NL,0,Western,1,1988,2,1,1960,1967,NL,1
54f8fe5e,NL,2,NL,NL,0,Western,0,1998,2,1,1977,1974,NL,1
54ff196a,NL,2,Egypt,France,2,Western,2,1951,2,1,1924,1928,NL,1
5509d018,NL,1,NL,NL,0,Western,1,1999,2,1,1970,1966,NL,1
550f1591,NL,2,NL,NL,0,Western,2,1992,2,1,1958,1970,NL,1
550f2d56,NL,2,France,NL,1,Western,0,1991,2,1,1959,1962,NL,1
551338d7,NL,1,NL,NL,0,Western,2,1968,2,1,1936,1931,NL,1
551566d4,NL,2,NL,NL,0,Western,1,1982,2,1,1953,1952,NL,1
5525f3e9,NL,2,NL,NL,0,Western,1,1992,2,1,1959,1967,NL,1
5528eeff,NL,1,France,NL,1,Western,1,1990,2,1,1957,1963,NL,1
552f2593,NL,2,NL,NL,0,Western,1,1961,2,1,1936,1932,NL,1
55328e72,NL,1,NL,NL,0,Western,2,1986,2,1,1966,1951,NL,1
5534ab22,NL,2,NL,NL,0,Western,0,1996,2,1,1967,1968,NL,1
5534d7f1,NL,1,NL,NL,0,Western,2,1966,2,1,1940,1945,NL,1
55497ae5,NL,1,Egypt,NL,1,Western,0,1989,2,1,1957,1957,NL,1
5549b5a0,NL,2,NL,France,1,Western,1,1967,2,1,1936,1943,NL,1
554b6a4e,France,2,NL,France,1,Western,0,1968,2,1,1944,1935,France,0
555090a1,NL,1,NL,France,1,Western,0,1999,2,1,1965,1967,NL,1
55538dcd,NL,2,NL,NL,0,Western,0,1980,2,1,1956,1953,NL,1
5554567c,NL,1,Egypt,NL,1,Western,0,1994,2,1,1971,1962,NL,1
55547d7b,NL,1,France,NL,1,Western,1,1950,2,1,1920,1926,NL,1
55576e58,NL,2,NL,NL,0,Western,0,1981,2,1,1955,1957,NL,1
55658645,NL,1,NL,NL,0,Western,0,1956,2,1,1923,1929,NL,1
5569a0f9,NL,2,France,NL,1,Western,1,1969,2,1,1942,1942,NL,1
556d865c,NL,2,NL,NL,0,Western,0,1991,2,1,1969,1968,NL,1
5576fde8,NL,1,NL,NL,0,Western,0,1962,2,1,1934,1928,NL,1
55779821,NL,1,NL,NL,0,Western,1,1986,2,1,1957,1964,NL,1
5578b965,NL,1,NL,NL,0,Western,1,1992,2,1,1968,1971,NL,1
55806486,NL,1,NL,NL,0,Western,2,1964,2,1,1941,1927,NL,1
55817efc,NL,1,NL,NL,0,Western,0,1965,2,1,1942,1937,NL,1
5581c1cb,NL,2,NL,NL,0,Western,1,1969,2,1,1939,1942,NL,1
5586b9ad,NL,1,NL,NL,0,Western,1,1987,2,1,1963,1950,NL,1
5589c0d5,NL,2,France,NL,1,Western,2,1957,2,1,1919,1933,NL,1
5589ccb9,NL,1,NL,NL,0,Western,1,1968,2,1,1945,1944,NL,1
558ab2a5,NL,-,NL,NL,0,Western,2,1998,2,1,1965,1974,NL,1
558b2e00,NL,1,NL,NL,0,Western,2,1984,2,1,1960,1955,NL,1
558be3c9,NL,2,NL,NL,0,Western,2,1957,2,1,1926,1936,NL,1
558ebc87,NL,1,NL,NL,0,Western,1,1968,2,1,1934,1931,NL,1
55a160bb,NL,1,NL,NL,0,Western,2,1964,2,1,1926,1943,NL,1
55a1ff0c,NL,1,NL,NL,0,Western,0,1951,2,1,1919,1925,NL,1
55a56ea6,NL,1,NL,NL,0,Western,2,1981,2,1,1947,1961,NL,1
55a5b527,NL,1,NL,NL,0,Western,0,1993,2,1,1958,1969,NL,1
55a755ed,NL,1,NL,NL,0,Western,2,1962,2,1,1925,1942,NL,1
55aa2401,NL,2,France,NL,1,Western,0,1983,2,1,1959,1958,NL,1
55b25b53,NL,1,NL,NL,0,Western,1,1988,2,1,1960,1965,NL,1
55bb03b5,NL,1,NL,NL,0,Western,1,1955,2,1,1931,1927,NL,1
55c23db7,NL,1,US,NL,1,Western,0,1965,2,1,1940,1932,NL,1
55cc973c,NL,2,NL,NL,0,Western,0,1998,2,1,1959,1978,NL,1
55cecd3b,NL,1,NL,France,1,Western,0,1985,2,1,1946,1948,NL,1
55d2c246,NL,2,NL,NL,0,Western,1,1994,2,1,1974,1966,NL,1
55d8a77b,NL,2,NL,NL,0,Western,0,1960,2,1,1929,1933,NL,1
55dd2d52,NL,2,NL,NL,0,Western,1,1998,2,1,1965,1959,NL,1
55ddd301,NL,2,NL,NL,0,Western,1,1970,2,1,1931,1938,NL,1
55e1dae0,NL,1,NL,France,1,Western,1,1956,2,1,1933,1925,NL,1
55f02585,NL,1,NL,NL,0,Western,2,1987,2,1,1961,1966,NL,1
55f604d5,NL,2,France,NL,1,Western,1,1983,2,1,1954,1949,NL,1
55f9f265,NL,2,NL,NL,0,Western,0,1991,2,1,1967,1971,NL,1
55fd76c0,NL,2,NL,NL,0,Western,1,1956,2,1,1930,1925,NL,1
55fddb7f,NL,2,France,NL,1,Western,0,1991,2,1,1967,1967,NL,1
55fec0c8,NL,1,France,NL,1,Western,0,1954,2,1,1926,1918,NL,1
5609f927,NL,2,NL,NL,0,Western,1,1993,2,1,1961,1965,NL,1
560b5d27,NL,1,NL,NL,0,Western,0,1985,2,1,1964,1946,NL,1
560b8371,NL,2,NL,NL,0,Western,0,1987,2,1,1962,1966,NL,1
560dc1b8,NL,2,US,NL,1,Western,2,1954,2,1,1929,1919,NL,1
560fe328,NL,1,NL,NL,0,Western,1,1984,2,1,1961,1952,NL,1
56174970,NL,2,US,France,2,Western,2,1999,2,1,1969,1971,NL,1
562062d5,US,1,NL,NL,0,Western,1,1985,2,1,1961,1946,US,0
5620d091,NL,1,NL,NL,0,Western,1,1987,2,1,1952,1950,NL,1
56231126,NL,2,NL,NL,0,Western,0,1992,2,2,1972,1970,NL,1
562489fb,NL,2,NL,NL,0,Western,0,1954,2,1,1928,1917,NL,1
5629a3be,NL,2,Egypt,France,2,Western,2,1965,2,1,1944,1935,NL,1
5630a7a8,NL,2,NL,NL,0,Western,0,1956,2,1,1928,1922,NL,1
5632d430,NL,1,NL,France,1,Western,0,1959,2,1,1939,1930,NL,1
5638b23c,NL,2,NL,NL,0,Western,0,1967,2,1,1934,1945,NL,1
563a5bc2,NL,1,Egypt,NL,1,Western,2,1952,2,1,1919,1922,NL,1
563cebf2,NL,2,NL,NL,0,Western,0,1964,2,1,1935,1934,NL,1
56438e29,NL,1,NL,France,1,Western,1,1963,2,1,1943,1935,NL,1
564b08b3,NL,1,NL,NL,0,Western,-,1993,2,1,1961,1971,NL,1
564d2c19,NL,2,France,NL,1,Western,0,1960,2,1,1928,1923,NL,1
5653221c,NL,2,NL,US,1,Western,1,1961,2,1,1937,1927,NL,1
56570653,NL,1,NL,NL,0,Western,0,1967,2,1,1936,1943,NL,1
56587935,NL,1,NL,France,1,Western,0,1967,2,1,1933,1929,NL,1
5663ca59,France,2,NL,NL,0,Western,0,1980,2,1,1957,1947,France,0
566d3743,NL,-,NL,NL,0,Western,1,1954,2,1,1923,1916,NL,1
566d8111,NL,2,NL,NL,0,Western,1,1959,2,1,1921,1925,NL,1
5679d2b7,NL,-,NL,France,1,Western,1,1982,2,1,1943,1951,NL,1
567c3705,NL,1,France,NL,1,Western,0,1992,2,1,1969,1961,NL,1
567e4e78,NL,1,NL,NL,0,Western,1,1993,2,1,1955,1973,NL,1
5681c2e9,France,1,NL,NL,0,Western,2,1965,2,1,1932,1940,France,0
568362fe,NL,2,NL,NL,0,Western,0,1953,2,1,1922,1927,NL,1
5687fac5,France,2,NL,NL,0,Western,1,1954,2,1,1933,1921,France,0
568cd8b8,France,2,NL,NL,0,Western,1,1980,2,1,1942,1942,France,0
568f9818,NL,1,NL,NL,0,Western,1,1997,2,1,1962,1967,NL,1
568f9f3b,NL,1,NL,NL,0,Western,1,1966,2,1,1930,1927,NL,1
5694836b,NL,2,NL,NL,0,Western,1,1984,2,1,1946,1952,NL,1
56a115b9,US,2,NL,Egypt,1,Western,0,1986,2,1,1960,1958,US,0
56a436f3,NL,2,NL,NL,0,Western,2,1980,2,1,1946,1942,NL,1
56a771a5,NL,1,NL,NL,0,Western,1,1983,2,1,1951,1944,NL,1
56a85b14,NL,2,NL,NL,0,Western,0,1981,2,1,1942,1951,NL,1
56a87dbd,NL,2,Egypt,NL,1,Western,0,1963,2,1,1937,1934,NL,1
56ab1f81,NL,1,NL,NL,0,Western,1,1982,2,1,1962,1948,NL,1
56acae52,NL,2,France,NL,1,Western,1,1950,2,1,1915,1913,NL,1
56b13a79,NL,2,NL,NL,0,Western,0,1951,2,1,1918,1926,NL,1
56b473f6,NL,1,NL,NL,0,Western,2,1960,2,1,1928,1940,NL,1
56b6a92f,NL,2,NL,NL,0,Western,0,1991,2,1,1965,1953,NL,1
56ba04ea,NL,2,NL,NL,0,Western,0,1983,2,1,1945,1946,NL,1
56bbb300,NL,2,NL,NL,0,Western,0,1953,2,1,1927,1922,NL,1
56c175be,NL,1,NL,NL,0,Western,-,1963,2,1,1934,1931,NL,1
56c38ef0,US,2,NL,Egypt,1,Western,1,1956,2,1,1929,1934,US,0
56c40a06,NL,1,NL,France,1,Western,1,1987,2,1,1956,1962,NL,1
56c9bcf1,NL,1,NL,Egypt,1,Western,0,1987,2,1,1965,1962,NL,1
56d01797,NL,2,NL,France,1,Western,0,1989,2,1,1961,1960,NL,1
56e1a38c,NL,2,NL,US,1,Western,1,1956,2,1,1933,1928,NL,1
56edc890,France,2,NL,US,1,Western,2,1950,2,1,1927,1926,France,0
56f3d086,France,2,NL,NL,0,Western,2,1986,2,1,1955,1949,France,0
56f76493,NL,2,France,NL,1,Western,0,1953,2,1,1919,1926,NL,1
56fd0331,NL,2,NL,NL,0,Western,0,1991,2,1,1969,1958,NL,1
56fed51b,NL,2,US,NL,1,Western,2,1951,2,1,1912,1914,NL,1
570c2c3b,NL,2,NL,NL,0,Western,0,1963,2,1,1924,1926,NL,1
570c8f38,NL,1,NL,NL,0,Western,2,1989,2,1,1966,1959,NL,1
5717a00c,France,1,NL,NL,0,Western,1,1961,2,2,1941,1935,France,0
57209840,NL,1,NL,NL,0,Western,1,1964,2,1,1930,1944,NL,1
572f6a37,NL,2,NL,NL,0,Western,1,1955,2,1,1935,1924,NL,1
57385930,France,1,NL,NL,0,Western,1,1956,2,1,1936,1928,France,0
57440332,France,1,NL,NL,0,Western,2,1959,2,1,1924,1925,France,0
574eeef9,NL,1,NL,NL,0,Western,2,1981,2,1,1946,1961,NL,1
574efdf0,NL,2,NL,France,1,Western,2,1961,2,1,1929,1930,NL,1
575710e2,NL,1,NL,NL,0,Western,0,1961,2,1,1938,1938,NL,1
5759f774,France,1,NL,France,1,Western,2,1980,2,1,1952,1953,France,0
57693ce8,NL,2,France,NL,1,Western,0,1997,2,1,1976,1965,NL,1
576a0f84,NL,1,NL,NL,0,Western,0,1986,2,1,1950,1951,NL,1
576af7e8,NL,1,NL,NL,0,Western,1,1990,2,1,1956,1962,NL,1
5774e6a2,NL,-,NL,NL,0,Western,2,1984,2,1,1961,1962,NL,1
577abcab,NL,2,NL,NL,0,Western,1,1961,2,1,1929,1926,NL,1
577b057e,NL,2,NL,NL,0,Western,0,1970,2,2,1943,1947,NL,1
577d494a,NL,2,France,NL,1,Western,2,1968,2,1,1947,1943,NL,1
5781d336,NL,1,NL,NL,0,Western,1,1999,2,1,1964,1975,NL,1
578b3992,NL,2,US,France,2,Western,1,1966,2,1,1934,1928,NL,1
578bfe8f,France,2,NL,NL,0,Western,0,1982,2,1,1945,1956,France,0
57913ce9,NL,1,NL,NL,0,Western,0,1958,2,1,1934,1924,NL,1
57953924,NL,2,NL,NL,0,Western,0,1984,2,1,1954,1946,NL,1
579c6824,NL,1,NL,NL,0,Western,0,1983,2,1,1951,1953,NL,1
579f4cf2,NL,1,NL,France,1,Western,1,1964,2,1,1935,1932,NL,1
57a4733a,Egypt,1,NL,NL,0,Non-Western,2,1951,2,1,1917,1926,Egypt,0
57a64711,NL,2,NL,NL,0,Western,2,1983,2,1,1956,1945,NL,1
57b4d8e6,NL,2,France,NL,1,Western,1,1965,2,1,1944,1938,NL,1
57b7463e,NL,2,NL,NL,0,Western,1,1989,2,1,1954,1952,NL,1
57b7d36e,NL,1,NL,NL,0,Western,0,1986,2,1,1947,1960,NL,1
57ba8503,NL,1,NL,NL,0,Western,2,1970,2,1,1940,1939,NL,1
57ca2068,NL,2,France,France,2,Western,2,1961,2,1,1932,1923,NL,1
57cae4a3,France,2,NL,NL,0,Western,0,1982,2,1,1951,1949,France,0
57cf8c23,NL,2,NL,NL,0,Western,0,1985,2,1,1955,1951,NL,1
57d8ac97,NL,1,NL,NL,0,Western,2,1954,2,1,1925,1920,NL,1
57e2c431,NL,1,NL,NL,0,Western,0,1961,2,1,1941,1941,NL,1
57eabdd5,NL,-,NL,NL,0,Western,0,1983,2,-,1955,1949,NL,1
57ee048c,NL,2,NL,NL,0,Western,1,1981,2,1,1953,1950,NL,1
57f1d48e,NL,2,NL,NL,0,Western,2,1952,2,2,1929,1926,NL,1
57f26eb0,NL,2,NL,NL,0,Western,1,1992,2,1,1967,1960,NL,1
57f95eb9,NL,1,NL,NL,0,Western,1,1984,2,1,1957,1963,NL,1
57ff2d87,NL,2,Egypt,NL,1,Western,2,1995,2,1,1957,1959,NL,1
58000322,France,1,NL,NL,0,Western,0,1957,2,1,1936,1923,France,0
5800ab74,NL,1,NL,France,1,Western,0,1990,2,1,1964,1969,NL,1
580dd2de,NL,1,NL,NL,0,Western,1,1963,2,1,1943,1943,NL,1
58184d7e,France,1,NL,France,1,Western,2,1986,2,1,1954,1954,France,0
5818976d,NL,2,NL,NL,0,Western,2,1990,2,1,1970,1951,NL,1
582402bc,NL,-,NL,NL,0,Western,0,1966,2,1,1943,1943,NL,1
58248cac,NL,2,NL,Egypt,1,Western,2,1998,2,1,1965,1966,NL,1
58261183,NL,1,NL,NL,0,Western,0,1951,2,1,1913,1913,NL,1
58264a0d,NL,1,NL,NL,0,Western,0,1963,2,1,1939,1937,NL,1
582682fc,NL,1,NL,NL,0,Western,0,1993,2,1,1968,1958,NL,1
58384ad2,NL,1,NL,NL,0,Western,1,1982,2,1,1958,1956,NL,1
58385f5f,NL,2,US,NL,1,Western,2,1967,2,1,1934,1947,NL,1
5842c7df,NL,1,NL,US,1,Western,1,1987,2,1,1953,1953,NL,1
5843da0d,NL,1,NL,NL,0,Western,2,1986,2,1,1958,1963,NL,1
58451240,NL,2,NL,NL,0,Western,2,1993,2,1,1958,1971,NL,1
58453acd,NL,1,NL,NL,0,Western,0,1981,2,1,1949,1959,NL,1
5846fdc1,NL,1,NL,NL,0,Western,0,1986,2,1,1949,1956,NL,1
58499195,NL,2,NL,NL,0,Western,2,1961,2,1,1935,1936,NL,1
5862e823,NL,2,NL,NL,0,Western,2,1969,2,1,1943,1949,NL,1
586558b1,NL,2,NL,NL,0,Western,2,1966,2,1,1937,1932,NL,1
5871e3a5,France,2,NL,NL,0,Western,0,1956,2,1,1924,1935,France,0
5873f442,NL,1,NL,NL,0,Western,0,1952,2,1,1918,1932,NL,1
5875e40e,NL,1,NL,NL,0,Western,2,1952,2,1,1914,1925,NL,1
5879e890,NL,1,NL,France,1,Western,1,1985,2,1,1964,1965,NL,1
587b2cdc,NL,1,France,France,2,Western,1,1969,2,1,1933,1940,NL,1
587dc2c6,NL,2,NL,France,1,Western,2,1986,2,1,1954,1957,NL,1
5880afa3,NL,1,NL,NL,0,Western,1,1964,1,1,1929,1933,NL,1
5894bd3e,France,2,NL,NL,0,Western,1,1968,2,1,1931,1948,France,0
58950750,NL,2,NL,NL,0,Western,2,1961,2,1,1936,1937,NL,1
5899f276,NL,2,NL,NL,0,Western,1,1987,2,1,1948,1964,NL,1
589b5c1b,NL,2,NL,France,1,Western,2,1967,2,1,1944,1942,NL,1
589bc383,NL,1,NL,NL,0,Western,1,1969,2,1,1937,1943,NL,1
589ef865,US,1,NL,NL,0,Western,2,1955,2,1,1924,1926,US,0
58aeb753,NL,2,NL,NL,0,Western,0,1962,2,1,1928,1941,NL,1
58bddc4c,NL,2,NL,NL,0,Western,1,1990,2,1,1969,1960,NL,1
58c03c26,NL,2,NL,NL,0,Western,0,1957,2,1,1926,1928,NL,1
58c117c1,NL,1,NL,NL,0,Western,0,1991,2,1,1953,1958,NL,1
58c1423e,NL,2,NL,NL,0,Western,1,1983,2,1,1956,1953,NL,1
58ca0e33,France,2,NL,NL,0,Western,2,1961,2,1,1927,1927,France,0
58d30a91,NL,2,NL,NL,0,Western,2,1987,2,1,1965,1962,NL,1
58e427ea,NL,1,France,NL,1,Western,0,1993,1,1,1964,1967,NL,1
58e467a1,NL,1,NL,NL,0,Western,0,1993,2,1,1972,1968,NL,1
58e68304,NL,2,NL,NL,0,Western,1,1952,2,1,1921,1919,NL,1
58e83a56,France,1,NL,NL,0,Western,2,1984,2,1,1959,1947,France,0
58f31238,NL,1,NL,France,1,Western,0,1952,2,1,1914,1914,NL,1
58f444d9,NL,1,NL,NL,0,Western,1,1981,2,1,1951,1951,NL,1
58f57b96,US,2,NL,NL,0,Western,1,1967,2,1,1936,1939,US,0
58f6634a,NL,2,NL,NL,0,Western,0,1955,2,1,1928,1917,NL,1
58f6f479,NL,2,NL,NL,0,Western,2,1950,2,1,1913,1928,NL,1
58f9dd2f,France,2,NL,NL,0,Western,0,1980,2,1,1949,1947,France,0
58fd1f3e,NL,1,France,NL,1,Western,1,1967,2,1,1928,1930,NL,1
5901506e,France,2,NL,NL,0,Western,1,1963,2,1,1938,1933,France,0
5906eafa,NL,1,NL,NL,0,Western,2,1995,2,1,1973,1957,NL,1
59097082,NL,2,NL,NL,0,Western,1,1994,2,1,1963,1968,NL,1
590971bd,NL,2,NL,NL,0,Western,0,1990,2,1,1966,1953,NL,1
590e50f6,NL,1,NL,NL,0,Western,0,1985,2,1,1949,1956,NL,1
5915e26f,NL,2,NL,NL,0,Western,2,1952,2,1,1926,1925,NL,1
5928e10d,NL,2,NL,NL,0,Western,1,1990,2,1,1952,1964,NL,1
592955a7,NL,1,NL,NL,0,Western,0,1954,2,-,1920,1933,NL,1
5937d216,NL,2,NL,NL,0,Western,0,1991,2,1,1955,1953,NL,1
593845a6,NL,1,NL,NL,0,Western,1,1998,2,1,1966,1966,NL,1
5938eb35,NL,1,France,Egypt,2,Western,0,1994,2,1,1959,1966,NL,1
5939a9c4,NL,1,NL,NL,0,Western,1,1998,2,1,1973,1967,NL,1
59455bd1,NL,2,NL,France,1,Western,1,1987,2,1,1960,1954,NL,1
594682ee,France,1,NL,France,1,Western,0,1953,2,1,1933,1929,France,0
594c922a,NL,-,France,NL,1,Western,2,1987,2,1,1952,1963,NL,1
5954c6c4,NL,2,NL,NL,0,Western,2,1986,2,1,1957,1962,NL,1
5957bf0b,NL,1,France,NL,1,Western,1,1985,2,1,1964,1950,NL,1
595f55c7,NL,2,NL,NL,0,Western,0,1983,2,1,1960,1960,NL,1
596c8e0a,NL,1,NL,France,1,Western,1,1996,2,1,1965,1968,NL,1
597910ed,NL,2,Egypt,NL,1,Western,1,1983,2,1,1948,1961,NL,1
598079e0,NL,1,NL,NL,0,Western,1,1995,2,1,1959,1958,NL,1
59833bec,NL,1,NL,NL,0,Western,1,1987,2,1,1959,1965,NL,1
598ac151,NL,2,France,NL,1,Western,2,1952,2,1,1920,1922,NL,1
599c9b3a,NL,2,NL,NL,0,Western,2,1984,2,1,1960,1957,NL,1
59a48e91,NL,2,NL,NL,0,Western,1,1995,2,1,1956,1962,NL,1
59a6d45c,NL,2,NL,NL,0,Western,2,1965,2,1,1942,1933,NL,1
59a6d60a,NL,2,France,France,2,Western,1,1995,2,1,1966,1959,NL,1
59b14de4,France,1,France,NL,1,Western,2,1990,2,1,1964,1953,France,0
59b3893f,France,1,NL,Egypt,1,Western,1,1967,2,1,1940,1941,France,0
59b70d7f,NL,2,NL,NL,0,Western,2,1993,2,1,1959,1966,NL,1
59b976f9,NL,1,NL,NL,0,Western,2,1997,2,1,1973,1961,NL,1
59c57e01,NL,2,France,France,2,Western,0,1951,2,1,1914,1927,NL,1
59c6c657,NL,2,NL,NL,0,Western,2,1997,2,1,1973,1960,NL,1
59c94bde,NL,2,NL,NL,0,Western,2,1961,2,1,1929,1927,NL,1
59d059ec,NL,2,France,NL,1,Western,2,1990,2,1,1956,1952,NL,1
59d7f07f,NL,2,NL,NL,0,Western,0,1994,2,1,1965,1955,NL,1
59e20981,France,2,NL,NL,0,Western,0,1984,-,1,1963,1956,France,0
59ec273a,NL,1,NL,NL,0,Western,0,1987,2,-,1962,1961,NL,1
59f97bf7,NL,-,NL,NL,0,Western,2,1990,2,1,1951,1956,NL,1
59fa34f5,NL,2,France,NL,1,Western,2,1962,2,1,1938,1927,NL,1
59fe63d3,NL,2,NL,France,1,Western,1,1981,2,1,1956,1943,NL,1
5a058d4c,NL,2,NL,NL,0,Western,0,1981,2,1,1961,1951,NL,1
5a061eef,NL,2,France,France,2,Western,0,1982,2,1,1946,1957,NL,1
5a14d4a9,France,1,NL,NL,0,Western,1,1983,2,1,1945,1954,France,0
5a186cd9,NL,1,NL,France,1,Western,2,1962,2,1,1928,1935,NL,1
5a2aef9e,NL,2,NL,NL,0,Western,1,1988,2,1,1958,1953,NL,1
5a2cea8a,France,2,NL,NL,0,Western,0,1969,2,1,1941,1948,France,0
5a372229,NL,2,France,NL,1,Western,1,1983,2,1,1944,1945,NL,1
5a3b6df2,Egypt,1,NL,NL,0,Non-Western,0,1956,2,1,1935,1931,Egypt,0
5a3bdd7d,NL,1,NL,NL,0,Western,2,1987,2,1,1948,1959,NL,1
5a3dd0bc,NL,1,France,NL,1,Western,2,1962,2,1,1941,1939,NL,1
5a404424,NL,1,NL,NL,0,Western,1,1987,2,1,1957,1966,NL,1
5a4108bb,NL,1,NL,NL,0,Western,0,1967,2,1,1934,1941,NL,1
5a42c559,NL,1,NL,NL,0,Western,1,1984,2,1,1951,1960,NL,1
5a446d48,NL,2,NL,NL,0,Western,1,1986,2,1,1952,1952,NL,1
5a4ad448,NL,2,NL,NL,0,Western,0,1999,2,1,1974,1971,NL,1
5a4c29d4,NL,1,NL,Egypt,1,Western,2,1962,2,1,1927,1935,NL,1
5a53654a,NL,2,NL,NL,0,Western,1,1992,2,1,1968,1971,NL,1
5a69a325,France,1,NL,NL,0,Western,2,1982,2,1,1952,1960,France,0
5a6bb972,NL,2,France,NL,1,Western,0,1988,2,1,1955,1964,NL,1
5a6ea6c5,NL,1,NL,NL,0,Western,2,1991,2,1,1961,1954,NL,1
5a7366b9,NL,2,NL,NL,0,Western,0,1952,2,1,1919,1929,NL,1
5a799f97,NL,2,NL,NL,0,Western,2,1990,2,1,1970,1967,NL,1
5a79ff28,NL,1,NL,NL,0,Western,1,1964,-,1,1928,1943,NL,1
5a7e78f0,NL,2,NL,NL,0,Western,0,1952,2,1,1916,1914,NL,1
5a7f7824,NL,1,NL,NL,0,Western,1,1952,2,1,1918,1922,NL,1
5a918f69,NL,1,NL,France,1,Western,1,1990,2,1,1955,1952,NL,1
5a94ffd1,NL,2,NL,NL,0,Western,2,1995,2,1,1957,1960,NL,1
5a9bf6db,NL,1,France,US,2,Western,1,1988,2,1,1966,1959,NL,1
5aa28aa9,NL,1,France,NL,1,Western,2,1981,2,1,1956,1952,NL,1
5aa9104f,NL,1,NL,NL,0,Western,0,1990,2,1,1962,1968,NL,1
5aab5a1e,France,2,NL,NL,0,Western,1,1985,2,1,1958,1963,France,0
5ab7980c,NL,2,NL,NL,0,Western,1,1969,2,1,1947,1940,NL,1
5ac0a20c,NL,2,NL,NL,0,Western,1,1959,2,1,1922,1928,NL,1
5ac36880,NL,2,France,NL,1,Western,0,1986,2,1,1965,1947,NL,1
5ac51219,NL,1,US,NL,1,Western,0,1980,2,1,1953,1953,NL,1
5ac9a84e,NL,2,NL,NL,0,Western,0,1996,2,1,1972,1974,NL,1
5ac9ef1c,France,1,NL,France,1,Western,1,1954,2,1,1934,1921,France,0
5acca8d3,NL,-,NL,NL,0,Western,0,1970,2,1,1939,1935,NL,1
5ad7bde8,NL,2,France,US,2,Western,0,1964,2,1,1939,1935,NL,1
5ae060ac,NL,2,NL,NL,0,Western,0,1957,2,1,1935,1937,NL,1
5ae22a98,NL,1,NL,NL,0,Western,1,1995,2,1,1964,1972,NL,1
5ae38744,NL,1,NL,France,1,Western,0,1965,2,1,1934,1937,NL,1
5ae8f00f,NL,2,NL,NL,0,Western,2,1999,2,1,1974,1972,NL,1
5af4b518,NL,2,NL,NL,0,Western,0,1980,2,1,1954,1950,NL,1
5af75440,NL,1,NL,NL,0,Western,1,1994,2,1,1957,1955,NL,1
5b0bf20f,NL,1,NL,NL,0,Western,2,1967,2,1,1942,1928,NL,1
5b111c75,France,1,NL,France,1,Western,2,1959,2,1,1930,1930,France,0
5b1b3234,NL,1,NL,NL,0,Western,1,1980,2,1,1946,1955,NL,1
5b1b8596,NL,1,France,NL,1,Western,1,1953,2,1,1931,1928,NL,1
5b21b001,NL,1,NL,NL,0,Western,1,1997,2,1,1969,1969,NL,1
5b26ae1e,NL,1,NL,NL,0,Western,1,1997,2,1,1969,1976,NL,1
5b36518f,France,2,France,NL,1,Western,2,1982,2,1,1945,1953,France,0
5b3ae4ac,France,2,NL,NL,0,Western,1,1963,2,1,1928,1927,France,0
5b40ce38,NL,2,NL,NL,0,Western,1,1981,2,1,1950,1953,NL,1
5b474171,NL,1,US,NL,1,Western,0,1982,2,1,1949,1959,NL,1
5b47bca6,NL,1,NL,NL,0,Western,1,1964,2,1,1925,1941,NL,1
5b49f1a8,NL,1,France,NL,1,Western,1,1967,2,1,1939,1935,NL,1
5b4f5899,NL,1,NL,NL,0,Western,1,1992,2,1,1957,1961,NL,1
5b4f6b30,NL,2,NL,NL,0,Western,2,1989,2,1,1957,1966,NL,1
5b585f2e,US,2,NL,NL,0,Western,2,1960,2,1,1930,1924,US,0
5b5d7640,NL,2,NL,NL,0,Western,1,1988,2,1,1950,1950,NL,1
5b6125fa,NL,1,France,Egypt,2,Western,1,1953,2,1,1915,1917,NL,1
5b675bc7,US,1,NL,France,1,Western,1,1954,2,1,1932,1922,US,0
5b6a140c,NL,1,France,NL,1,Western,0,1981,2,1,1955,1949,NL,1
5b6a645e,NL,2,NL,NL,0,Western,1,1982,2,1,1957,1952,NL,1
5b6b6c97,France,2,NL,France,1,Western,1,1987,2,1,1961,1966,France,0
5b739ad8,NL,1,NL,NL,0,Western,1,1956,2,-,1921,1922,NL,1
5b7ea35d,NL,2,NL,France,1,Western,1,1995,2,1,1961,1970,NL,1
5b8a3a78,NL,2,France,NL,1,Western,2,1995,2,1,1973,1963,NL,1
5b8f58be,Egypt,2,France,NL,1,Non-Western,1,1982,2,1,1945,1957,Egypt,0
5b8fb8dd,NL,1,NL,NL,0,Western,1,1992,2,1,1971,1967,NL,1
5b940b10,NL,2,NL,NL,0,Western,1,1999,2,1,1964,1968,NL,1
5b945082,NL,1,NL,NL,0,Western,0,1987,2,1,1951,1955,NL,1
5b9a4d0a,NL,2,NL,NL,0,Western,1,1993,2,1,1966,1971,NL,1
5b9f7ef2,NL,2,NL,France,1,Western,1,1951,2,1,1916,1930,NL,1
5ba15419,NL,2,NL,Egypt,1,Western,1,1998,2,1,1972,1968,NL,1
5ba286b7,NL,2,France,NL,1,Western,2,1988,2,1,1950,1959,NL,1
5ba6185b,NL,1,NL,NL,0,Western,2,1992,2,1,1955,1967,NL,1
5baae890,France,1,NL,NL,0,Western,1,1958,2,1,1937,1928,France,0
5bac205c,NL,2,NL,France,1,Western,0,1965,2,1,1942,1944,NL,1
5bb24d3e,NL,1,NL,NL,0,Western,2,1987,2,1,1961,1952,NL,1
5bb2c0c1,US,1,Egypt,France,2,Western,2,1955,2,1,1922,1923,US,0
5bb3a92a,NL,-,NL,Egypt,1,Western,0,1966,2,1,1936,1937,NL,1
5bb3fb88,NL,1,France,NL,1,Western,1,1952,2,1,1927,1916,NL,1
5bb4b7f1,NL,1,NL,NL,0,Western,1,1956,2,1,1928,1921,NL,1
5bb6645d,NL,2,Egypt,NL,1,Western,-,1988,2,1,1949,1957,NL,1
5bc5d6e0,NL,2,NL,NL,0,Western,2,1997,2,1,1968,1967,NL,1
5bd77cb1,NL,1,NL,NL,0,Western,2,1998,2,1,1964,1960,NL,1
5bdada6c,NL,2,NL,France,1,Western,1,1995,2,1,1965,1964,NL,1
5bdc975d,NL,2,France,NL,1,Western,1,1959,2,1,1921,1931,NL,1
5bdcb750,France,1,NL,NL,0,Western,2,1987,2,2,1956,1967,France,0
5bdf16de,NL,1,France,NL,1,Western,1,1966,2,1,1938,1944,NL,1
5be0a776,NL,2,Egypt,NL,1,Western,1,1980,2,1,1942,1943,NL,1
5be6dec8,France,2,NL,NL,0,Western,0,1957,2,1,1925,1936,France,0
5be79426,NL,1,France,France,2,Western,2,1956,2,1,1928,1923,NL,1
5be99b74,NL,1,NL,NL,0,Western,0,1993,2,1,1968,1957,NL,1
5bec0724,NL,2,Egypt,NL,1,Western,0,1961,2,1,1937,1937,NL,1
5bf18f0e,NL,1,NL,France,1,Western,0,1950,2,1,1921,1927,NL,1
5bfcb34d,NL,2,NL,NL,0,Western,0,1980,2,1,1943,1941,NL,1
5c1822bb,NL,2,NL,NL,0,Western,0,1993,2,1,1960,1970,NL,1
5c1bd573,NL,2,NL,France,1,Western,0,1999,2,1,1971,1977,NL,1
5c1e711a,NL,2,NL,NL,0,Western,1,1953,2,1,1915,1919,NL,1
5c2286ee,NL,2,NL,NL,0,Western,2,1981,2,1,1942,1946,NL,1
5c278a84,NL,1,NL,France,1,Western,2,1994,2,1,1971,1972,NL,1
5c28ef2d,NL,1,NL,NL,0,Western,1,1996,2,1,1972,1966,NL,1
5c2a7f41,NL,2,NL,France,1,Western,1,1990,2,1,1970,1952,NL,1
5c37b1f3,NL,1,France,NL,1,Western,0,1958,2,1,1938,1938,NL,1
5c3c6992,NL,1,NL,NL,0,Western,2,1990,2,1,1957,1958,NL,1
5c41ff21,NL,1,NL,NL,0,Western,1,1954,2,1,1929,1915,NL,1
5c44dca3,NL,1,NL,US,1,Western,1,1986,2,1,1962,1953,NL,1
5c47580d,France,1,NL,NL,0,Western,1,1960,2,1,1922,1935,France,0
5c47eb09,NL,2,NL,NL,0,Western,1,1951,2,1,1916,1923,NL,1
5c4c6fec,NL,-,NL,NL,0,Western,1,1965,2,1,1933,1930,NL,1
5c4d8647,NL,2,NL,NL,0,Western,1,1957,2,1,1927,1937,NL,1
5c512841,NL,1,NL,NL,0,Western,2,1984,2,1,1952,1956,NL,1
5c598517,NL,1,France,NL,1,Western,2,1963,2,1,1937,1935,NL,1
5c5acf63,NL,2,NL,NL,0,Western,2,1963,1,1,1933,1943,NL,1
5c6b466d,NL,1,NL,NL,0,Western,2,1952,2,1,1930,1927,NL,1
5c724d73,NL,1,France,NL,1,Western,0,1998,2,1,1969,1959,NL,1
5c72a72e,NL,1,NL,NL,0,Western,0,1968,2,1,1932,1935,NL,1
5c7b1094,NL,1,France,US,2,Western,2,1998,2,1,1967,1977,NL,1
5c7bbc7d,NL,2,NL,NL,0,Western,2,1960,2,1,1933,1921,NL,1
5c899fbf,NL,1,NL,NL,0,Western,2,1993,2,1,1969,1966,NL,1
5c8ec380,NL,2,NL,France,1,Western,1,1960,2,1,1924,1926,NL,1
5c9084c4,NL,2,NL,NL,0,Western,2,1961,2,1,1935,1939,NL,1
5c916d31,NL,1,NL,France,1,Western,2,1990,2,1,1961,1959,NL,1
5c93048a,France,1,NL,France,1,Western,0,1988,2,1,1952,1961,France,0
5c98ba3d,NL,1,France,France,2,Western,1,1951,2,1,1927,1928,NL,1
5c9b0f7e,NL,2,NL,NL,0,Western,1,1996,2,1,1974,1965,NL,1
5ca80ca3,NL,1,NL,NL,0,Western,1,1958,2,1,1936,1928,NL,1
5ca94cc7,NL,2,NL,NL,0,Western,0,1956,2,1,1921,1924,NL,1
5ca982fe,NL,1,NL,NL,0,Western,1,1961,2,1,1941,1939,NL,1
5caad877,NL,1,NL,NL,0,Western,2,1951,2,1,1913,1931,NL,1
5cacfa63,NL,1,NL,NL,0,Western,1,1984,1,1,1960,1960,NL,1
5cb2c583,NL,1,NL,France,1,Western,1,1969,2,1,1944,1933,NL,1
5cb668a7,NL,2,NL,France,1,Western,2,1989,2,1,1953,1962,NL,1
5cb9f5c5,NL,2,NL,NL,0,Western,2,1991,2,1,1954,1970,NL,1
5cc36f70,NL,1,NL,NL,0,Western,0,1980,2,1,1941,1952,NL,1
5cc99be2,NL,2,NL,NL,0,Western,1,1990,2,1,1960,1954,NL,1
5ccea278,NL,1,NL,NL,0,Western,1,1993,2,1,1958,1962,NL,1
5cd195b2,NL,2,NL,NL,0,Western,2,1965,2,1,1926,1927,NL,1
5cd959df,NL,2,NL,NL,0,Western,0,1993,2,2,1973,1965,NL,1
5ce7d2fd,NL,2,NL,NL,0,Western,1,1998,2,1,1970,1977,NL,1
5ceb0a08,NL,2,NL,NL,0,Western,0,1998,2,1,1959,1961,NL,1
5ceb2c85,NL,2,NL,NL,0,Western,1,1955,2,1,1935,1931,NL,1
5cfc2cad,France,1,France,NL,1,Western,1,1961,2,1,1940,1924,France,0
5cfc9349,NL,2,NL,NL,0,Western,0,1953,2,1,1921,1917,NL,1
5d06234c,France,2,France,NL,1,Western,2,1966,2,1,1936,1943,France,0
5d0b984f,NL,1,NL,NL,0,Western,2,1999,2,1,1971,1971,NL,1
5d103d2e,NL,1,France,Egypt,2,Western,1,1950,2,1,1914,1923,NL,1
5d115c08,NL,2,NL,NL,0,Western,1,1969,2,1,1940,1948,NL,1
5d15f1d1,NL,1,US,France,2,Western,0,1957,2,1,1920,1922,NL,1
5d161cd1,NL,1,NL,NL,0,Western,1,1962,2,1,1932,1935,NL,1
5d1e4ebe,NL,2,NL,NL,0,Western,1,1983,2,1,1957,1959,NL,1
5d1fa6e6,France,2,NL,NL,0,Western,2,1969,2,1,1948,1948,France,0
5d1fbed3,NL,2,France,NL,1,Western,1,1967,2,1,1930,1928,NL,1
5d22c6a9,NL,2,NL,France,1,Western,1,1986,2,1,1955,1949,NL,1
5d32dfb1,NL,2,NL,NL,0,Western,1,1999,2,1,1973,1969,NL,1
5d3911e1,NL,2,NL,NL,0,Western,1,1987,2,2,1950,1958,NL,1
5d3989af,NL,1,NL,NL,0,Western,1,1968,2,1,1938,1942,NL,1
5d49374b,NL,1,NL,NL,0,Western,1,1984,2,1,1945,1952,NL,1
5d4a9a50,NL,2,NL,NL,0,Western,1,1965,2,1,1943,1929,NL,1
5d570c06,NL,2,France,NL,1,Western,2,1988,2,1,1956,1967,NL,1
5d59b06d,NL,2,NL,NL,0,Western,0,1970,2,1,1940,1936,NL,1
5d5d2376,Egypt,2,NL,US,1,Non-Western,0,1989,2,1,1960,1967,Egypt,0
5d5fac83,NL,1,NL,France,1,Western,1,1988,2,1,1952,1961,NL,1
5d61fca4,France,1,NL,NL,0,Western,1,1951,2,1,1918,1922,France,0
5d6cae24,NL,2,NL,France,1,Western,2,1952,2,1,1917,1925,NL,1
5d732525,France,2,France,NL,1,Western,2,1967,2,1,1933,1938,France,0
5d776615,NL,1,NL,NL,0,Western,2,1958,2,1,1932,1928,NL,1
5d77f26d,NL,2,NL,NL,0,Western,1,1965,2,1,1931,1945,NL,1
5d7c7d3b,NL,1,France,NL,1,Western,2,1967,2,1,1945,1929,NL,1
5d8773dc,NL,1,NL,US,1,Western,2,1997,2,1,1966,1977,NL,1
5d8eaad5,NL,2,NL,NL,0,Western,0,1984,2,1,1954,1960,NL,1
5d929a96,NL,1,NL,NL,0,Western,2,1969,2,1,1946,1946,NL,1
5dbabfbd,NL,2,NL,France,1,Western,0,1999,2,1,1978,1970,NL,1
5de05199,NL,1,NL,NL,0,Western,0,1982,2,1,1957,1944,NL,1
5de0d50b,France,1,NL,NL,0,Western,2,1952,2,1,1918,1913,France,0
5de0fb8b,US,2,NL,NL,0,Western,1,1955,2,1,1925,1935,US,0
5de12006,NL,1,NL,NL,0,Western,1,1984,2,1,1964,1962,NL,1
5deda21a,NL,1,NL,France,1,Western,0,1987,2,1,1964,1963,NL,1
5dee6ce8,NL,2,NL,NL,0,Western,0,1962,2,-,1934,1933,NL,1
5e0aa935,NL,1,NL,NL,0,Western,0,1982,2,1,1949,1943,NL,1
5e175455,France,2,France,France,2,Western,0,1989,2,1,1950,1963,France,0
5e1863fb,US,1,France,NL,1,Western,2,1990,2,1,1951,1953,US,0
5e1ee126,France,1,NL,NL,0,Western,1,1989,2,1,1963,1953,France,0
5e26360b,NL,2,France,NL,1,Western,0,1961,2,1,1935,1940,NL,1
5e2c8ab5,NL,1,France,NL,1,Western,2,1966,2,1,1939,1940,NL,1
5e2ce688,NL,2,France,NL,1,Western,0,1994,2,1,1970,1957,NL,1
5e312c90,France,1,NL,US,1,Western,0,1987,2,1,1952,1964,France,0
5e31f15d,NL,1,NL,NL,0,Western,1,1984,2,1,1948,1952,NL,1
5e35a85c,NL,1,NL,France,1,Western,2,1959,2,1,1922,1936,NL,1
5e3d7d25,NL,2,NL,France,1,Western,0,1989,2,1,1955,1959,NL,1
5e4a80d4,NL,1,NL,France,1,Western,0,1988,2,1,1964,1960,NL,1
5e4b999e,NL,2,France,NL,1,Western,2,1969,2,1,1936,1938,NL,1
5e5406ae,NL,1,NL,France,1,Western,1,1987,2,1,1948,1967,NL,1
5e5b38ab,NL,2,NL,NL,0,Western,1,1958,2,1,1937,1933,NL,1
5e5dee83,NL,1,NL,NL,0,Western,2,1991,2,1,1970,1970,NL,1
5e60ffda,NL,2,NL,NL,0,Western,2,1967,2,1,1932,1933,NL,1
5e632966,NL,2,NL,NL,0,Western,0,1955,2,1,1917,1922,NL,1
5e655f96,NL,1,France,NL,1,Western,2,1952,2,1,1929,1928,NL,1
5e6a6d4e,France,2,NL,NL,0,Western,1,1967,2,1,1940,1945,France,0
5e707326,NL,2,NL,NL,0,Western,2,1968,2,1,1944,1934,NL,1
5e7dec8b,NL,1,NL,NL,0,Western,0,1984,2,1,1947,1953,NL,1
5e9180f7,NL,2,Egypt,US,2,Western,0,1950,2,1,1917,1923,NL,1
5e947afc,NL,2,NL,NL,0,Western,1,1992,2,1,1972,1968,NL,1
5e9b22db,NL,1,NL,NL,0,Western,0,1983,2,1,1962,1960,NL,1
5ea0647e,France,1,NL,NL,0,Western,0,1985,2,1,1951,1957,France,0
5ea66a8b,NL,2,NL,NL,0,Western,1,1953,2,1,1924,1931,NL,1
5ea77072,NL,2,NL,NL,0,Western,0,1986,2,1,1960,1948,NL,1
5eaa1838,NL,1,NL,NL,0,Western,0,1999,2,1,1965,1965,NL,1
5eaac9a0,France,-,NL,NL,0,Western,0,1953,2,1,1921,1919,France,0
5eabd9a6,US,1,NL,NL,0,Western,2,1980,2,1,1955,1954,US,0
5ead4c8a,France,1,France,NL,1,Western,2,1953,2,1,1932,1923,France,0
5eb016fb,NL,2,NL,NL,0,Western,0,1967,2,1,1929,1929,NL,1
5ebd8069,NL,1,NL,NL,0,Western,2,1953,2,1,1929,1918,NL,1
5ec3bbb0,NL,1,NL,NL,0,Western,0,1986,2,1,1955,1949,NL,1
5ec47f89,NL,1,France,France,2,Western,1,1964,2,1,1944,1936,NL,1
5ed770e2,NL,1,NL,US,1,Western,1,1958,2,1,1934,1923,NL,1
5ed7f0cc,NL,1,Egypt,NL,1,Western,0,1982,2,1,1945,1949,NL,1
5edfe8cd,NL,2,NL,NL,0,Western,1,1998,2,1,1967,1960,NL,1
5edff985,NL,2,NL,NL,0,Western,1,1986,2,1,1952,1964,NL,1
5ee53150,France,2,NL,NL,0,Western,0,1983,2,1,1962,1962,France,0
5eeb652d,NL,1,NL,NL,0,Western,2,1954,2,1,1934,1933,NL,1
5ef2af8e,NL,2,France,NL,1,Western,1,1984,2,1,1951,1956,NL,1
5efa4c4a,NL,2,NL,France,1,Western,0,1992,2,1,1953,1963,NL,1
5efe1ec9,France,2,NL,NL,0,Western,1,1952,2,1,1930,1915,France,0
5f129448,France,1,NL,NL,0,Western,1,1968,2,1,1945,1936,France,0
5f13a251,NL,1,NL,NL,0,Western,1,1986,2,1,1953,1963,NL,1
5f1b0082,NL,2,NL,NL,0,Western,2,1964,2,1,1940,1926,NL,1
5f1f08d1,NL,2,NL,US,1,Western,1,1982,2,1,1948,1946,NL,1
5f2bdc54,NL,1,NL,France,1,Western,1,1999,2,1,1973,1963,NL,1
5f2bf536,NL,1,NL,NL,0,Western,-,1995,2,1,1964,1972,NL,1
5f2c82d1,NL,1,NL,NL,0,Western,2,1955,2,1,1925,1921,NL,1
5f300610,NL,2,NL,NL,0,Western,0,1992,2,1,1972,1961,NL,1
5f336710,NL,2,NL,NL,0,Western,2,1991,2,1,1970,1953,NL,1
5f33e099,NL,1,France,NL,1,Western,1,1965,2,1,1935,1939,NL,1
5f3e90a6,NL,2,NL,NL,0,Western,0,1982,2,1,1947,1952,NL,1
5f3f2b18,NL,2,NL,NL,0,Western,1,1957,2,1,1919,1923,NL,1
5f45ba8e,NL,1,NL,NL,0,Western,0,1983,2,1,1959,1954,NL,1
5f4c5b22,France,2,NL,NL,0,Western,2,1984,2,1,1950,1951,France,0
5f54228b,NL,1,NL,Egypt,1,Western,2,1991,2,1,1966,1952,NL,1
5f65696d,NL,2,NL,US,1,Western,1,1955,2,1,1927,1935,NL,1
5f661347,NL,2,NL,NL,0,Western,1,1960,2,1,1939,1936,NL,1
5f66623d,NL,1,NL,NL,0,Western,1,1987,2,1,1954,1960,NL,1
5f6a7c02,NL,2,NL,France,1,Western,1,1987,2,1,1953,1960,NL,1
5f6c3136,NL,2,US,NL,1,Western,1,1959,2,1,1928,1920,NL,1
5f7761e7,France,2,NL,NL,0,Western,0,1952,2,1,1927,1927,France,0
5f77fa73,NL,1,NL,NL,0,Western,0,1984,2,1,1952,1957,NL,1
5f7b51cd,NL,2,NL,NL,0,Western,2,1994,2,1,1957,1964,NL,1
5f7b773e,NL,1,NL,NL,0,Western,1,1953,2,1,1915,1932,NL,1
5f7e79f6,NL,1,NL,NL,0,Western,0,1951,2,1,1919,1923,NL,1
5f80c1c9,NL,2,NL,NL,0,Western,0,1997,2,1,1967,1972,NL,1
5f837cad,NL,2,US,NL,1,Western,0,1990,2,1,1967,1965,NL,1
5f872af7,NL,2,NL,NL,0,Western,2,1960,2,1,1930,1939,NL,1
5f881889,NL,1,US,NL,1,Western,1,1961,2,1,1941,1922,NL,1
5f8cf9cb,NL,2,NL,NL,0,Western,0,1961,2,1,1937,1932,NL,1
5f92e8f9,NL,1,US,NL,1,Western,1,1990,1,1,1956,1969,NL,1
5f9f9e70,NL,2,NL,NL,0,Western,0,1957,2,1,1929,1928,NL,1
5fa1076c,NL,2,NL,NL,0,Western,2,1987,2,1,1961,1964,NL,1
5fa123a8,NL,2,NL,US,1,Western,2,1982,2,1,1951,1947,NL,1
5fa28b4c,NL,1,NL,NL,0,Western,1,1959,2,1,1923,1922,NL,1
5fb0e411,NL,1,France,NL,1,Western,1,1993,2,1,1959,1964,NL,1
5fbd293e,NL,1,NL,France,1,Western,0,1952,2,1,1926,1923,NL,1
5fc42b18,NL,1,NL,NL,0,Western,1,1956,2,1,1918,1927,NL,1
5fcb5768,NL,1,NL,NL,0,Western,0,1951,2,1,1923,1930,NL,1
5fd354d0,NL,2,NL,NL,0,Western,1,1984,2,1,1955,1948,NL,1
5fd74566,NL,2,NL,NL,0,Western,1,1996,2,1,1967,1969,NL,1
5fdc1548,NL,1,NL,US,1,Western,2,1952,2,1,1932,1918,NL,1
5fde106d,NL,1,France,NL,1,Western,0,1993,2,1,1960,1955,NL,1
5fe70fe6,NL,1,NL,US,1,Western,1,1954,2,1,1933,1934,NL,1
5feaf919,NL,-,NL,US,1,Western,1,1963,2,1,1924,1931,NL,1
5feb7036,US,1,NL,NL,0,Western,0,1955,2,1,1933,1926,US,0
5ff11844,NL,1,NL,NL,0,Western,2,1994,2,1,1957,1961,NL,1
60089b5a,NL,1,NL,NL,0,Western,1,1987,2,1,1956,1955,NL,1
601255ef,NL,2,NL,NL,0,Western,0,1988,2,1,1962,1951,NL,1
6014b1ca,NL,2,France,NL,1,Western,2,1992,2,1,1957,1966,NL,1
6018912f,NL,1,NL,NL,0,Western,2,1956,2,1,1935,1935,NL,1
601b6ce5,US,2,NL,NL,0,Western,0,1963,2,1,1937,1933,US,0
601dcc7d,NL,1,NL,France,1,Western,2,1957,2,1,1918,1937,NL,1
601e007c,France,1,France,NL,1,Western,1,1968,2,1,1942,1938,France,0
602cf18f,France,2,NL,France,1,Western,1,1967,2,1,1943,1937,France,0
6032e824,NL,1,NL,NL,0,Western,2,1982,2,1,1962,1950,NL,1
6034251f,NL,1,NL,NL,0,Western,2,1993,2,1,1965,1960,NL,1
60366eaa,NL,2,NL,NL,0,Western,0,1964,2,1,1935,1936,NL,1
603eeddd,NL,2,NL,NL,0,Western,2,1998,2,1,1964,1964,NL,1
603f2ee2,NL,2,Egypt,NL,1,Western,1,1968,2,1,1943,1939,NL,1
604e4c41,NL,1,NL,NL,0,Western,0,1962,2,1,1938,1924,NL,1
604f33c9,France,-,NL,NL,0,Western,1,1989,2,1,1966,1969,France,0
6050d284,Egypt,1,France,NL,1,Non-Western,2,1982,2,1,1944,1952,Egypt,0
60566148,NL,2,US,NL,1,Western,1,1991,2,1,1961,1964,NL,1
60580d6f,France,2,US,France,2,Western,1,1990,2,1,1959,1967,France,0
6065b1fe,NL,2,NL,NL,0,Western,1,1982,2,1,1943,1957,NL,1
606bb779,NL,1,NL,NL,0,Western,2,1981,2,1,1961,1959,NL,1
606eec41,NL,1,NL,NL,0,Western,2,1994,2,1,1963,1968,NL,1
60833505,NL,1,NL,France,1,Western,1,1956,2,1,1926,1919,NL,1
608927c2,France,1,NL,NL,0,Western,2,1962,2,1,1936,1940,France,0
60898a7a,NL,1,NL,NL,0,Western,2,1959,2,1,1938,1937,NL,1
608beb37,NL,-,NL,NL,0,Western,2,1985,2,1,1956,1963,NL,1
608eec23,NL,2,Egypt,France,2,Western,0,1984,2,1,1961,1963,NL,1
609beb80,NL,2,NL,NL,0,Western,0,1990,2,1,1970,1963,NL,1
609e15ba,NL,1,NL,Egypt,1,Western,2,1965,2,1,1942,1927,NL,1
609f5c3f,NL,2,NL,NL,0,Western,1,1984,2,1,1964,1961,NL,1
60a7f93a,NL,2,NL,NL,0,Western,2,1981,2,1,1955,1944,NL,1
60bc0531,NL,1,NL,NL,0,Western,-,1961,2,1,1923,1931,NL,1
60c077a9,NL,2,NL,NL,0,Western,1,1988,2,1,1964,1954,NL,1
60c442cd,NL,2,France,NL,1,Western,0,1980,2,1,1942,1953,NL,1
60cb0484,NL,2,Egypt,France,2,Western,1,1963,2,1,1929,1938,NL,1
60ce7630,France,2,France,NL,1,Western,0,1954,2,1,1923,1932,France,0
60db0071,NL,2,NL,NL,0,Western,0,1988,2,1,1964,1965,NL,1
60de7973,NL,1,US,NL,1,Western,2,1993,2,1,1957,1971,NL,1
60edb3f1,NL,2,NL,France,1,Western,0,1959,2,1,1933,1926,NL,1
60ef5495,NL,1,NL,NL,0,Western,1,1989,2,1,1969,1967,NL,1
60f1e0e9,NL,2,NL,France,1,Western,2,1952,2,1,1915,1915,NL,1
60f4526f,NL,2,NL,NL,0,Western,0,1952,2,1,1925,1920,NL,1
60f50801,Egypt,2,NL,NL,0,Non-Western,-,1959,2,1,1932,1924,Egypt,0
60fa3f6f,NL,1,NL,NL,0,Western,1,1984,2,1,1956,1949,NL,1
61065f28,NL,1,NL,France,1,Western,2,1959,2,1,1930,1930,NL,1
6107721d,US,2,US,NL,1,Western,2,1986,-,1,1961,1956,US,0
610ab48e,NL,2,NL,NL,0,Western,2,1954,2,1,1929,1934,NL,1
610ab4bd,NL,1,NL,NL,0,Western,1,1997,2,1,1968,1970,NL,1
610e68d2,NL,1,NL,NL,0,Western,1,1959,2,1,1931,1924,NL,1
611ba385,NL,1,NL,NL,0,Western,1,1960,2,1,1921,1937,NL,1
61214f55,NL,1,NL,NL,0,Western,0,1989,2,1,1957,1952,NL,1
612648a9,NL,2,NL,NL,0,Western,0,1955,2,1,1920,1919,NL,1
61265ec1,NL,2,NL,France,1,Western,0,1997,2,1,1962,1973,NL,1
612df5f3,NL,1,NL,NL,0,Western,2,1998,2,1,1971,1960,NL,1
6134a2ae,NL,2,NL,NL,0,Western,1,1962,2,1,1934,1942,NL,1
613ceec9,France,2,NL,NL,0,Western,1,1969,2,1,1948,1944,France,0
613d9af3,NL,1,NL,NL,0,Western,0,1995,2,1,1959,1960,NL,1
613df17b,NL,2,NL,NL,0,Western,0,1995,2,1,1958,1970,NL,1
613ecc45,NL,1,NL,NL,0,Western,1,1955,2,1,1933,1932,NL,1
6144efee,NL,2,NL,France,1,Western,0,1970,2,2,1948,1941,NL,1
61481ad1,France,1,NL,NL,0,Western,1,1968,2,1,1947,1930,France,0
61507c6b,NL,1,NL,Egypt,1,Western,0,1980,2,1,1951,1945,NL,1
6150ed74,US,1,France,NL,1,Western,1,1985,2,1,1952,1946,US,0
61527cb1,NL,2,NL,NL,0,Western,2,1989,2,1,1966,1961,NL,1
61537270,NL,1,NL,NL,0,Western,0,1997,2,1,1969,1964,NL,1
6158634f,NL,1,NL,NL,0,Western,2,1953,2,1,1918,1923,NL,1
615a23f2,NL,2,NL,NL,0,Western,2,1964,2,1,1935,1938,NL,1
615d20cf,NL,1,France,France,2,Western,2,1954,2,1,1918,1921,NL,1
615dd682,NL,2,NL,NL,0,Western,0,1980,2,1,1959,1950,NL,1
615e2191,NL,2,NL,NL,0,Western,0,1953,2,1,1914,1924,NL,1
6166a8fd,NL,2,NL,NL,0,Western,2,1968,2,1,1947,1939,NL,1
616b03af,NL,1,NL,NL,0,Western,2,1993,2,1,1958,1961,NL,1
617a2cc2,NL,1,NL,NL,0,Western,0,1951,2,1,1929,1921,NL,1
61809577,NL,1,NL,NL,0,Western,2,1981,2,1,1961,1955,NL,1
6181f7cf,NL,2,NL,NL,0,Western,0,1997,2,1,1974,1969,NL,1
61859a3c,NL,2,NL,NL,0,Western,0,1995,2,1,1958,1964,NL,1
61974bcb,NL,1,NL,France,1,Western,1,1966,2,1,1929,1931,NL,1
619a5733,NL,1,NL,NL,0,Western,0,1993,2,2,1960,1966,NL,1
619cfe7f,NL,2,NL,NL,0,Western,2,1959,2,1,1931,1921,NL,1
61a2aebc,NL,1,NL,NL,0,Western,1,1968,2,1,1946,1933,NL,1
61a3dd29,NL,2,NL,NL,0,Western,0,1984,2,1,1947,1960,NL,1
61a88bc9,NL,2,France,NL,1,Western,2,1954,2,1,1926,1922,NL,1
61a8abd4,NL,2,France,France,2,Western,1,1996,2,1,1968,1958,NL,1
61aecc6a,NL,2,NL,NL,0,Western,2,1988,2,1,1957,1955,NL,1
61aef190,NL,1,NL,France,1,Western,1,1962,2,1,1931,1939,NL,1
61b1f53f,NL,1,NL,NL,0,Western,0,1998,2,1,1961,1959,NL,1
61b257b6,NL,2,France,NL,1,Western,0,1966,2,1,1928,1944,NL,1
61c453e0,NL,2,NL,NL,0,Western,0,1993,2,1,1969,1955,NL,1
61c7158c,NL,1,NL,NL,0,Western,2,1952,2,1,1918,1925,NL,1
61d9a192,NL,1,NL,NL,0,Western,2,1959,2,-,1924,1924,NL,1
61e09ae3,France,2,NL,NL,0,Western,2,1980,2,1,1942,1955,France,0
61e22ebe,NL,2,NL,NL,0,Western,0,1987,2,1,1962,1963,NL,1
61eb41e5,US,2,NL,US,1,Western,1,1956,2,1,1928,1924,US,0
61ec0c26,NL,2,NL,NL,0,Western,1,1969,2,1,1943,1934,NL,1
61ee82f0,NL,2,NL,France,1,Western,0,1994,2,1,1965,1958,NL,1
61f52f6d,France,1,NL,NL,0,Western,2,1988,2,1,1952,1964,France,0
61fbd54a,NL,2,NL,France,1,Western,1,1959,2,1,1939,1937,NL,1
61fc2882,NL,1,NL,France,1,Western,0,1963,2,1,1931,1932,NL,1
61fc36eb,France,2,NL,NL,0,Western,1,1954,2,1,1934,1931,France,0
62018a13,NL,2,NL,NL,0,Western,2,1954,2,1,1928,1923,NL,1
6205c0c0,NL,2,NL,NL,0,Western,0,1959,2,1,1932,1933,NL,1
6205c879,NL,1,NL,NL,0,Western,0,1958,2,1,1923,1934,NL,1
62087c9c,NL,1,NL,France,1,Western,2,1965,2,1,1940,1933,NL,1
620b7415,NL,1,NL,France,1,Western,0,1989,2,1,1964,1950,NL,1
620e56ba,NL,2,NL,NL,0,Western,1,1965,2,1,1927,1926,NL,1
621836a6,NL,2,NL,NL,0,Western,1,1982,2,1,1957,1954,NL,1
621d13ff,NL,1,NL,NL,0,Western,0,1955,2,1,1935,1920,NL,1
6224e8f7,France,2,US,NL,1,Western,2,1980,2,1,1954,1951,France,0
62252a84,NL,2,NL,NL,0,Western,2,1967,2,1,1944,1933,NL,1
622a521b,France,2,NL,France,1,Western,1,1958,2,1,1934,1935,France,0
623e91fe,NL,1,US,NL,1,Western,0,1991,2,1,1968,1957,NL,1
6244b30a,NL,2,Egypt,NL,1,Western,1,1957,2,1,1923,1922,NL,1
6245039f,NL,2,NL,NL,0,Western,2,1950,2,1,1922,1924,NL,1
624561c9,NL,1,NL,NL,0,Western,0,1994,2,1,1960,1964,NL,1
6246704c,NL,2,NL,NL,0,Western,0,1955,2,1,1921,1925,NL,1
6248e49b,NL,2,NL,NL,0,Western,2,1998,2,1,1969,1965,NL,1
625353e9,NL,2,France,NL,1,Western,2,1988,2,1,1953,1965,NL,1
62585ddb,NL,1,NL,France,1,Western,0,1962,2,1,1932,1932,NL,1
625a87b8,NL,1,France,US,2,Western,0,1968,2,1,1931,1943,NL,1
62671261,NL,2,US,NL,1,Western,1,1954,2,2,1924,1917,NL,1
6269554f,NL,1,NL,France,1,Western,2,1994,2,1,1963,1974,NL,1
626a1595,NL,2,NL,NL,0,Western,1,1991,2,1,1968,1971,NL,1
626cc503,NL,2,NL,NL,0,Western,2,1956,2,1,1927,1924,NL,1
626e0285,NL,1,NL,NL,0,Western,0,1987,2,1,1950,1950,NL,1
6270d07e,NL,1,NL,NL,0,Western,1,1964,2,1,1927,1938,NL,1
6271712e,NL,2,NL,NL,0,Western,0,1968,2,1,1947,1933,NL,1
62755540,NL,1,NL,NL,0,Western,2,1989,2,1,1953,1950,NL,1
6275652c,NL,2,NL,NL,0,Western,0,1995,2,1,1959,1968,NL,1
628d9fad,NL,1,NL,France,1,Western,0,1962,2,1,1924,1927,NL,1
6294fae0,NL,2,NL,NL,0,Western,2,1970,2,1,1948,1936,NL,1
629b23cc,NL,1,NL,NL,0,Western,1,1956,2,1,1924,1930,NL,1
629b8bc1,NL,2,NL,NL,0,Western,2,1991,2,1,1966,1966,NL,1
62b3c672,NL,1,France,NL,1,Western,2,1970,2,1,1934,1931,NL,1
62ba4e80,NL,1,NL,France,1,Western,2,1959,2,1,1935,1934,NL,1
62baa4ea,NL,2,NL,NL,0,Western,1,1951,2,1,1931,1931,NL,1
62bbfc7b,NL,2,NL,NL,0,Western,1,1967,2,1,1947,1946,NL,1
62c2ce5c,NL,2,NL,NL,0,Western,1,1956,2,1,1918,1921,NL,1
62c44e7c,NL,2,NL,NL,0,Western,2,1961,2,1,1932,1927,NL,1
62c74d7e,NL,2,NL,NL,0,Western,0,1986,2,1,1956,1951,NL,1
62c8367c,NL,2,NL,NL,0,Western,0,1966,2,1,1941,1939,NL,1
62d136a7,NL,1,NL,France,1,Western,1,1969,2,1,1946,1947,NL,1
62e24054,NL,2,France,NL,1,Western,2,1957,2,1,1935,1933,NL,1
62e718e4,NL,2,NL,NL,0,Western,2,1950,2,1,1912,1919,NL,1
62ee4e0f,NL,1,NL,NL,0,Western,1,1959,2,1,1926,1924,NL,1
62f40e3c,NL,2,NL,NL,0,Western,1,1962,2,1,1940,1926,NL,1
62f5b61e,NL,2,US,NL,1,Western,1,1987,2,1,1957,1951,NL,1
62f6f5a1,NL,2,NL,NL,0,Western,1,1992,2,1,1960,1970,NL,1
62f7edfd,NL,2,NL,US,1,Western,0,1997,2,1,1958,1958,NL,1
62f8a24c,NL,1,NL,NL,0,Western,0,1957,2,1,1930,1927,NL,1
62fda3c3,France,1,NL,France,1,Western,1,1960,2,1,1936,1926,France,0
63090a39,Egypt,1,NL,NL,0,Non-Western,1,1964,2,1,1937,1930,Egypt,0
63098a2f,NL,1,NL,NL,0,Western,1,1981,2,1,1943,1957,NL,1
630efe62,NL,2,NL,NL,0,Western,0,1994,2,1,1968,1973,NL,1
630ff9b3,NL,1,NL,NL,0,Western,1,1991,2,1,1964,1965,NL,1
631201ae,France,2,NL,NL,0,Western,0,1956,2,1,1934,1921,France,0
6314d307,NL,2,NL,France,1,Western,2,1987,2,1,1960,1961,NL,1
63166888,NL,2,NL,NL,0,Western,1,1983,2,1,1956,1957,NL,1
631f2263,France,1,NL,Egypt,1,Western,2,1981,2,1,1956,1948,France,0
632285e7,NL,1,NL,NL,0,Western,1,1987,2,1,1958,1950,NL,1
632b2d49,NL,2,NL,NL,0,Western,1,1996,2,1,1968,1975,NL,1
632f6949,US,1,NL,NL,0,Western,2,1962,2,1,1924,1930,US,0
6332bbbe,France,1,NL,NL,0,Western,2,1968,2,1,1938,1934,France,0
6338fbe3,NL,1,NL,NL,0,Western,1,1950,2,1,1916,1922,NL,1
633e776a,NL,1,NL,NL,0,Western,0,1969,2,1,1941,1940,NL,1
6340bfe5,NL,2,NL,NL,0,Western,2,1986,2,1,1962,1961,NL,1
634566ab,NL,2,NL,NL,0,Western,1,1996,2,1,1976,1976,NL,1
6345fdcd,NL,2,NL,France,1,Western,0,1986,2,1,1965,1965,NL,1
63587e10,NL,2,France,NL,1,Western,0,1992,2,1,1961,1957,NL,1
635a1059,NL,2,France,NL,1,Western,0,1969,2,1,1935,1941,NL,1
6362b230,NL,2,NL,NL,0,Western,1,1982,2,1,1954,1960,NL,1
637254d8,NL,1,NL,NL,0,Western,1,1992,2,1,1953,1953,NL,1
6377ded1,France,1,NL,NL,0,Western,1,1984,2,1,1962,1952,France,0
637afc4e,NL,1,France,NL,1,Western,2,1955,2,1,1935,1925,NL,1
6381a872,NL,1,NL,NL,0,Western,0,1951,2,1,1930,1916,NL,1
6385c2a4,NL,2,NL,NL,0,Western,1,1957,2,1,1928,1922,NL,1
638ccef9,NL,2,NL,France,1,Western,1,1968,2,1,1939,1930,NL,1
639538dd,NL,2,NL,NL,0,Western,1,1967,2,1,1934,1930,NL,1
639684dc,NL,2,NL,NL,0,Western,1,1996,2,1,1974,1971,NL,1
639906b8,NL,1,France,NL,1,Western,1,1988,2,1,1968,1949,NL,1
639a7f4a,NL,1,France,NL,1,Western,0,1952,2,1,1918,1928,NL,1
63a02a71,US,1,NL,NL,0,Western,2,1953,2,1,1927,1921,US,0
63a125f5,NL,2,NL,NL,0,Western,1,1992,2,1,1964,1954,NL,1
63a4fada,NL,1,NL,NL,0,Western,1,1991,2,1,1969,1964,NL,1
63a7e616,NL,2,NL,NL,0,Western,0,1969,2,1,1946,1933,NL,1
63abfe6b,France,1,US,France,2,Western,1,1985,2,1,1964,1951,France,0
63af5709,France,2,France,NL,1,Western,1,1981,2,1,1943,1943,France,0
63b2eb58,NL,2,NL,NL,0,Western,2,1952,2,1,1925,1915,NL,1
63c43615,NL,1,France,NL,1,Western,0,1991,2,1,1971,1969,NL,1
63ca9798,NL,1,NL,NL,0,Western,1,1957,2,1,1921,1933,NL,1
63d37053,NL,2,France,NL,1,Western,1,1959,2,1,1921,1937,NL,1
63d698f1,NL,2,NL,NL,0,Western,0,1960,2,1,1922,1940,NL,1
63db2fd8,NL,1,NL,NL,0,Western,0,1999,2,1,1962,1963,NL,1
63f1bed5,NL,1,NL,France,1,Western,1,1982,2,1,1956,1960,NL,1
63f2156e,NL,1,NL,NL,0,Western,0,1958,2,1,1929,1931,NL,1
63f40a29,NL,2,NL,NL,0,Western,0,1952,2,1,1915,1918,NL,1
63f531e5,NL,2,NL,NL,0,Western,1,1987,2,1,1951,1967,NL,1
63f77d9d,NL,2,NL,NL,0,Western,2,1982,2,1,1946,1953,NL,1
63ffe605,NL,1,NL,NL,0,Western,1,1956,2,1,1926,1920,NL,1
64016188,NL,1,NL,US,1,Western,1,1956,2,1,1931,1922,NL,1
641b13a7,NL,2,NL,NL,0,Western,1,1980,2,1,1959,1958,NL,1
641d55b7,NL,2,NL,NL,0,Western,0,1966,2,1,1927,1946,NL,1
641ea3cf,NL,2,NL,NL,0,Western,1,1959,2,1,1920,1928,NL,1
6428053d,NL,1,NL,France,1,Western,0,1984,2,1,1951,1954,NL,1
6429d148,NL,1,France,NL,1,Western,2,1993,2,1,1959,1973,NL,1
642af330,NL,2,NL,NL,0,Western,2,1955,2,1,1917,1918,NL,1
642dd955,NL,1,NL,NL,0,Western,2,1992,2,1,1958,1954,NL,1
642ea8a6,France,2,US,NL,1,Western,1,1988,2,1,1954,1953,France,0
64347c8a,NL,2,France,France,2,Western,1,1983,2,1,1960,1961,NL,1
64375f61,Egypt,2,France,NL,1,Non-Western,0,1989,2,1,1967,1967,Egypt,0
643df2ff,NL,2,NL,NL,0,Western,0,1991,2,1,1953,1960,NL,1
643eface,NL,2,France,NL,1,Western,1,1963,2,1,1927,1924,NL,1
64486f77,NL,1,NL,NL,0,Western,1,1952,2,1,1920,1924,NL,1
645e5d43,NL,2,France,NL,1,Western,2,1990,1,1,1968,1951,NL,1
6460718a,France,1,NL,NL,0,Western,0,1970,2,1,1944,1936,France,0
64661bf2,NL,1,France,NL,1,Western,0,1983,2,1,1962,1957,NL,1
6468ecdf,NL,2,NL,NL,0,Western,1,1996,2,1,1973,1961,NL,1
646af597,NL,1,NL,US,1,Western,2,1999,2,1,1976,1977,NL,1
646ed036,NL,2,NL,NL,0,Western,1,1965,2,1,1930,1934,NL,1
64740e34,NL,1,NL,France,1,Western,0,1961,2,1,1939,1927,NL,1
6477fc57,NL,1,NL,NL,0,Western,2,1992,2,1,1971,1965,NL,1
64795017,NL,2,France,NL,1,Western,1,1994,2,1,1955,1958,NL,1
64891f20,NL,2,NL,US,1,Western,1,1990,2,1,1968,1968,NL,1
648a6a69,NL,1,NL,NL,0,Western,0,1955,2,1,1934,1924,NL,1
648ec77b,NL,2,France,NL,1,Western,2,1982,2,1,1944,1945,NL,1
64909694,NL,1,NL,NL,0,Western,2,1968,2,-,1934,1946,NL,1
64930fd6,NL,1,NL,France,1,Western,1,1955,2,1,1922,1934,NL,1
64982e00,NL,1,France,NL,1,Western,2,1986,2,1,1957,1960,NL,1
64a06d0e,NL,2,NL,France,1,Western,1,1985,2,1,1952,1960,NL,1
64a7ba88,NL,2,NL,NL,0,Western,0,1994,2,1,1956,1958,NL,1
64a846ad,NL,1,NL,NL,0,Western,2,1997,2,-,1959,1968,NL,1
64aa971e,NL,2,NL,NL,0,Western,0,1950,2,1,1923,1916,NL,1
64abfda8,NL,1,France,NL,1,Western,1,1953,2,1,1922,1920,NL,1
64b00b28,NL,1,NL,NL,0,Western,0,1951,2,1,1923,1920,NL,1
64b4d5f8,NL,2,NL,France,1,Western,0,1996,2,1,1957,1970,NL,1
64bb1475,US,2,NL,NL,0,Western,0,1989,2,1,1957,1956,US,0
64bd4f11,NL,1,NL,NL,0,Western,1,1966,2,1,1937,1928,NL,1
64be690c,NL,1,NL,NL,0,Western,0,1981,2,1,1942,1955,NL,1
64c58889,NL,1,NL,NL,0,Western,2,1958,2,1,1927,1923,NL,1
64c59dd4,NL,1,NL,NL,0,Western,0,1958,2,1,1927,1922,NL,1
64cb8859,NL,1,NL,NL,0,Western,0,1983,2,1,1952,1957,NL,1
64ce72ee,NL,2,NL,France,1,Western,2,1981,2,1,1942,1953,NL,1
64d0ea32,NL,1,NL,NL,0,Western,1,1993,2,-,1954,1973,NL,1
64d5f4c5,NL,2,NL,NL,0,Western,2,1990,2,1,1952,1956,NL,1
64d6351a,NL,1,France,NL,1,Western,2,1951,2,1,1926,1921,NL,1
64d9ab6e,NL,1,NL,NL,0,Western,1,1993,2,1,1957,1968,NL,1
64db7fbf,NL,1,NL,US,1,Western,0,1988,2,1,1953,1968,NL,1
64dc9ba4,France,1,NL,NL,0,Western,2,1989,2,1,1959,1962,France,0
64ea2dab,NL,2,NL,NL,0,Western,0,1950,2,2,1919,1926,NL,1
64f18998,NL,2,NL,NL,0,Western,1,1983,2,1,1959,1952,NL,1
64f76794,NL,1,NL,NL,0,Western,1,1997,2,1,1964,1968,NL,1
64fd0a8c,NL,2,NL,US,1,Western,0,1957,2,1,1923,1933,NL,1
650459ce,NL,2,NL,NL,0,Western,2,1991,2,1,1962,1961,NL,1
650663ee,NL,2,NL,NL,0,Western,0,1986,2,1,1951,1962,NL,1
650a3ddd,NL,2,NL,NL,0,Western,2,1993,2,1,1970,1954,NL,1
65109ea6,NL,1,US,NL,1,Western,1,1984,2,1,1960,1955,NL,1
6511189e,NL,2,NL,France,1,Western,2,1988,2,1,1963,1951,NL,1
6512ceb5,NL,2,NL,NL,0,Western,0,1966,2,1,1939,1942,NL,1
651477ac,NL,1,NL,NL,0,Western,0,1981,2,1,1942,1961,NL,1
65274760,NL,1,NL,NL,0,Western,1,1993,2,1,1968,1968,NL,1
6528762a,NL,2,NL,NL,0,Western,2,1968,2,1,1937,1935,NL,1
653504c0,NL,2,NL,NL,0,Western,1,1951,2,1,1928,1919,NL,1
65398a34,NL,1,NL,NL,0,Western,1,1985,2,1,1962,1963,NL,1
65437df4,NL,2,NL,France,1,Western,1,1995,2,1,1957,1964,NL,1
65459eec,NL,1,NL,France,1,Western,1,1981,2,1,1947,1953,NL,1
6548f1e7,NL,-,NL,NL,0,Western,0,1986,2,1,1956,1951,NL,1
654c1cfc,NL,2,France,NL,1,Western,1,1992,2,1,1965,1964,NL,1
6552cad3,NL,1,France,France,2,Western,1,1960,2,1,1934,1939,NL,1
655b98a4,NL,1,NL,NL,0,Western,0,1957,2,1,1919,1930,NL,1
6568624b,NL,1,NL,France,1,Western,1,1999,2,1,1965,1973,NL,1
656fd346,NL,2,NL,NL,0,Western,1,1989,2,1,1963,1954,NL,1
657647c3,NL,1,France,NL,1,Western,0,1998,2,1,1960,1978,NL,1
6578b2ad,NL,2,NL,France,1,Western,1,1988,2,1,1961,1968,NL,1
657b7bf8,NL,2,France,NL,1,Western,0,1996,2,1,1963,1976,NL,1
65822beb,France,1,NL,NL,0,Western,1,1956,2,1,1931,1921,France,0
6582ad2e,NL,2,NL,NL,0,Western,1,1989,2,1,1963,1962,NL,1
6582ca30,Egypt,2,NL,NL,0,Non-Western,0,1983,2,1,1959,1959,Egypt,0
6589a0ab,NL,2,NL,NL,0,Western,0,1959,2,1,1939,1935,NL,1
658fae32,NL,1,NL,NL,0,Western,0,1957,2,1,1931,1934,NL,1
6592dbfa,NL,2,NL,NL,0,Western,2,1996,2,1,1967,1957,NL,1
659477a3,France,2,US,US,2,Western,1,1984,2,1,1964,1953,France,0
6598bf5c,NL,2,NL,NL,0,Western,1,1960,2,1,1922,1930,NL,1
659f1529,France,1,NL,NL,0,Western,0,1981,2,1,1947,1952,France,0
65a034aa,NL,2,NL,NL,0,Western,1,1954,2,1,1916,1915,NL,1
65a7b53f,NL,1,NL,NL,0,Western,0,1959,2,1,1934,1933,NL,1
65ac5156,NL,2,Egypt,NL,1,Western,2,1988,2,1,1959,1956,NL,1
65ae2bab,NL,2,NL,NL,0,Western,2,1981,2,1,1943,1948,NL,1
65b4c92d,France,1,NL,NL,0,Western,2,1953,2,1,1930,1922,France,0
65b78ff8,NL,2,NL,NL,0,Western,2,1970,2,1,1938,1931,NL,1
65be2f4c,NL,2,NL,NL,0,Western,2,1980,2,1,1960,1948,NL,1
65c3e1cc,NL,1,US,NL,1,Western,1,1992,2,1,1959,1963,NL,1
65cf2223,NL,2,NL,NL,0,Western,1,1963,2,1,1935,1933,NL,1
65d75c18,NL,1,France,NL,1,Western,1,1984,2,1,1956,1949,NL,1
65e29f01,NL,2,US,France,2,Western,1,1950,2,2,1918,1919,NL,1
65e7d7f4,US,2,NL,France,1,Western,1,1986,2,1,1948,1962,US,0
65e922ed,NL,2,NL,France,1,Western,0,1995,2,1,1967,1971,NL,1
65f0675d,NL,2,NL,France,1,Western,2,1990,2,1,1953,1960,NL,1
65f20ae6,NL,1,NL,NL,0,Western,1,1955,2,1,1935,1917,NL,1
65f32b07,NL,1,NL,NL,0,Western,1,1982,2,1,1957,1948,NL,1
65f704ed,NL,2,NL,France,1,Western,0,1960,2,2,1931,1932,NL,1
6601a7a4,NL,2,NL,NL,0,Western,2,1999,2,1,1965,1973,NL,1
66075677,NL,2,NL,NL,0,Western,0,1956,2,1,1932,1936,NL,1
66098fed,NL,2,NL,NL,0,Western,2,1983,2,1,1947,1961,NL,1
660a0551,NL,1,NL,NL,0,Western,1,1986,2,1,1959,1960,NL,1
660bb969,NL,2,NL,NL,0,Western,2,1965,2,1,1934,1944,NL,1
660f0e7d,NL,1,NL,NL,0,Western,1,1962,2,1,1939,1923,NL,1
66107eb8,NL,2,NL,NL,0,Western,1,1983,2,1,1947,1952,NL,1
6610d926,NL,2,NL,France,1,Western,1,1988,2,1,1949,1955,NL,1
6618a0fa,NL,1,NL,NL,0,Western,1,1989,2,1,1953,1969,NL,1
661cf0af,NL,1,NL,NL,0,Western,0,1957,2,1,1934,1921,NL,1
66203db9,France,1,NL,NL,0,Western,2,1953,2,1,1919,1922,France,0
6621b6f9,NL,2,NL,NL,0,Western,0,1985,2,1,1954,1958,NL,1
6627984d,NL,1,France,France,2,Western,0,1959,2,1,1927,1935,NL,1
663015d8,NL,2,NL,US,1,Western,0,1960,2,1,1935,1940,NL,1
6633e856,NL,2,NL,NL,0,Western,0,1999,2,1,1966,1968,NL,1
664070ff,NL,2,NL,NL,0,Western,1,1988,2,1,1953,1961,NL,1
66431857,NL,2,France,NL,1,Western,0,1985,2,1,1965,1964,NL,1
6645c1b5,NL,1,France,France,2,Western,1,1970,2,1,1935,1937,NL,1
6647de49,NL,1,NL,NL,0,Western,0,1992,2,1,1962,1959,NL,1
66485336,NL,2,NL,NL,0,Western,2,1962,2,1,1938,1942,NL,1
6654341c,NL,1,NL,NL,0,Western,1,1954,2,1,1918,1932,NL,1
66604f26,NL,2,NL,France,1,Western,0,1990,2,1,1957,1967,NL,1
66631142,NL,1,NL,NL,0,Western,1,1965,2,1,1937,1928,NL,1
666a9759,NL,2,France,NL,1,Western,1,1982,2,1,1943,1954,NL,1
666b30ba,France,2,France,NL,1,Western,1,1986,2,1,1963,1954,France,0
666eb1b6,NL,1,NL,NL,0,Western,1,1991,2,1,1957,1954,NL,1
666ff3fa,NL,1,NL,NL,0,Western,0,1993,2,1,1969,1973,NL,1
6678b76f,NL,1,NL,NL,0,Western,1,1999,2,1,1970,1978,NL,1
66830f0f,US,2,NL,NL,0,Western,1,1968,2,1,1945,1930,US,0
668d533c,NL,2,NL,NL,0,Western,1,1960,2,1,1935,1930,NL,1
6691cdb9,NL,1,France,NL,1,Western,0,1981,2,1,1948,1957,NL,1
66929940,NL,2,NL,NL,0,Western,1,1991,2,1,1961,1960,NL,1
669ef0fc,NL,2,NL,France,1,Western,0,1962,2,1,1934,1936,NL,1
669f2346,NL,1,NL,NL,0,Western,0,1957,2,1,1921,1922,NL,1
66a145ae,NL,1,NL,NL,0,Western,1,1968,2,1,1937,1940,NL,1
66a50f11,NL,1,NL,NL,0,Western,2,1960,2,1,1936,1937,NL,1
66a574f5,NL,2,NL,NL,0,Western,1,1999,2,1,1960,1976,NL,1
66ae828d,NL,2,NL,NL,0,Western,1,1989,2,1,1950,1958,NL,1
66affe50,France,2,France,NL,1,Western,1,1959,2,1,1926,1928,France,0
66b030dc,NL,1,France,France,2,Western,1,1970,2,1,1934,1933,NL,1
66b7453f,NL,1,France,NL,1,Western,2,1956,2,1,1919,1934,NL,1
66be85a3,US,2,NL,NL,0,Western,1,1967,2,1,1937,1928,US,0
66c68ff8,NL,1,France,NL,1,Western,0,1986,2,1,1949,1947,NL,1
66cb4bff,France,1,NL,NL,0,Western,0,1970,2,1,1938,1949,France,0
66e03c90,France,1,NL,NL,0,Western,1,1981,2,1,1954,1945,France,0
66e1f431,NL,1,NL,France,1,Western,0,1996,2,1,1970,1963,NL,1
66e6a924,NL,1,NL,NL,0,Western,2,1960,2,1,1936,1932,NL,1
66e6b1cf,NL,1,NL,NL,0,Western,2,1999,2,1,1968,1976,NL,1
66e9d38e,NL,1,NL,NL,0,Western,2,1958,2,1,1926,1933,NL,1
66ea19ff,NL,2,NL,NL,0,Western,1,1989,2,1,1952,1964,NL,1
66f04b93,NL,2,NL,France,1,Western,1,1995,2,1,1971,1965,NL,1
66f5f101,NL,2,France,NL,1,Western,1,1991,2,1,1962,1956,NL,1
66f91903,NL,1,NL,NL,0,Western,1,1980,2,1,1951,1947,NL,1
6700aaa6,NL,1,Egypt,NL,1,Western,2,1981,2,1,1959,1946,NL,1
670162eb,NL,1,NL,NL,0,Western,1,1968,2,1,1937,1932,NL,1
6703a082,NL,1,France,France,2,Western,1,1992,2,1,1964,1970,NL,1
6708ce89,NL,1,NL,NL,0,Western,1,1980,2,1,1955,1959,NL,1
670b8ca6,NL,1,NL,NL,0,Western,2,1983,2,1,1959,1944,NL,1
672c5509,NL,1,France,NL,1,Western,2,1960,2,1,1935,1923,NL,1
6738943a,NL,1,NL,NL,0,Western,0,1959,2,1,1926,1932,NL,1
673e3610,NL,2,NL,NL,0,Western,1,1966,2,1,1940,1943,NL,1
67444094,NL,2,NL,NL,0,Western,1,1959,2,1,1939,1937,NL,1
67491510,NL,1,NL,NL,0,Western,0,1967,2,1,1928,1940,NL,1
674bea15,France,2,NL,France,1,Western,1,1953,2,1,1929,1923,France,0
674e3c81,NL,1,NL,US,1,Western,0,1964,2,1,1944,1943,NL,1
6758ae3d,NL,2,NL,France,1,Western,1,1981,2,1,1953,1943,NL,1
6762b899,NL,1,NL,US,1,Western,2,1991,2,1,1965,1959,NL,1
676670f4,NL,2,NL,NL,0,Western,0,1960,2,1,1922,1935,NL,1
676723cc,NL,2,NL,NL,0,Western,2,1993,2,1,1963,1960,NL,1
6769b2d6,NL,1,NL,NL,0,Western,2,1967,2,1,1930,1929,NL,1
6772bb55,NL,1,Egypt,NL,1,Western,1,1981,2,1,1954,1957,NL,1
6783d4ef,NL,2,France,NL,1,Western,-,1997,2,1,1963,1964,NL,1
67871e8c,NL,1,NL,NL,0,Western,2,1957,2,1,1933,1920,NL,1
67873e65,NL,1,NL,NL,0,Western,2,1964,2,1,1938,1934,NL,1
678fbc11,NL,1,NL,France,1,Western,1,1957,2,1,1922,1922,NL,1
67908d61,NL,1,NL,NL,0,Western,1,1991,2,1,1969,1953,NL,1
67926625,NL,2,NL,NL,0,Western,0,1950,2,1,1927,1929,NL,1
6793de14,NL,2,NL,US,1,Western,2,1983,2,1,1961,1946,NL,1
6793dfcb,NL,1,France,NL,1,Western,0,1999,2,1,1962,1972,NL,1
679afadd,NL,1,NL,NL,0,Western,1,1962,2,1,1935,1924,NL,1
679b785d,NL,1,NL,France,1,Western,1,1969,2,1,1935,1935,NL,1
67a17e09,NL,2,NL,NL,0,Western,2,1968,2,1,1935,1944,NL,1
67a5cec9,NL,2,France,NL,1,Western,1,1999,2,1,1978,1968,NL,1
67aa87d3,NL,1,NL,France,1,Western,0,1995,2,1,1965,1956,NL,1
67b00882,US,2,NL,NL,0,Western,0,1962,2,1,1934,1933,US,0
67baf695,France,1,NL,NL,0,Western,2,1983,2,1,1944,1952,France,0
67bf56ec,NL,1,NL,NL,0,Western,2,1999,2,1,1964,1961,NL,1
67c1ae2d,France,1,NL,NL,0,Western,2,1964,2,1,1925,1932,France,0
67e1acd2,NL,1,NL,NL,0,Western,0,1983,2,1,1959,1951,NL,1
67e3c529,NL,1,NL,France,1,Western,1,1998,2,1,1974,1968,NL,1
67f4c187,US,1,NL,NL,0,Western,0,1964,2,1,1932,1936,US,0
67f5662c,NL,1,France,Egypt,2,Western,2,1950,2,1,1926,1930,NL,1
67fc5d85,NL,2,NL,France,1,Western,0,1991,2,1,1959,1956,NL,1
67fef487,NL,2,NL,NL,0,Western,1,1989,2,1,1954,1954,NL,1
68010772,NL,1,NL,NL,0,Western,2,1997,2,1,1976,1961,NL,1
6803e160,NL,2,France,NL,1,Western,0,1993,2,1,1957,1967,NL,1
680bd692,NL,1,NL,NL,0,Western,2,1981,2,1,1960,1947,NL,1
680d6653,NL,1,NL,US,1,Western,2,1982,2,1,1956,1943,NL,1
680e083a,NL,2,NL,France,1,Western,0,1989,2,1,1950,1964,NL,1
6812b5ca,NL,2,NL,NL,0,Western,1,1961,2,1,1923,1925,NL,1
6815a107,NL,2,NL,France,1,Western,2,1989,2,1,1950,1966,NL,1
68186534,NL,1,NL,France,1,Western,0,1957,2,1,1933,1926,NL,1
6818c510,NL,2,NL,NL,0,Western,2,1967,2,1,1939,1937,NL,1
681e3287,NL,2,NL,France,1,Western,2,1983,2,1,1962,1944,NL,1
68288486,NL,2,France,NL,1,Western,0,1959,2,1,1921,1924,NL,1
68301949,NL,2,NL,NL,0,Western,0,1999,2,1,1968,1967,NL,1
6830f958,NL,2,NL,US,1,Western,2,1998,2,1,1975,1972,NL,1
6837c887,NL,1,NL,France,1,Western,0,1950,2,1,1913,1914,NL,1
684486e1,NL,1,NL,NL,0,Western,0,1989,2,1,1954,1962,NL,1
6844d190,France,1,NL,NL,0,Western,2,1980,2,1,1956,1945,France,0
6847f3f6,NL,1,France,France,2,Western,2,1993,2,1,1959,1966,NL,1
6849aae2,NL,1,NL,NL,0,Western,1,1998,2,1,1976,1961,NL,1
684cfe4b,NL,1,NL,NL,0,Western,1,1957,2,1,1920,1929,NL,1
684e5d2e,NL,2,NL,NL,0,Western,1,1989,2,1,1967,1952,NL,1
6858c4fe,NL,2,NL,Egypt,1,Western,2,1969,2,1,1932,1931,NL,1
68598798,NL,2,France,NL,1,Western,2,1991,2,1,1968,1969,NL,1
685c435a,France,1,France,France,2,Western,0,1964,2,1,1936,1933,France,0
686054ec,NL,1,NL,NL,0,Western,2,1993,2,1,1962,1960,NL,1
68656e3d,NL,2,US,France,2,Western,2,1989,2,1,1958,1961,NL,1
6869b9a3,NL,1,NL,NL,0,Western,-,1953,2,1,1924,1921,NL,1
686a23b2,NL,2,NL,NL,0,Western,0,1959,2,1,1933,1938,NL,1
686b2376,NL,2,NL,NL,0,Western,0,1963,2,1,1932,1941,NL,1
686b43a2,NL,2,NL,NL,0,Western,0,1992,2,1,1957,1957,NL,1
6870f198,NL,2,France,US,2,Western,1,1959,2,1,1936,1935,NL,1
687593ac,NL,1,NL,NL,0,Western,1,1962,2,1,1931,1923,NL,1
6879c7de,NL,1,NL,NL,0,Western,0,1970,2,1,1937,1932,NL,1
68826db9,US,1,NL,NL,0,Western,2,1990,2,1,1958,1970,US,0
6885ede6,NL,1,NL,NL,0,Western,0,1954,2,1,1921,1928,NL,1
688764bc,NL,2,NL,NL,0,Western,1,1968,2,1,1937,1941,NL,1
688c7673,NL,2,NL,NL,0,Western,1,1996,2,1,1963,1972,NL,1
688eda7a,NL,2,NL,NL,0,Western,1,1950,2,1,1925,1913,NL,1
68903fdd,NL,2,NL,NL,0,Western,2,1981,1,1,1951,1953,NL,1
6898282e,NL,-,NL,NL,0,Western,2,1995,2,1,1973,1971,NL,1
689a867e,NL,1,NL,NL,0,Western,0,1987,2,1,1952,1956,NL,1
68a345ef,NL,2,NL,France,1,Western,0,1968,1,1,1931,1941,NL,1
68aab752,France,1,France,NL,1,Western,2,1990,2,1,1963,1958,France,0
68afc994,NL,2,Egypt,NL,1,Western,0,1981,2,1,1947,1947,NL,1
68b971ac,NL,1,NL,NL,0,Western,1,1999,2,1,1966,1977,NL,1
68bda1f7,NL,2,NL,NL,0,Western,1,1985,2,1,1952,1949,NL,1
68bdc82e,NL,2,NL,NL,0,Western,2,1960,2,1,1932,1928,NL,1
68bdeca2,NL,1,NL,Egypt,1,Western,0,1991,2,1,1962,1969,NL,1
68bead7f,NL,2,NL,NL,0,Western,2,1965,2,1,1938,1942,NL,1
68bed178,NL,2,NL,NL,0,Western,2,1961,2,1,1934,1939,NL,1
68c4a4a6,NL,2,NL,NL,0,Western,0,1956,2,1,1933,1925,NL,1
68c85d6a,France,2,NL,France,1,Western,1,1962,2,1,1934,1924,France,0
68d47fa7,NL,1,NL,NL,0,Western,1,1984,2,1,1957,1947,NL,1
68d6d2b5,NL,1,NL,NL,0,Western,2,1955,2,1,1926,1917,NL,1
68d8c8e2,France,2,NL,NL,0,Western,0,1986,2,1,1961,1957,France,0
68df93c0,NL,1,Egypt,France,2,Western,1,1967,2,1,1941,1940,NL,1
68e75f91,NL,2,NL,France,1,Western,2,1960,2,1,1940,1923,NL,1
68eadd7a,France,2,NL,NL,0,Western,2,1985,2,1,1960,1953,France,0
68ed3ff6,NL,2,France,France,2,Western,0,1957,2,1,1923,1935,NL,1
68fbb6f4,NL,1,NL,France,1,Western,0,1997,2,1,1973,1959,NL,1
69013541,NL,2,France,NL,1,Western,1,1952,2,1,1928,1927,NL,1
690557e9,NL,1,NL,NL,0,Western,1,1969,2,1,1935,1933,NL,1
69183cc5,NL,2,NL,NL,0,Western,0,1982,2,1,1945,1955,NL,1
691cd7f4,NL,1,NL,US,1,Western,1,1968,2,1,1932,1930,NL,1
69299860,NL,1,NL,NL,0,Western,0,1962,2,1,1941,1927,NL,1
693001b7,NL,2,France,US,2,Western,2,1953,2,1,1917,1928,NL,1
69334125,NL,1,NL,NL,0,Western,-,1989,2,1,1965,1959,NL,1
6937ac16,NL,1,NL,NL,0,Western,1,1981,2,1,1956,1946,NL,1
69386e6e,France,2,France,NL,1,Western,1,1957,2,1,1922,1918,France,0
69398b8e,NL,1,France,NL,1,Western,2,1957,2,1,1936,1922,NL,1
693a7f15,NL,2,Egypt,France,2,Western,1,1955,2,1,1932,1933,NL,1
693b06e1,France,1,NL,NL,0,Western,1,1957,2,1,1930,1921,France,0
694059bb,NL,1,NL,France,1,Western,0,1994,2,1,1970,1959,NL,1
6940aa77,France,1,NL,NL,0,Western,0,1951,2,1,1923,1924,France,0
69433e79,NL,1,NL,France,1,Western,1,1964,2,1,1930,1936,NL,1
6950c12b,NL,2,NL,NL,0,Western,2,1981,2,1,1944,1961,NL,1
6951c442,France,2,NL,NL,0,Western,1,1987,2,1,1963,1952,France,0
695e96dc,NL,1,NL,NL,0,Western,2,1968,2,1,1937,1942,NL,1
69652faa,NL,2,NL,NL,0,Western,-,1994,2,1,1972,1955,NL,1
696f4b72,NL,1,France,France,2,Western,0,1993,2,1,1960,1957,NL,1
69811704,NL,2,NL,NL,0,Western,0,1988,2,1,1949,1956,NL,1
6987fe6d,NL,2,NL,NL,0,Western,0,1995,2,1,1960,1958,NL,1
6988d8ca,NL,1,US,NL,1,Western,0,1999,2,1,1969,1969,NL,1
698d241e,NL,1,NL,NL,0,Western,0,1982,2,1,1954,1943,NL,1
698e52c7,NL,1,NL,NL,0,Western,1,1970,2,1,1942,1934,NL,1
69921393,NL,2,NL,NL,0,Western,1,1957,2,1,1920,1919,NL,1
6996ffc2,NL,2,NL,NL,0,Western,0,1987,2,1,1964,1966,NL,1
6997b69b,NL,1,Egypt,NL,1,Western,1,1988,2,1,1949,1951,NL,1
699fdda1,NL,1,NL,France,1,Western,0,1967,2,1,1941,1928,NL,1
69a4265c,France,2,NL,NL,0,Western,2,1953,1,1,1915,1929,France,0
69a45848,NL,1,France,NL,1,Western,0,1981,2,1,1945,1945,NL,1
69a5fd19,NL,1,NL,US,1,Western,1,1950,2,1,1917,1915,NL,1
69bf47a8,NL,2,NL,NL,0,Western,0,1986,2,1,1957,1948,NL,1
69c99a25,NL,1,France,NL,1,Western,2,1981,2,1,1944,1960,NL,1
69ca4794,NL,1,NL,NL,0,Western,1,1956,2,1,1927,1928,NL,1
69d31294,NL,2,NL,NL,0,Western,2,1999,2,1,1970,1971,NL,1
69d720be,NL,2,NL,NL,0,Western,0,1962,2,1,1939,1938,NL,1
69e30728,France,2,NL,NL,0,Western,2,1982,2,1,1943,1945,France,0
69f45830,NL,1,NL,NL,0,Western,2,1983,2,1,1948,1951,NL,1
6a0755de,NL,1,NL,NL,0,Western,1,1968,2,1,1935,1946,NL,1
6a0e32a6,NL,1,NL,NL,0,Western,1,1950,2,1,1912,1916,NL,1
6a109820,NL,2,NL,NL,0,Western,2,1968,2,1,1948,1934,NL,1
6a163006,NL,2,NL,France,1,Western,1,1967,2,1,1947,1930,NL,1
6a189e14,NL,2,NL,NL,0,Western,2,1966,2,1,1943,1938,NL,1
6a1a471d,NL,2,NL,NL,0,Western,1,1983,2,1,1963,1960,NL,1
6a1d682c,NL,2,NL,NL,0,Western,2,1986,2,1,1965,1962,NL,1
6a1e01b0,NL,2,NL,NL,0,Western,2,1987,2,1,1961,1952,NL,1
6a204ef7,NL,2,NL,NL,0,Western,1,1994,2,1,1971,1970,NL,1
6a22212e,NL,1,NL,NL,0,Western,0,1959,2,1,1930,1938,NL,1
6a250ae3,NL,2,NL,NL,0,Western,2,1961,2,1,1928,1936,NL,1
6a27d28a,NL,1,France,France,2,Western,2,1997,2,1,1968,1973,NL,1
6a32eb2e,France,1,NL,NL,0,Western,1,1953,2,1,1931,1923,France,0
6a335b46,France,2,NL,France,1,Western,0,1957,2,1,1931,1918,France,0
6a4549f6,NL,2,NL,NL,0,Western,1,1988,2,1,1952,1963,NL,1
6a4e8cde,NL,2,NL,NL,0,Western,1,1960,2,1,1937,1923,NL,1
6a50e7a1,NL,2,NL,NL,0,Western,1,1990,2,1,1957,1963,NL,1
6a526c85,NL,2,France,NL,1,Western,2,1958,2,1,1936,1928,NL,1
6a5594b3,NL,2,NL,NL,0,Western,1,1953,2,1,1917,1932,NL,1
6a6107cd,NL,2,NL,US,1,Western,1,1954,2,1,1925,1916,NL,1
6a631ac4,NL,2,NL,NL,0,Western,-,1962,2,1,1938,1941,NL,1
6a7e7c11,France,2,France,NL,1,Western,2,1950,1,1,1924,1930,France,0
6a817d8a,NL,2,NL,France,1,Western,0,1957,2,2,1928,1926,NL,1
6a8294a4,NL,1,NL,NL,0,Western,1,1963,2,1,1926,1924,NL,1
6a865229,NL,1,NL,NL,0,Western,2,1990,2,1,1963,1958,NL,1
6a86fcc6,NL,2,France,NL,1,Western,2,1960,2,1,1932,1933,NL,1
6a87d28c,Egypt,1,NL,NL,0,Non-Western,1,1986,2,1,1952,1962,Egypt,0
6a87fee6,NL,1,NL,France,1,Western,2,1991,2,1,1965,1961,NL,1
6a945a4d,NL,1,NL,NL,0,Western,1,1970,2,1,1938,1945,NL,1
6a97b79a,NL,2,NL,NL,0,Western,1,1995,2,1,1956,1959,NL,1
6a97c4ef,NL,2,NL,France,1,Western,0,1993,2,1,1957,1957,NL,1
6a9d5e26,NL,1,France,NL,1,Western,2,1984,2,1,1953,1949,NL,1
6a9e1cd4,NL,1,NL,France,1,Western,0,1985,2,1,1950,1948,NL,1
6aa2b42c,NL,1,US,France,2,Western,2,1964,2,1,1939,1934,NL,1
6aa42799,NL,1,NL,NL,0,Western,0,1969,2,1,1937,1944,NL,1
6aa67ff1,NL,1,US,NL,1,Western,2,1967,2,1,1942,1945,NL,1
6aa802b5,NL,1,NL,NL,0,Western,1,1966,2,1,1941,1946,NL,1
6aa9c460,NL,1,NL,NL,0,Western,1,1984,2,1,1961,1961,NL,1
6aabea47,NL,2,NL,NL,0,Western,1,1983,2,1,1956,1956,NL,1
6ab7bf63,NL,1,NL,NL,0,Western,1,1984,2,1,1954,1957,NL,1
6abe19dd,NL,2,NL,NL,0,Western,0,1980,2,1,1957,1946,NL,1
6ad2181d,NL,2,US,NL,1,Western,1,1980,2,1,1948,1949,NL,1
6adee079,NL,2,NL,NL,0,Western,1,1964,2,1,1930,1932,NL,1
6aebaf4e,NL,2,NL,NL,0,Western,0,1963,2,1,1930,1926,NL,1
6af5fd20,France,2,NL,NL,0,Western,1,1982,2,1,1958,1945,France,0
6af8dc93,NL,2,NL,France,1,Western,0,1961,2,1,1939,1927,NL,1
6afa7dd0,NL,2,France,NL,1,Western,0,1964,2,1,1927,1942,NL,1
6b056cc8,NL,2,NL,NL,0,Western,0,1950,2,1,1921,1916,NL,1
6b1823f2,NL,1,NL,NL,0,Western,1,1954,2,1,1918,1918,NL,1
6b1f711c,NL,2,NL,NL,0,Western,1,1953,2,1,1925,1918,NL,1
6b211f71,NL,1,NL,NL,0,Western,2,1990,2,1,1968,1965,NL,1
6b218cf8,NL,2,France,NL,1,Western,0,1969,2,1,1947,1944,NL,1
6b289bbb,NL,1,US,NL,1,Western,0,1999,2,1,1971,1964,NL,1
6b2d77f2,NL,1,NL,NL,0,Western,2,1956,2,1,1918,1934,NL,1
6b2f2966,NL,2,NL,NL,0,Western,1,1951,2,1,1931,1918,NL,1
6b32eb1d,NL,1,NL,NL,0,Western,2,1954,2,1,1923,1924,NL,1
6b392ee9,NL,1,NL,France,1,Western,1,1991,2,1,1953,1958,NL,1
6b3ae263,NL,1,NL,NL,0,Western,2,1999,2,1,1973,1965,NL,1
6b41a233,France,1,NL,NL,0,Western,0,1957,2,1,1928,1918,France,0
6b45ab65,Egypt,2,France,NL,1,Non-Western,0,1987,2,1,1954,1949,Egypt,0
6b46f63f,NL,1,NL,NL,0,Western,1,1992,2,1,1966,1959,NL,1
6b516813,NL,1,NL,NL,0,Western,0,1996,2,1,1972,1961,NL,1
6b54ec7e,NL,2,NL,NL,0,Western,1,1954,2,1,1934,1930,NL,1
6b55882e,NL,2,NL,NL,0,Western,0,1961,2,1,1929,1937,NL,1
6b58709d,NL,1,France,France,2,Western,2,1964,2,1,1931,1941,NL,1
6b650868,NL,2,NL,NL,0,Western,2,1990,2,1,1966,1968,NL,1
6b6d4e6c,NL,1,NL,US,1,Western,2,1961,2,1,1938,1924,NL,1
6b775175,NL,1,NL,France,1,Western,0,1998,2,1,1968,1977,NL,1
6b7b82b9,NL,2,NL,Egypt,1,Western,0,1983,2,1,1945,1948,NL,1
6b7ca90d,NL,2,NL,France,1,Western,1,1982,2,1,1953,1954,NL,1
6b7f1b5b,NL,1,Egypt,NL,1,Western,2,1996,2,1,1962,1962,NL,1
6b864007,France,2,NL,NL,0,Western,0,1955,2,1,1929,1933,France,0
6b89369a,NL,2,NL,France,1,Western,2,1953,2,1,1933,1918,NL,1
6b8f9c37,US,1,France,NL,1,Western,1,1960,2,1,1939,1927,US,0
6b94884b,NL,1,Egypt,NL,1,Western,1,1969,2,1,1942,1940,NL,1
6b981692,NL,1,NL,NL,0,Western,2,1962,2,1,1928,1939,NL,1
6b996bf7,NL,1,NL,NL,0,Western,1,1951,2,1,1913,1916,NL,1
6b9aed2b,NL,1,NL,NL,0,Western,1,1992,2,1,1960,1956,NL,1
6b9b1ee8,NL,2,NL,NL,0,Western,1,1953,-,1,1920,1915,NL,1
6b9b4918,NL,1,France,NL,1,Western,2,1990,2,1,1970,1962,NL,1
6ba1e5bc,NL,2,France,NL,1,Western,0,1986,2,1,1947,1948,NL,1
6bac0d7c,NL,1,Egypt,France,2,Western,1,1951,-,1,1912,1931,NL,1
6bac66d5,NL,1,NL,NL,0,Western,0,1950,2,2,1923,1918,NL,1
6bb0c5df,NL,1,NL,NL,0,Western,1,1955,2,1,1927,1916,NL,1
6bb129b1,NL,1,NL,France,1,Western,0,1990,2,1,1969,1956,NL,1
6bb4839d,NL,2,NL,NL,0,Western,0,1986,2,1,1959,1959,NL,1
6bbc0b85,NL,1,NL,NL,0,Western,0,1959,2,1,1924,1920,NL,1
6bbd5684,NL,1,NL,NL,0,Western,0,1994,-,1,1957,1968,NL,1
6bbe1980,NL,2,NL,NL,0,Western,0,1966,2,1,1941,1939,NL,1
6bd234a3,NL,1,US,NL,1,Western,2,1961,2,1,1932,1933,NL,1
6bd722c9,NL,1,NL,NL,0,Western,0,1950,2,1,1916,1929,NL,1
6bde0226,NL,1,NL,NL,0,Western,0,1970,2,2,1936,1948,NL,1
6bf3278d,NL,2,NL,NL,0,Western,0,1982,2,1,1961,1954,NL,1
6bf5da70,France,1,NL,NL,0,Western,2,1959,2,1,1920,1921,France,0
6bf6d4fe,NL,2,NL,NL,0,Western,2,1989,2,1,1951,1951,NL,1
6bfff39c,NL,1,NL,NL,0,Western,1,1963,2,1,1942,1934,NL,1
6c048ad4,NL,2,NL,NL,0,Western,2,1981,2,1,1947,1950,NL,1
6c048d6e,NL,1,NL,NL,0,Western,0,1989,2,1,1968,1967,NL,1
6c0b026d,NL,1,NL,NL,0,Western,2,1968,2,1,1942,1931,NL,1
6c105bed,NL,1,NL,Egypt,1,Western,1,1965,2,1,1945,1938,NL,1
6c162e4e,France,1,NL,NL,0,Western,0,1952,2,1,1926,1916,France,0
6c16ca9f,NL,1,NL,Egypt,1,Western,1,1989,2,1,1969,1969,NL,1
6c2e8865,NL,2,NL,NL,0,Western,1,1968,2,1,1931,1940,NL,1
6c3429e7,NL,1,NL,NL,0,Western,0,1983,2,1,1952,1963,NL,1
6c3d5deb,NL,2,NL,NL,0,Western,0,1988,2,1,1963,1961,NL,1
6c5464a9,NL,2,NL,France,1,Western,2,1968,2,1,1940,1932,NL,1
6c64bb92,NL,2,NL,NL,0,Western,0,1997,2,1,1974,1973,NL,1
6c6b8fb4,NL,1,NL,NL,0,Western,1,1964,2,1,1935,1941,NL,1
6c6fec79,France,1,NL,NL,0,Western,2,1986,2,1,1962,1961,France,0
6c719f19,NL,1,NL,France,1,Western,1,1994,2,-,1962,1957,NL,1
6c71c821,NL,2,NL,NL,0,Western,0,1981,2,1,1948,1944,NL,1
6c71d689,NL,2,NL,France,1,Western,2,1997,2,1,1976,1959,NL,1
6c724d64,NL,2,NL,NL,0,Western,0,1997,2,1,1960,1970,NL,1
6c747895,NL,2,NL,NL,0,Western,1,1986,2,1,1964,1952,NL,1
6c82e110,NL,2,NL,NL,0,Western,2,1984,2,1,1947,1957,NL,1
6c848091,NL,1,NL,NL,0,Western,0,1953,2,1,1930,1933,NL,1
6c880a2d,NL,1,NL,NL,0,Western,2,1966,2,1,1934,1938,NL,1
6c888a25,NL,1,NL,NL,0,Western,2,1980,2,1,1951,1942,NL,1
6c92333d,NL,2,NL,NL,0,Western,2,1986,2,1,1951,1959,NL,1
6c99ce52,NL,2,NL,France,1,Western,2,1968,2,1,1930,1944,NL,1
6c9a1fc8,NL,2,US,NL,1,Western,1,1990,2,1,1967,1956,NL,1
6c9ae0ae,NL,1,NL,France,1,Western,1,1955,2,1,1926,1922,NL,1
6ca4ed8c,NL,1,NL,NL,0,Western,2,1962,2,1,1931,1927,NL,1
6ca701bf,France,1,NL,NL,0,Western,0,1957,2,2,1933,1923,France,0
6ca947f1,France,1,NL,France,1,Western,2,1958,2,1,1937,1932,France,0
6cb4da2c,NL,1,NL,NL,0,Western,0,1980,2,1,1952,1945,NL,1
6cbc799e,NL,1,NL,France,1,Western,2,1981,2,1,1947,1951,NL,1
6cbe138d,NL,2,NL,NL,0,Western,2,1957,2,1,1918,1929,NL,1
6cc52bbb,NL,1,NL,France,1,Western,0,1950,1,1,1922,1916,NL,1
6cc9ad5e,NL,2,NL,NL,0,Western,2,1987,-,1,1954,1955,NL,1
6cce2b76,NL,2,NL,NL,0,Western,1,1956,2,1,1925,1934,NL,1
6ccf223c,NL,1,France,NL,1,Western,2,1962,2,-,1938,1939,NL,1
6ccfd6a2,NL,2,NL,NL,0,Western,0,1961,2,1,1924,1924,NL,1
6ccfdf62,NL,1,NL,France,1,Western,1,1986,2,1,1963,1962,NL,1
6cd3d677,NL,2,NL,NL,0,Western,2,1995,2,1,1967,1970,NL,1
6cd7ee2f,NL,1,NL,NL,0,Western,2,1994,2,1,1961,1957,NL,1
6cdb8785,NL,1,NL,NL,0,Western,1,1985,2,1,1950,1955,NL,1
6ce1041a,NL,2,NL,France,1,Western,1,1950,1,1,1923,1916,NL,1
6cf7d311,NL,1,NL,NL,0,Western,2,1984,1,1,1961,1954,NL,1
6d04695c,NL,2,NL,NL,0,Western,1,1981,2,1,1946,1943,NL,1
6d0ef0fc,NL,2,NL,NL,0,Western,0,1953,2,1,1921,1922,NL,1
6d11e218,NL,2,France,NL,1,Western,1,1965,2,1,1938,1937,NL,1
6d1ab7d5,NL,1,France,France,2,Western,1,1958,2,1,1932,1936,NL,1
6d21b8fe,NL,2,France,US,2,Western,0,1953,2,1,1916,1931,NL,1
6d2f90ed,NL,-,NL,NL,0,Western,2,1993,2,1,1957,1972,NL,1
6d3df56e,NL,2,NL,NL,0,Western,0,1989,2,1,1961,1955,NL,1
6d43ae46,NL,2,Egypt,NL,1,Western,0,1953,2,1,1932,1919,NL,1
6d4ab67d,NL,2,Egypt,France,2,Western,1,1953,2,1,1915,1926,NL,1
6d504c49,NL,1,NL,NL,0,Western,1,1955,2,1,1926,1920,NL,1
6d565096,NL,1,US,NL,1,Western,2,1951,2,1,1924,1926,NL,1
6d60f1d0,NL,1,NL,NL,0,Western,1,1996,2,1,1958,1974,NL,1
6d6e147a,NL,2,NL,NL,0,Western,0,1991,2,1,1971,1961,NL,1
6d6f5be3,NL,2,NL,NL,0,Western,1,1993,2,1,1972,1972,NL,1
6d7a0d9f,NL,-,NL,NL,0,Western,1,1988,2,1,1957,1951,NL,1
6d7d7927,NL,1,France,France,2,Western,1,1965,2,1,1927,1929,NL,1
6d7e65a7,France,1,France,NL,1,Western,0,1951,2,1,1916,1916,France,0
6d930906,NL,1,NL,France,1,Western,2,1955,2,1,1922,1925,NL,1
6d9770d2,NL,2,NL,NL,0,Western,2,1990,2,1,1970,1958,NL,1
6d9e413d,NL,1,NL,Egypt,1,Western,2,1956,2,1,1927,1928,NL,1
6daa7155,NL,2,France,France,2,Western,2,1966,2,1,1939,1940,NL,1
6dab4db4,NL,2,NL,NL,0,Western,-,1996,2,1,1976,1969,NL,1
6db3a986,NL,1,NL,France,1,Western,0,1991,2,1,1965,1958,NL,1
6db46580,NL,2,NL,France,1,Western,0,1981,2,1,1942,1959,NL,1
6dc131a2,NL,1,NL,NL,0,Western,0,1951,2,1,1924,1919,NL,1
6dc4795c,NL,1,NL,France,1,Western,1,1999,2,1,1967,1975,NL,1
6dc710c1,NL,1,NL,NL,0,Western,1,1985,2,1,1963,1955,NL,1
6dcafd9c,NL,1,NL,NL,0,Western,0,1999,2,1,1967,1973,NL,1
6dce396e,NL,2,France,NL,1,Western,0,1970,2,1,1947,1946,NL,1
6dd0b1b5,Egypt,1,NL,NL,0,Non-Western,-,1967,2,1,1936,1936,Egypt,0
6dd6c524,NL,2,France,France,2,Western,2,1985,2,1,1961,1947,NL,1
6dda41b8,NL,2,France,NL,1,Western,1,1995,2,1,1965,1970,NL,1
6ddf5283,NL,1,NL,NL,0,Western,2,1997,2,1,1976,1971,NL,1
6de2aaa6,NL,1,NL,NL,0,Western,1,1962,2,1,1942,1940,NL,1
6de2d0af,NL,1,NL,NL,0,Western,0,1984,2,1,1963,1952,NL,1
6de9df88,NL,2,NL,US,1,Western,0,1995,2,1,1959,1967,NL,1
6deb04d3,France,2,NL,NL,0,Western,0,1952,2,1,1925,1926,France,0
6df7251e,NL,2,France,NL,1,Western,2,1999,2,1,1978,1974,NL,1
6df92fce,NL,2,NL,NL,0,Western,2,1955,2,1,1931,1921,NL,1
6e0bbed5,NL,2,NL,NL,0,Western,0,1982,2,1,1955,1948,NL,1
6e0c3123,NL,2,NL,NL,0,Western,2,1995,2,1,1971,1975,NL,1
6e15eb37,NL,2,NL,NL,0,Western,2,1966,2,1,1938,1931,NL,1
6e324931,NL,2,NL,France,1,Western,1,1986,2,1,1958,1965,NL,1
6e389b4e,NL,1,NL,NL,0,Western,0,1997,2,1,1964,1961,NL,1
6e3ef8a3,NL,-,NL,NL,0,Western,0,1990,2,1,1960,1964,NL,1
6e41e3c4,NL,2,NL,NL,0,Western,1,1959,2,1,1923,1921,NL,1
6e45ca81,US,1,NL,NL,0,Western,0,1957,2,1,1931,1926,US,0
6e49db47,NL,2,NL,NL,0,Western,2,1991,2,1,1966,1964,NL,1
6e4f9fa9,NL,1,NL,NL,0,Western,2,1993,2,1,1955,1956,NL,1
6e501c32,NL,2,NL,NL,0,Western,1,1970,2,1,1944,1931,NL,1
6e502114,NL,2,NL,NL,0,Western,1,1953,2,1,1931,1927,NL,1
6e587639,NL,2,France,NL,1,Western,1,1952,2,1,1918,1913,NL,1
6e6216c0,NL,2,NL,France,1,Western,2,1960,2,1,1925,1938,NL,1
6e65e98e,NL,1,NL,NL,0,Western,0,1968,2,1,1939,1931,NL,1
6e6663b1,NL,1,NL,NL,0,Western,2,1991,2,1,1959,1967,NL,1
6e791ac5,US,1,France,NL,1,Western,2,1966,2,1,1931,1945,US,0
6e79326a,NL,1,NL,NL,0,Western,1,1988,2,1,1960,1954,NL,1
6e7b7a6e,France,1,France,NL,1,Western,2,1960,2,1,1937,1924,France,0
6e805791,NL,1,NL,NL,0,Western,0,1991,2,1,1959,1969,NL,1
6e8386d1,NL,2,NL,NL,0,Western,2,1953,2,1,1923,1923,NL,1
6e83b5c6,NL,2,France,NL,1,Western,0,1989,2,1,1967,1964,NL,1
6e881d01,NL,1,NL,NL,0,Western,1,1960,2,1,1926,1936,NL,1
6e983b06,France,2,NL,NL,0,Western,1,1989,2,1,1957,1953,France,0
6e98d503,NL,1,NL,NL,0,Western,2,1955,1,1,1922,1934,NL,1
6e9ae732,NL,1,NL,NL,0,Western,2,1985,2,1,1958,1952,NL,1
6e9d6c3b,NL,1,NL,NL,0,Western,1,1983,2,1,1950,1944,NL,1
6ea89211,NL,2,NL,NL,0,Western,0,1984,2,1,1954,1956,NL,1
6eac8e48,NL,2,NL,NL,0,Western,2,1963,2,1,1931,1938,NL,1
6eaeb860,NL,1,NL,NL,0,Western,0,1993,2,1,1971,1965,NL,1
6eafa44d,NL,1,NL,NL,0,Western,0,1952,2,1,1915,1920,NL,1
6eb43e85,NL,2,France,NL,1,Western,2,1990,2,1,1962,1956,NL,1
6ec124ed,NL,1,NL,NL,0,Western,2,1988,2,1,1963,1964,NL,1
6ec997a8,NL,2,NL,NL,0,Western,1,1989,2,1,1959,1965,NL,1
6ecabe08,NL,2,NL,NL,0,Western,2,1958,2,1,1936,1931,NL,1
6ecd9c2d,NL,2,France,NL,1,Western,0,1954,2,1,1932,1934,NL,1
6ed2489c,NL,1,NL,NL,0,Western,2,1965,2,1,1931,1940,NL,1
6ed6fbbd,NL,-,NL,NL,0,Western,2,1964,2,1,1927,1933,NL,1
6ee09cc4,NL,2,NL,NL,0,Western,1,1999,2,1,1964,1972,NL,1
6ee5d1ab,NL,2,France,NL,1,Western,1,1983,2,1,1959,1949,NL,1
6ee6cff5,NL,1,France,NL,1,Western,0,1981,2,1,1955,1948,NL,1
6eea763a,France,1,NL,NL,0,Western,1,1985,2,1,1948,1959,France,0
6ef6bb33,NL,1,NL,NL,0,Western,1,1967,2,1,1929,1942,NL,1
6f05708d,NL,2,NL,US,1,Western,2,1967,2,1,1939,1934,NL,1
6f07a95a,NL,2,NL,US,1,Western,1,1951,2,1,1916,1926,NL,1
6f0a5166,NL,2,France,France,2,Western,1,1964,2,1,1937,1939,NL,1
6f0c0fda,NL,2,NL,US,1,Western,1,1984,2,1,1963,1956,NL,1
6f0c7789,NL,2,NL,NL,0,Western,0,1951,2,1,1924,1921,NL,1
6f0e6b36,NL,1,NL,NL,0,Western,0,1967,2,1,1929,1930,NL,1
6f13b866,NL,2,NL,France,1,Western,0,1987,2,1,1967,1951,NL,1
6f182c38,NL,1,NL,NL,0,Western,2,1982,2,1,1958,1958,NL,1
6f1e7a5c,NL,2,NL,NL,0,Western,0,1950,2,1,1917,1923,NL,1
6f29f9fd,NL,2,France,NL,1,Western,2,1995,2,1,1965,1964,NL,1
6f2bbfc3,NL,1,NL,NL,0,Western,1,1964,2,1,1925,1939,NL,1
6f2d4022,NL,2,NL,NL,0,Western,0,1960,2,1,1923,1936,NL,1
6f2ffe1a,France,1,France,France,2,Western,0,1963,2,1,1927,1932,France,0
6f39175f,NL,2,NL,NL,0,Western,2,1981,2,1,1947,1955,NL,1
6f3b5137,NL,1,NL,NL,0,Western,1,1970,2,1,1941,1933,NL,1
6f459918,NL,1,NL,NL,0,Western,2,1984,2,1,1945,1949,NL,1
6f462780,NL,1,NL,US,1,Western,0,1952,2,1,1918,1929,NL,1
6f463f76,NL,1,NL,NL,0,Western,-,1965,2,1,1933,1935,NL,1
6f46c9d8,France,1,NL,France,1,Western,0,1956,2,1,1932,1929,France,0
6f51807c,NL,2,NL,NL,0,Western,1,1994,2,1,1971,1972,NL,1
6f591cf7,US,1,NL,NL,0,Western,2,1981,2,1,1946,1948,US,0
6f59c520,NL,2,NL,NL,0,Western,0,1964,2,1,1933,1926,NL,1
6f650d50,NL,1,NL,Egypt,1,Western,0,1986,2,-,1947,1955,NL,1
6f6f00a6,NL,2,NL,NL,0,Western,1,1963,2,1,1932,1934,NL,1
6f732594,NL,2,NL,NL,0,Western,2,1954,2,1,1930,1917,NL,1
6f828829,NL,2,NL,NL,0,Western,1,1962,2,1,1931,1942,NL,1
6f848a94,NL,2,NL,France,1,Western,1,1981,2,1,1945,1958,NL,1
6f885634,NL,1,NL,NL,0,Western,1,1994,2,1,1973,1958,NL,1
6f947eb6,NL,2,NL,France,1,Western,2,1986,2,1,1959,1947,NL,1
6f947f74,NL,2,NL,NL,0,Western,1,1981,2,1,1950,1959,NL,1
6f9776d4,NL,2,NL,Egypt,1,Western,1,1954,2,1,1923,1915,NL,1
6f9a1e20,NL,1,NL,France,1,Western,2,1983,2,1,1950,1960,NL,1
6fa2859a,NL,2,NL,NL,0,Western,1,1989,2,1,1952,1962,NL,1
6fad4f81,France,2,NL,France,1,Western,1,1965,2,1,1930,1930,France,0
6fb5293f,NL,1,NL,NL,0,Western,1,1996,2,1,1964,1962,NL,1
6fb76841,France,1,NL,NL,0,Western,1,1959,2,1,1920,1932,France,0
6fbb4676,NL,1,NL,NL,0,Western,2,1985,2,1,1948,1949,NL,1
6fd46889,NL,1,US,NL,1,Western,1,1988,2,2,1949,1953,NL,1
6fd7a20b,NL,1,France,NL,1,Western,0,1983,2,1,1949,1945,NL,1
6fd7f6c0,NL,2,NL,NL,0,Western,0,1960,2,1,1933,1934,NL,1
6fe9f3dc,NL,1,NL,NL,0,Western,0,1998,2,1,1966,1969,NL,1
6fef2dfb,Egypt,2,NL,NL,0,Non-Western,2,1963,2,1,1933,1926,Egypt,0
6ffb58a9,NL,1,France,NL,1,Western,1,1996,2,1,1966,1967,NL,1
6ffcabc5,NL,2,NL,NL,0,Western,1,1997,2,1,1962,1973,NL,1
70090938,NL,2,France,US,2,Western,1,1993,2,1,1962,1956,NL,1
700d18af,NL,1,NL,NL,0,Western,2,1959,2,1,1930,1932,NL,1
700e6d69,NL,2,NL,NL,0,Western,2,1984,2,1,1951,1963,NL,1
7012f9ec,NL,2,NL,NL,0,Western,1,1950,2,1,1921,1930,NL,1
70151238,NL,1,NL,NL,0,Western,1,1999,2,1,1977,1963,NL,1
701ec6fc,NL,2,NL,France,1,Western,-,1985,2,1,1952,1947,NL,1
7027286b,NL,2,France,NL,1,Western,1,1999,2,1,1970,1967,NL,1
7029e388,NL,2,NL,NL,0,Western,1,1955,2,1,1930,1923,NL,1
702f3cd4,NL,1,France,NL,1,Western,2,1967,2,1,1942,1935,NL,1
70312db5,NL,2,NL,NL,0,Western,2,1988,2,1,1956,1954,NL,1
703584dd,France,2,NL,NL,0,Western,0,1953,2,1,1926,1923,France,0
7037db2c,NL,1,NL,NL,0,Western,1,1987,2,1,1965,1948,NL,1
7041c677,NL,2,NL,NL,0,Western,2,1999,2,1,1968,1966,NL,1
7054b8ea,France,1,NL,France,1,Western,2,1960,2,1,1937,1931,France,0
705cb30b,NL,1,NL,NL,0,Western,1,1994,2,1,1974,1972,NL,1
705e4eb7,NL,2,NL,France,1,Western,2,1988,2,1,1960,1954,NL,1
706c85fa,NL,1,NL,France,1,Western,2,1991,2,1,1952,1970,NL,1
707025cb,NL,1,NL,NL,0,Western,0,1968,2,1,1930,1944,NL,1
707acb68,NL,1,NL,NL,0,Western,0,1967,2,1,1931,1940,NL,1
707ae382,France,2,NL,NL,0,Western,0,1956,2,1,1931,1928,France,0
707c1661,NL,2,France,France,2,Western,2,1989,2,1,1965,1961,NL,1
707cdd02,NL,1,NL,France,1,Western,0,1968,2,1,1930,1937,NL,1
708ff6d2,NL,2,France,NL,1,Western,0,1997,2,1,1962,1972,NL,1
709518bc,NL,1,France,NL,1,Western,1,1987,2,1,1961,1964,NL,1
70967b3f,NL,1,NL,NL,0,Western,1,1989,2,1,1955,1950,NL,1
7096e9f8,NL,1,France,NL,1,Western,1,1969,2,1,1944,1948,NL,1
7097f764,NL,1,NL,NL,0,Western,0,1992,2,1,1958,1958,NL,1
709865f8,NL,2,NL,NL,0,Western,0,1959,2,1,1933,1924,NL,1
70a0d446,Egypt,1,NL,NL,0,Non-Western,2,1960,2,1,1925,1940,Egypt,0
70a256f7,NL,2,NL,NL,0,Western,2,1982,2,1,1960,1959,NL,1
70a52adf,NL,1,NL,NL,0,Western,0,1991,2,1,1955,1957,NL,1
70a66e11,NL,1,NL,NL,0,Western,1,1998,1,1,1975,1964,NL,1
70a78670,NL,1,NL,NL,0,Western,2,1970,2,1,1946,1933,NL,1
70c2f14d,NL,1,NL,NL,0,Western,1,1966,2,1,1943,1933,NL,1
70c702b5,NL,1,NL,NL,0,Western,0,1954,2,1,1930,1933,NL,1
70cc9180,France,2,NL,France,1,Western,1,1981,2,-,1942,1948,France,0
70d0cf57,NL,1,NL,France,1,Western,2,1992,2,1,1960,1965,NL,1
70d6989d,NL,1,NL,US,1,Western,1,1981,2,1,1952,1953,NL,1
70ea87b0,NL,1,NL,France,1,Western,1,1990,2,1,1952,1967,NL,1
70f16f17,NL,2,NL,NL,0,Western,2,1981,2,1,1955,1960,NL,1
70f40381,NL,2,Egypt,NL,1,Western,2,1970,2,1,1940,1944,NL,1
70f5fc47,NL,1,France,France,2,Western,2,1962,2,1,1928,1925,NL,1
70f7d63b,France,1,NL,NL,0,Western,0,1970,2,1,1943,1950,France,0
70fbc67c,France,1,NL,NL,0,Western,2,1957,2,1,1919,1918,France,0
70fda431,NL,2,Egypt,NL,1,Western,0,1992,2,1,1972,1957,NL,1
7103d80c,NL,1,France,NL,1,Western,1,1992,2,1,1971,1966,NL,1
710ae8b3,US,1,France,NL,1,Western,0,1983,2,1,1958,1954,US,0
7110c239,NL,1,NL,NL,0,Western,1,1998,2,1,1971,1968,NL,1
71166900,NL,2,NL,NL,0,Western,2,1993,2,1,1957,1968,NL,1
7117020f,NL,2,NL,NL,0,Western,0,1955,2,1,1920,1930,NL,1
711cef73,France,2,NL,NL,0,Western,2,1980,2,1,1945,1949,France,0
7124be34,NL,2,NL,NL,0,Western,0,1967,2,1,1934,1929,NL,1
71295a92,NL,2,NL,NL,0,Western,1,1992,2,1,1968,1966,NL,1
71299b1b,NL,2,France,NL,1,Western,0,1986,2,1,1954,1954,NL,1
7136f843,NL,2,France,France,2,Western,0,1966,2,1,1931,1938,NL,1
713a6d1a,NL,1,NL,NL,0,Western,1,1955,2,1,1926,1925,NL,1
713b1284,NL,1,France,NL,1,Western,2,1999,2,1,1964,1962,NL,1
714c41a0,NL,1,NL,France,1,Western,1,1990,2,1,1970,1953,NL,1
7150360c,NL,1,Egypt,NL,1,Western,0,1980,2,1,1957,1955,NL,1
7156ee53,NL,1,France,NL,1,Western,1,1951,2,1,1925,1918,NL,1
715a0352,NL,1,France,NL,1,Western,2,1992,2,-,1958,1966,NL,1
716490e8,France,1,NL,NL,0,Western,1,1954,2,1,1926,1925,France,0
71653e3b,NL,1,NL,France,1,Western,2,1992,2,1,1964,1972,NL,1
716626d9,NL,2,NL,NL,0,Western,2,1966,2,1,1927,1934,NL,1
716ddec8,NL,2,France,NL,1,Western,2,1993,2,1,1965,1973,NL,1
7174883e,France,1,France,France,2,Western,2,1988,2,1,1968,1965,France,0
7174e7c3,NL,1,NL,NL,0,Western,1,1988,2,1,1951,1960,NL,1
717bae75,NL,2,NL,NL,0,Western,2,1983,2,1,1960,1960,NL,1
717f37c5,France,2,NL,NL,0,Western,1,1959,2,1,1929,1922,France,0
71902fc3,Egypt,1,NL,NL,0,Non-Western,2,1984,2,1,1957,1964,Egypt,0
7190c5d3,NL,1,France,NL,1,Western,1,1952,2,1,1917,1919,NL,1
7191d0f3,NL,2,France,Egypt,2,Western,2,1965,2,1,1935,1933,NL,1
719e8241,NL,2,NL,France,1,Western,1,1950,2,1,1919,1912,NL,1
71a05d76,France,2,France,NL,1,Western,2,1981,2,1,1952,1949,France,0
71a35cdf,NL,2,NL,NL,0,Western,1,1954,2,1,1918,1927,NL,1
71a75db0,NL,2,NL,US,1,Western,1,1999,2,1,1965,1978,NL,1
71ad947c,NL,-,NL,NL,0,Western,2,1957,2,1,1922,1925,NL,1
71af92bd,NL,1,France,NL,1,Western,1,1961,2,1,1936,1931,NL,1
71b67a82,NL,2,NL,NL,0,Western,1,1951,2,1,1914,1913,NL,1
71ba03d1,NL,1,France,NL,1,Western,0,1990,2,1,1970,1962,NL,1
71baca06,NL,1,France,NL,1,Western,1,1963,2,1,1928,1939,NL,1
71ca32ac,NL,1,NL,NL,0,Western,2,1960,2,1,1937,1930,NL,1
71cacd49,France,1,NL,NL,0,Western,0,1990,2,1,1954,1951,France,0
71cdf0cd,NL,1,NL,NL,0,Western,1,1998,2,1,1965,1975,NL,1
71d36ba0,France,1,France,NL,1,Western,0,1959,2,1,1929,1923,France,0
71d57005,France,1,France,NL,1,Western,1,1980,2,1,1958,1956,France,0
71d870f2,US,2,NL,France,1,Western,1,1968,2,1,1939,1946,US,0
71e69b0b,NL,1,NL,NL,0,Western,2,1957,2,1,1927,1922,NL,1
71e8d425,NL,1,NL,US,1,Western,1,1956,2,1,1921,1925,NL,1
71ecb9f4,NL,1,NL,NL,0,Western,1,1982,2,1,1945,1958,NL,1
71f212ae,NL,2,NL,NL,0,Western,1,1991,2,1,1953,1954,NL,1
71f64e80,NL,1,NL,NL,0,Western,2,1987,2,1,1962,1948,NL,1
720c1547,NL,1,US,US,2,Western,2,1966,2,1,1940,1930,NL,1
72138495,NL,2,France,NL,1,Western,2,1987,2,1,1965,1958,NL,1
7221492e,NL,1,France,NL,1,Western,2,1983,2,1,1958,1947,NL,1
72292d5c,US,2,NL,NL,0,Western,0,1952,2,1,1920,1915,US,0
722aed22,NL,1,US,France,2,Western,1,1995,2,1,1957,1964,NL,1
722d709b,France,2,NL,NL,0,Western,1,1969,2,1,1930,1949,France,0
72366a46,NL,1,NL,US,1,Western,0,1993,2,1,1969,1971,NL,1
723ae65f,NL,2,NL,NL,0,Western,0,1994,2,1,1966,1966,NL,1
723c340b,NL,1,NL,NL,0,Western,1,1987,2,1,1952,1955,NL,1
72432ebd,NL,1,NL,NL,0,Western,0,1983,2,1,1952,1946,NL,1
7249d6df,NL,1,NL,NL,0,Western,2,1991,2,1,1952,1952,NL,1
724c555f,NL,1,NL,NL,0,Western,1,1958,2,1,1934,1937,NL,1
725aad8f,NL,2,NL,NL,0,Western,2,1991,2,1,1968,1967,NL,1
7261b7a2,France,1,NL,NL,0,Western,2,1958,2,1,1932,1930,France,0
7262a7fc,NL,2,NL,NL,0,Western,0,1988,2,1,1949,1956,NL,1
72690b0e,NL,-,NL,NL,0,Western,0,1997,2,1,1968,1976,NL,1
726f6d52,NL,2,NL,NL,0,Western,0,1963,2,1,1936,1941,NL,1
727382b6,NL,1,NL,NL,0,Western,1,1983,1,1,1945,1961,NL,1
727b7ba0,NL,1,NL,NL,0,Western,0,1997,2,1,1962,1969,NL,1
7285e855,NL,1,NL,France,1,Western,2,1993,2,1,1969,1972,NL,1
7288a55a,NL,2,NL,NL,0,Western,0,1992,2,1,1971,1971,NL,1
728972e5,NL,2,NL,NL,0,Western,1,1980,2,1,1955,1952,NL,1
728c0b8e,NL,-,NL,NL,0,Western,2,1992,2,1,1963,1966,NL,1
728fb7e1,NL,1,NL,NL,0,Western,1,1985,2,1,1952,1951,NL,1
729234fb,France,2,NL,NL,0,Western,1,1980,2,1,1955,1956,France,0
729959b3,NL,2,NL,France,1,Western,1,1965,2,1,1930,1936,NL,1
729a91b8,NL,1,NL,NL,0,Western,2,1992,2,1,1960,1964,NL,1
729c56c4,NL,1,NL,NL,0,Western,2,1958,2,1,1921,1919,NL,1
729dc28c,NL,2,NL,France,1,Western,0,1983,-,1,1945,1955,NL,1
72a17aa7,NL,2,US,NL,1,Western,2,1957,2,1,1928,1937,NL,1
72a748e7,NL,2,NL,NL,0,Western,0,1994,2,1,1972,1966,NL,1
72acb810,US,2,NL,NL,0,Western,0,1963,2,1,1936,1930,US,0
72ba23e6,NL,1,NL,NL,0,Western,1,1996,2,1,1961,1958,NL,1
72bb6c62,NL,2,NL,NL,0,Western,2,1963,2,1,1943,1937,NL,1
72c651e6,France,2,NL,NL,0,Western,2,1950,2,1,1919,1930,France,0
72c6cd11,NL,1,France,NL,1,Western,1,1996,2,-,1957,1965,NL,1
72c8f382,NL,1,US,NL,1,Western,0,1993,2,1,1961,1970,NL,1
72c8f494,NL,1,NL,NL,0,Western,1,1955,1,1,1923,1918,NL,1
72ccfbca,NL,1,NL,NL,0,Western,1,1984,2,1,1961,1951,NL,1
72d5bbec,NL,1,NL,NL,0,Western,2,1957,2,1,1918,1919,NL,1
72d7fdce,NL,1,NL,France,1,Western,1,1958,2,1,1925,1927,NL,1
72db074a,NL,1,US,NL,1,Western,0,1970,2,1,1932,1936,NL,1
72defef1,NL,1,NL,US,1,Western,1,1956,2,1,1923,1924,NL,1
72e6dd59,NL,1,Egypt,NL,1,Western,1,1955,2,1,1921,1918,NL,1
72eec56d,NL,1,NL,NL,0,Western,2,1966,2,1,1936,1945,NL,1
72f80403,NL,2,NL,US,1,Western,1,1960,2,1,1930,1935,NL,1
72fbfc24,NL,2,NL,NL,0,Western,1,1960,2,1,1927,1938,NL,1
72fe4927,NL,2,France,NL,1,Western,2,1991,2,1,1954,1959,NL,1
7302ef86,NL,1,NL,NL,0,Western,0,1960,2,1,1926,1921,NL,1
730a4ed6,NL,2,NL,NL,0,Western,0,1961,2,1,1933,1930,NL,1
730ca4c1,NL,2,Egypt,NL,1,Western,1,1987,2,1,1964,1951,NL,1
730e33ee,NL,2,NL,NL,0,Western,2,1987,2,1,1950,1956,NL,1
7310e10f,France,1,NL,NL,0,Western,0,1962,2,1,1934,1924,France,0
731427c2,NL,2,NL,NL,0,Western,0,1990,1,1,1955,1962,NL,1
73156927,NL,1,NL,NL,0,Western,-,1951,2,1,1920,1918,NL,1
7315ad5d,NL,2,NL,NL,0,Western,2,1998,2,1,1966,1974,NL,1
731a17c5,NL,2,NL,NL,0,Western,1,1980,2,1,1948,1950,NL,1
731d37e9,NL,1,NL,NL,0,Western,0,1957,2,1,1929,1924,NL,1
731fc7a2,NL,1,NL,NL,0,Western,2,1963,2,1,1938,1943,NL,1
731fd143,NL,1,NL,France,1,Western,0,1961,2,1,1925,1933,NL,1
73295372,NL,1,NL,NL,0,Western,1,1963,2,1,1942,1934,NL,1
732adbb5,NL,1,NL,NL,0,Western,0,1991,2,-,1964,1965,NL,1
732ae226,NL,2,Egypt,NL,1,Western,2,1952,2,1,1920,1917,NL,1
732d7b3d,France,2,NL,France,1,Western,2,1970,2,1,1946,1943,France,0
733c838b,NL,1,NL,NL,0,Western,1,1991,2,1,1952,1965,NL,1
73403d72,NL,1,NL,NL,0,Western,0,1967,2,1,1930,1940,NL,1
73470629,France,2,NL,NL,0,Western,0,1957,2,1,1933,1927,France,0
73488d1d,NL,2,NL,NL,0,Western,1,1968,2,1,1943,1931,NL,1
734f475f,NL,2,US,France,2,Western,1,1981,2,1,1948,1956,NL,1
735c281a,France,1,NL,NL,0,Western,2,1956,2,1,1923,1934,France,0
735ca41a,NL,2,NL,NL,0,Western,1,1958,2,1,1924,1938,NL,1
73658068,France,2,NL,NL,0,Western,1,1990,2,1,1962,1954,France,0
73759a50,NL,2,US,US,2,Western,1,1952,2,1,1920,1917,NL,1
737e66d7,NL,1,Egypt,NL,1,Western,2,1952,2,1,1924,1916,NL,1
737f700f,NL,1,NL,NL,0,Western,2,1970,2,1,1933,1933,NL,1
7382c5e3,NL,1,France,NL,1,Western,0,1962,2,1,1923,1932,NL,1
7388ff1f,France,1,NL,France,1,Western,1,1951,2,1,1917,1925,France,0
738a86b6,NL,1,NL,NL,0,Western,2,1954,2,1,1921,1932,NL,1
738ed85c,NL,2,NL,NL,0,Western,1,1990,2,1,1955,1970,NL,1
739753a1,NL,1,France,NL,1,Western,0,1988,2,1,1952,1956,NL,1
739813a6,NL,1,France,NL,1,Western,2,1983,2,1,1944,1951,NL,1
739acf91,NL,2,NL,France,1,Western,0,1963,2,1,1941,1942,NL,1
739b4ea6,NL,2,NL,NL,0,Western,1,1990,2,1,1955,1961,NL,1
739c42f1,NL,1,NL,NL,0,Western,0,1992,2,1,1970,1959,NL,1
739ce9d0,NL,1,NL,NL,0,Western,0,1955,2,1,1926,1930,NL,1
73a41448,NL,2,NL,NL,0,Western,2,1995,2,1,1957,1975,NL,1
73a691ad,NL,1,NL,NL,0,Western,0,1965,2,1,1944,1935,NL,1
73aa97d5,NL,1,NL,NL,0,Western,0,1995,2,1,1956,1974,NL,1
73b0e8b9,NL,2,NL,NL,0,Western,2,1968,2,1,1942,1947,NL,1
73b6ff16,France,2,NL,NL,0,Western,1,1961,2,1,1923,1924,France,0
73bc2aec,NL,1,NL,NL,0,Western,0,1998,2,1,1974,1973,NL,1
73bf0a77,NL,1,NL,France,1,Western,0,1986,2,1,1953,1949,NL,1
73c9ef06,NL,1,NL,NL,0,Western,1,1957,2,1,1927,1923,NL,1
73cefc66,NL,1,France,NL,1,Western,0,1951,2,1,1915,1919,NL,1
73d10d45,NL,2,NL,NL,0,Western,1,1993,2,-,1959,1966,NL,1
73d20455,France,1,NL,NL,0,Western,1,1970,2,1,1932,1931,France,0
73d5db0f,NL,1,NL,Egypt,1,Western,2,1969,2,1,1943,1939,NL,1
73e1e736,US,1,NL,NL,0,Western,2,1954,2,1,1925,1917,US,0
73e663b1,NL,2,NL,US,1,Western,2,1964,2,1,1942,1941,NL,1
73e915cf,France,1,NL,NL,0,Western,1,1962,2,1,1936,1926,France,0
73ec8024,NL,1,France,France,2,Western,2,1991,2,1,1968,1966,NL,1
73eedf14,NL,1,NL,NL,0,Western,1,1981,2,1,1949,1961,NL,1
73f94e50,France,2,NL,NL,0,Western,1,1965,2,1,1933,1932,France,0
73ff82be,NL,1,NL,US,1,Western,1,1969,2,1,1940,1933,NL,1
73ffd100,NL,1,NL,NL,0,Western,2,1953,2,1,1928,1915,NL,1
7419b861,NL,2,NL,NL,0,Western,0,1991,2,1,1954,1960,NL,1
741f096f,NL,1,NL,NL,0,Western,0,1963,2,1,1930,1933,NL,1
7427e23d,France,2,NL,France,1,Western,0,1962,2,1,1933,1930,France,0
742d2ebc,NL,2,NL,NL,0,Western,2,1991,2,1,1970,1960,NL,1
743a454b,NL,1,NL,NL,0,Western,1,1988,2,1,1967,1961,NL,1
74436677,NL,2,NL,NL,0,Western,1,1989,2,1,1965,1960,NL,1
74580dc3,NL,2,US,NL,1,Western,2,1969,2,1,1932,1947,NL,1
74595b56,NL,1,NL,France,1,Western,2,1955,2,1,1920,1916,NL,1
745af263,France,2,France,NL,1,Western,1,1986,2,1,1958,1964,France,0
74656a0a,NL,1,NL,NL,0,Western,1,1961,2,1,1927,1932,NL,1
7465f227,NL,2,NL,France,1,Western,2,1984,2,1,1953,1949,NL,1
746eb6a5,NL,2,NL,NL,0,Western,0,1961,2,1,1933,1937,NL,1
7470982d,NL,1,NL,NL,0,Western,1,1993,2,1,1966,1959,NL,1
74713c04,NL,2,NL,NL,0,Western,0,1965,2,1,1927,1939,NL,1
7475caf1,France,1,NL,NL,0,Western,1,1986,2,1,1960,1953,France,0
747b6ceb,NL,2,US,NL,1,Western,2,1960,2,1,1932,1925,NL,1
74816b81,NL,2,NL,NL,0,Western,2,1960,2,1,1933,1931,NL,1
749662f6,NL,2,NL,NL,0,Western,2,1980,2,1,1944,1952,NL,1
7498fb49,France,1,NL,NL,0,Western,0,1980,2,1,1953,1946,France,0
749b5ecf,France,1,France,NL,1,Western,0,1956,2,1,1926,1935,France,0
74afd328,NL,1,NL,NL,0,Western,0,1993,2,1,1969,1964,NL,1
74bba477,NL,1,France,NL,1,Western,2,1969,2,1,1931,1934,NL,1
74c5a36e,France,1,NL,US,1,Western,2,1988,2,1,1963,1965,France,0
74c5bd7f,NL,1,Egypt,NL,1,Western,1,1986,2,1,1950,1966,NL,1
74cbce0c,NL,2,US,NL,1,Western,0,1985,2,1,1949,1963,NL,1
74e53993,NL,-,France,NL,1,Western,2,1987,2,1,1959,1965,NL,1
74e9ac7c,NL,2,NL,NL,0,Western,2,1997,2,1,1960,1964,NL,1
74f162f5,NL,2,NL,NL,0,Western,0,1986,2,1,1963,1947,NL,1
74f686db,NL,1,NL,NL,0,Western,0,1982,2,1,1950,1956,NL,1
74fd142e,NL,2,NL,NL,0,Western,-,1993,2,1,1968,1965,NL,1
7503f0a9,NL,1,NL,France,1,Western,2,1996,2,1,1970,1958,NL,1
7508f48f,NL,1,NL,NL,0,Western,1,1953,2,1,1920,1931,NL,1
750cd8c3,NL,2,NL,NL,0,Western,-,1968,2,1,1938,1943,NL,1
751ec719,NL,1,NL,NL,0,Western,1,1998,2,1,1970,1967,NL,1
752240d8,NL,1,NL,NL,0,Western,2,1993,2,1,1957,1957,NL,1
75328326,NL,2,NL,NL,0,Western,0,1989,2,1,1966,1962,NL,1
7536e67e,NL,2,NL,NL,0,Western,1,1983,2,1,1963,1946,NL,1
7537a5fa,NL,2,NL,NL,0,Western,2,1989,2,1,1952,1957,NL,1
75390589,France,-,NL,NL,0,Western,1,1963,2,1,1925,1940,France,0
75408d1f,NL,1,France,NL,1,Western,1,1961,2,1,1939,1940,NL,1
75417136,NL,1,France,NL,1,Western,1,1980,2,1,1945,1956,NL,1
7541ab50,NL,2,NL,France,1,Western,1,1955,2,1,1918,1926,NL,1
7548124b,NL,2,NL,NL,0,Western,0,1956,2,1,1925,1922,NL,1
75489f47,NL,1,NL,France,1,Western,1,1991,2,1,1957,1963,NL,1
754b0a2c,NL,1,NL,NL,0,Western,0,1982,2,1,1962,1957,NL,1
754b32f1,NL,2,NL,NL,0,Western,1,1952,2,1,1919,1915,NL,1
7551a2e7,NL,2,NL,NL,0,Western,2,1965,1,1,1933,1928,NL,1
755352e6,NL,2,NL,NL,0,Western,1,1993,2,1,1966,1968,NL,1
7553b983,NL,1,NL,France,1,Western,2,1950,2,1,1913,1926,NL,1
755818ae,NL,1,France,NL,1,Western,1,1990,2,1,1956,1967,NL,1
755a5a35,NL,1,NL,NL,0,Western,2,1957,2,1,1922,1930,NL,1
7562eb9b,NL,2,NL,NL,0,Western,0,1994,2,1,1971,1962,NL,1
75643eea,NL,2,NL,France,1,Western,1,1983,2,2,1957,1946,NL,1
756d2467,NL,2,France,France,2,Western,0,1954,1,1,1920,1915,NL,1
756d71f2,NL,1,NL,NL,0,Western,1,1969,2,1,1938,1930,NL,1
756d959a,NL,1,NL,NL,0,Western,2,1958,2,1,1935,1922,NL,1
756e072c,NL,1,France,NL,1,Western,2,1982,2,1,1962,1956,NL,1
7576ea46,NL,1,NL,Egypt,1,Western,0,1981,2,1,1960,1953,NL,1
7577de1e,NL,2,NL,NL,0,Western,1,1999,2,1,1967,1960,NL,1
757b562e,NL,1,France,NL,1,Western,1,1951,2,1,1920,1930,NL,1
757d565f,France,2,NL,NL,0,Western,2,1959,2,1,1927,1927,France,0
758f4f90,NL,2,NL,NL,0,Western,2,1965,2,1,1943,1945,NL,1
758ffdde,NL,1,NL,NL,0,Western,1,1954,2,1,1923,1916,NL,1
759267cf,NL,1,NL,France,1,Western,1,1991,2,1,1952,1969,NL,1
75a1af04,France,1,NL,NL,0,Western,2,1959,2,1,1926,1939,France,0
75ae1fdd,NL,1,NL,NL,0,Western,2,1999,2,1,1961,1972,NL,1
75ae5857,NL,1,NL,France,1,Western,1,1967,2,1,1947,1929,NL,1
75ae6dfe,NL,2,NL,NL,0,Western,1,1991,2,1,1956,1958,NL,1
75b211e2,NL,2,NL,NL,0,Western,1,1998,2,1,1978,1962,NL,1
75b87dbf,NL,2,NL,NL,0,Western,1,1955,2,1,1928,1917,NL,1
75bc68ad,NL,1,NL,US,1,Western,1,1952,2,1,1918,1932,NL,1
75bc733e,NL,2,US,NL,1,Western,0,1952,2,1,1931,1923,NL,1
75bf09c8,NL,1,NL,NL,0,Western,0,1989,2,-,1959,1960,NL,1
75bfb4f6,NL,1,NL,NL,0,Western,0,1970,2,1,1934,1935,NL,1
75c2051d,France,1,NL,NL,0,Western,2,1954,2,1,1928,1916,France,0
75c7f18c,NL,2,NL,France,1,Western,1,1950,2,1,1927,1924,NL,1
75dde008,France,1,NL,NL,0,Western,1,1986,2,1,1965,1951,France,0
75de5ba1,NL,2,NL,France,1,Western,0,1980,2,1,1953,1953,NL,1
75e1b6cb,NL,1,NL,NL,0,Western,2,1991,2,1,1964,1967,NL,1
75e9f752,NL,2,NL,NL,0,Western,1,1955,2,1,1917,1918,NL,1
75f03d4c,NL,2,Egypt,NL,1,Western,2,1964,2,1,1928,1940,NL,1
76015236,NL,1,NL,NL,0,Western,2,1989,2,1,1959,1956,NL,1
760b2509,NL,2,NL,France,1,Western,1,1953,2,1,1931,1929,NL,1
760f36f4,NL,2,NL,NL,0,Western,0,1982,2,1,1944,1953,NL,1
76152d7f,NL,2,NL,France,1,Western,0,1986,2,1,1962,1954,NL,1
761ae253,France,1,NL,NL,0,Western,1,1956,2,1,1931,1925,France,0
76216420,NL,1,Egypt,NL,1,Western,2,1999,2,1,1963,1976,NL,1
76307e94,France,1,NL,NL,0,Western,1,1969,2,1,1938,1949,France,0
76319ac4,NL,1,France,NL,1,Western,0,1953,2,1,1914,1929,NL,1
763387dc,NL,2,NL,NL,0,Western,2,1956,2,2,1930,1929,NL,1
763713ac,NL,2,NL,France,1,Western,1,1997,2,1,1958,1960,NL,1
7643eb2f,NL,2,France,France,2,Western,2,1998,2,1,1960,1977,NL,1
7648378d,NL,1,France,NL,1,Western,1,1997,2,1,1958,1958,NL,1
764a3300,NL,2,US,NL,1,Western,1,1980,2,1,1948,1948,NL,1
764cea17,NL,1,NL,NL,0,Western,2,1992,2,1,1967,1966,NL,1
764db2b0,NL,1,NL,NL,0,Western,0,1983,2,1,1944,1945,NL,1
764db5d3,NL,1,France,NL,1,Western,1,1992,2,1,1969,1966,NL,1
764ef2b3,NL,1,NL,NL,0,Western,0,1964,2,1,1929,1940,NL,1
7654f986,NL,2,NL,NL,0,Western,0,1999,2,1,1961,1964,NL,1
76555943,NL,1,NL,France,1,Western,2,1998,2,1,1971,1963,NL,1
7655bacb,NL,1,France,NL,1,Western,1,1954,2,1,1920,1918,NL,1
7659353d,NL,1,NL,NL,0,Western,0,1990,2,1,1966,1952,NL,1
765a17d7,NL,1,NL,NL,0,Western,1,1953,2,1,1924,1933,NL,1
765c50c9,NL,1,NL,NL,0,Western,0,1982,2,1,1943,1956,NL,1
765e8ebb,NL,2,NL,NL,0,Western,1,1969,2,1,1949,1932,NL,1
7668f630,US,1,US,NL,1,Western,2,1982,2,1,1952,1952,US,0
766c52dc,NL,2,NL,NL,0,Western,1,1996,2,1,1960,1959,NL,1
7678fd01,France,2,NL,NL,0,Western,1,1990,2,1,1954,1970,France,0
767af941,France,1,NL,NL,0,Western,0,1981,2,1,1959,1956,France,0
767ba73d,NL,2,NL,NL,0,Western,1,1991,2,1,1952,1965,NL,1
767cc0ad,NL,2,NL,France,1,Western,2,1997,2,1,1968,1962,NL,1
76816ae9,NL,1,NL,NL,0,Western,0,1960,2,1,1932,1938,NL,1
7689a554,NL,2,NL,Egypt,1,Western,1,1960,2,1,1927,1934,NL,1
768de0a3,NL,2,NL,NL,0,Western,0,1989,2,1,1968,1952,NL,1
76a53177,NL,2,NL,NL,0,Western,2,1951,2,1,1922,1930,NL,1
76b2e70b,NL,2,NL,NL,0,Western,1,1955,2,1,1929,1924,NL,1
76b4ffa8,NL,2,NL,NL,0,Western,0,1956,2,1,1929,1928,NL,1
76bc3bde,France,2,NL,NL,0,Western,1,1958,2,1,1927,1927,France,0
76cdd0ed,NL,1,NL,NL,0,Western,2,1958,2,1,1938,1938,NL,1
76d85703,NL,1,NL,France,1,Western,0,1993,2,1,1969,1964,NL,1
76e75ec0,France,1,NL,NL,0,Western,0,1988,2,1,1959,1962,France,0
76e94fac,NL,1,NL,France,1,Western,2,1963,2,1,1935,1937,NL,1
76eb543e,NL,1,NL,NL,0,Western,2,1985,2,1,1954,1956,NL,1
76eb8dca,NL,2,NL,US,1,Western,2,1963,2,1,1927,1937,NL,1
76f069f1,NL,1,NL,NL,0,Western,1,1960,1,1,1922,1929,NL,1
76f57584,France,2,France,NL,1,Western,0,1961,2,1,1933,1928,France,0
76f5d852,NL,2,NL,NL,0,Western,0,1986,2,1,1963,1957,NL,1
76f70eee,NL,2,NL,NL,0,Western,0,1960,2,1,1923,1936,NL,1
76fbbf28,France,2,NL,France,1,Western,0,1956,2,1,1929,1921,France,0
76fc449d,NL,1,NL,NL,0,Western,0,1955,2,1,1924,1919,NL,1
77001456,NL,2,NL,NL,0,Western,1,1951,2,1,1929,1928,NL,1
772341f2,NL,1,NL,NL,0,Western,1,1954,2,1,1932,1931,NL,1
772470d5,NL,2,NL,NL,0,Western,2,1992,2,1,1955,1964,NL,1
772cf996,NL,2,NL,NL,0,Western,0,1993,2,1,1970,1957,NL,1
77332f93,NL,2,NL,NL,0,Western,1,1956,2,1,1925,1931,NL,1
7734dae8,NL,1,NL,NL,0,Western,1,1995,2,1,1971,1961,NL,1
7737cd9d,NL,2,NL,France,1,Western,0,1952,2,1,1922,1928,NL,1
773cfbe5,NL,2,France,NL,1,Western,2,1990,2,1,1951,1953,NL,1
7742275c,NL,2,NL,NL,0,Western,1,1990,2,1,1961,1969,NL,1
7746ac9a,NL,2,NL,NL,0,Western,0,1967,-,1,1943,1932,NL,1
7748a4f8,NL,1,NL,NL,0,Western,2,1993,2,1,1961,1955,NL,1
774a9af2,NL,1,NL,NL,0,Western,1,1998,2,1,1973,1975,NL,1
77515b57,NL,2,France,NL,1,Western,2,1962,2,1,1928,1923,NL,1
7752b04c,NL,2,France,NL,1,Western,0,1954,2,1,1928,1931,NL,1
7757d037,NL,1,NL,NL,0,Western,0,1969,2,1,1936,1943,NL,1
7759e69c,NL,2,Egypt,NL,1,Western,2,1965,2,1,1943,1942,NL,1
775b8f42,NL,2,NL,NL,0,Western,0,1984,2,1,1948,1956,NL,1
7760014a,NL,1,NL,NL,0,Western,0,1950,2,1,1915,1930,NL,1
7762fcec,NL,1,NL,NL,0,Western,0,1982,2,1,1951,1959,NL,1
77651a51,NL,1,NL,NL,0,Western,1,1986,2,1,1963,1966,NL,1
77677b2e,NL,1,NL,NL,0,Western,1,1991,2,1,1967,1969,NL,1
776b2041,France,1,NL,NL,0,Western,1,1958,2,1,1937,1927,France,0
7778d70d,NL,2,NL,France,1,Western,1,1950,2,1,1915,1914,NL,1
777ceab0,NL,1,NL,NL,0,Western,2,1969,2,1,1938,1942,NL,1
77892b4d,NL,-,NL,NL,0,Western,0,1956,2,1,1926,1926,NL,1
778b9242,NL,1,NL,France,1,Western,0,1981,2,1,1953,1955,NL,1
77924ecd,NL,1,NL,NL,0,Western,2,1969,2,1,1947,1942,NL,1
779771da,NL,2,France,NL,1,Western,0,1982,2,1,1952,1960,NL,1
7797919d,NL,1,NL,NL,0,Western,2,1961,2,1,1922,1924,NL,1
779ee0a5,NL,2,NL,NL,0,Western,1,1981,2,1,1942,1961,NL,1
77a490e9,NL,2,NL,NL,0,Western,0,1955,2,1,1927,1932,NL,1
77a811e9,NL,1,NL,NL,0,Western,2,1952,2,1,1924,1925,NL,1
77b93ebd,NL,2,US,NL,1,Western,0,1992,2,1,1956,1969,NL,1
77bc2b19,NL,1,NL,France,1,Western,0,1983,2,1,1955,1948,NL,1
77bcb7f9,NL,2,NL,NL,0,Western,0,1962,2,1,1926,1929,NL,1
77c10dfb,NL,2,NL,NL,0,Western,1,1988,2,1,1957,1962,NL,1
77c3f9a8,France,2,France,NL,1,Western,1,1988,2,1,1955,1957,France,0
77c4662b,NL,2,NL,NL,0,Western,1,1960,2,1,1937,1926,NL,1
77cf4d1c,NL,1,NL,NL,0,Western,1,1986,2,1,1955,1964,NL,1
77d19f74,NL,1,NL,NL,0,Western,1,1965,2,1,1935,1944,NL,1
77d37966,France,2,France,NL,1,Western,2,1968,2,1,1932,1930,France,0
77dad95e,NL,1,France,NL,1,Western,2,1966,2,1,1930,1940,NL,1
77dc84b7,France,1,France,NL,1,Western,0,1966,2,1,1945,1930,France,0
77dd27ae,NL,1,NL,NL,0,Western,2,1989,2,1,1966,1951,NL,1
77e4e814,NL,1,NL,NL,0,Western,0,1968,2,1,1941,1943,NL,1
77e6046b,NL,1,France,NL,1,Western,0,1961,2,1,1933,1930,NL,1
77e949bf,NL,1,NL,NL,0,Western,2,1951,2,1,1928,1915,NL,1
77f35a2c,NL,2,NL,NL,0,Western,1,1988,2,1,1952,1957,NL,1
77f6cd89,NL,2,NL,NL,0,Western,1,1983,2,1,1956,1947,NL,1
77fdb7e6,NL,2,NL,NL,0,Western,2,1967,2,1,1937,1946,NL,1
77fe98c0,NL,-,NL,NL,0,Western,1,1964,2,1,1940,1939,NL,1
780571a0,NL,1,NL,NL,0,Western,1,1955,2,1,1935,1925,NL,1
780c2c10,France,1,NL,France,1,Western,1,1952,2,1,1922,1914,France,0
7810f6f2,NL,1,NL,NL,0,Western,0,1967,2,1,1928,1940,NL,1
781383ac,US,1,NL,NL,0,Western,2,1963,2,1,1927,1927,US,0
78176e3b,NL,2,NL,NL,0,Western,2,1955,2,1,1933,1925,NL,1
7824165a,NL,1,Egypt,NL,1,Western,0,1968,2,1,1941,1943,NL,1
7826a25b,NL,1,NL,NL,0,Western,1,1980,2,1,1955,1948,NL,1
782bdf1c,NL,1,France,NL,1,Western,1,1964,2,1,1925,1935,NL,1
782c3b21,NL,2,NL,NL,0,Western,1,1954,2,1,1918,1916,NL,1
7837f195,France,1,NL,NL,0,Western,2,1963,2,1,1932,1940,France,0
783b4ee9,NL,1,NL,NL,0,Western,1,1950,-,1,1925,1913,NL,1
783f78da,NL,1,NL,NL,0,Western,1,1954,2,1,1927,1916,NL,1
7842a23a,France,1,France,NL,1,Western,2,1965,2,1,1940,1941,France,0
78430a44,NL,2,NL,NL,0,Western,2,1955,2,1,1926,1917,NL,1
78437941,NL,2,NL,NL,0,Western,1,1956,2,1,1932,1925,NL,1
78438ffc,France,1,NL,NL,0,Western,0,1966,2,1,1938,1932,France,0
784979c0,NL,2,NL,France,1,Western,1,1951,2,1,1915,1921,NL,1
784bddaa,France,1,NL,NL,0,Western,0,1959,2,1,1923,1925,France,0
784ccf44,NL,1,NL,France,1,Western,2,1990,2,1,1970,1960,NL,1
7852aa7d,NL,1,NL,NL,0,Western,0,1957,2,1,1934,1928,NL,1
785a2a68,NL,2,NL,NL,0,Western,2,1950,2,1,1919,1922,NL,1
785e6a8f,NL,2,NL,NL,0,Western,2,1968,2,1,1937,1935,NL,1
785ea1fc,Egypt,1,NL,NL,0,Non-Western,1,1962,2,1,1932,1938,Egypt,0
7861423a,France,2,NL,NL,0,Western,2,1983,2,1,1949,1952,France,0
78619b08,NL,1,NL,NL,0,Western,2,1991,2,1,1959,1952,NL,1
786228f1,NL,1,Egypt,NL,1,Western,0,1958,2,1,1925,1932,NL,1
7865dfb8,NL,1,France,France,2,Western,2,1963,2,1,1943,1930,NL,1
786e4154,NL,1,NL,NL,0,Western,2,1961,2,1,1929,1935,NL,1
78717d4c,NL,2,NL,France,1,Western,2,1990,2,1,1967,1951,NL,1
787f26ff,NL,1,NL,NL,0,Western,0,1983,2,1,1946,1947,NL,1
788b2d80,NL,1,NL,NL,0,Western,2,1951,2,1,1916,1917,NL,1
78905567,NL,2,NL,NL,0,Western,2,1998,2,1,1963,1975,NL,1
789c5831,France,2,NL,NL,0,Western,1,1959,2,1,1938,1923,France,0
789ff1bc,NL,2,NL,NL,0,Western,1,1996,2,1,1959,1970,NL,1
78a33903,NL,1,NL,NL,0,Western,0,1984,2,1,1958,1953,NL,1
78a4c87a,NL,1,US,NL,1,Western,1,1992,2,1,1954,1968,NL,1
78a53588,NL,2,NL,NL,0,Western,1,1985,2,1,1954,1947,NL,1
78a7c4bb,NL,2,France,NL,1,Western,0,1985,2,1,1963,1948,NL,1
78aaca3a,Egypt,2,France,NL,1,Non-Western,0,1952,2,1,1920,1932,Egypt,0
78ab0869,Egypt,2,NL,France,1,Non-Western,2,1951,2,1,1917,1928,Egypt,0
78ad1e93,NL,2,US,NL,1,Western,2,1988,2,1,1955,1967,NL,1
78afa8d3,NL,1,NL,NL,0,Western,2,1959,2,1,1936,1925,NL,1
78b104b4,NL,1,NL,NL,0,Western,1,1992,2,1,1958,1958,NL,1
78b45c3c,NL,1,NL,NL,0,Western,0,1988,2,1,1962,1955,NL,1
78b7a329,NL,1,France,NL,1,Western,0,1984,2,1,1950,1961,NL,1
78c21eb4,NL,1,NL,NL,0,Western,0,1970,2,1,1944,1935,NL,1
78c65f6f,France,1,NL,NL,0,Western,1,1985,2,1,1961,1956,France,0
78d22ac9,NL,1,NL,NL,0,Western,0,1970,2,1,1942,1935,NL,1
78d29c08,NL,1,NL,France,1,Western,1,1981,2,1,1945,1944,NL,1
78d6e1f9,NL,2,NL,NL,0,Western,1,1988,2,1,1952,1960,NL,1
78d7ea78,NL,1,France,France,2,Western,1,1957,2,1,1935,1920,NL,1
78d9a496,NL,1,NL,NL,0,Western,1,1990,2,1,1953,1953,NL,1
78dc6fb2,NL,1,France,NL,1,Western,2,1968,2,1,1934,1946,NL,1
78e4409c,NL,2,US,NL,1,Western,1,1967,2,1,1941,1928,NL,1
78e64287,NL,1,NL,NL,0,Western,1,1969,2,1,1931,1937,NL,1
78f4e426,NL,2,France,NL,1,Western,0,1983,2,1,1961,1950,NL,1
78faee21,NL,1,France,NL,1,Western,2,1988,2,1,1968,1964,NL,1
78ff9d9c,France,1,NL,France,1,Western,0,1988,2,1,1964,1962,France,0
79048d09,France,1,NL,NL,0,Western,1,1959,2,1,1920,1929,France,0
790a111e,NL,1,NL,NL,0,Western,2,1953,2,1,1931,1931,NL,1
790b9fb9,NL,2,NL,NL,0,Western,0,1989,2,1,1967,1969,NL,1
790bed25,NL,2,NL,France,1,Western,1,1991,2,1,1960,1961,NL,1
7912b39e,France,1,NL,NL,0,Western,2,1957,2,1,1934,1937,France,0
7915390e,NL,2,Egypt,NL,1,Western,1,1952,2,1,1914,1915,NL,1
791890be,NL,2,France,NL,1,Western,2,1964,2,1,1936,1933,NL,1
791ca14f,NL,2,NL,France,1,Western,0,1988,2,1,1953,1963,NL,1
793177d3,NL,1,NL,Egypt,1,Western,1,1987,2,1,1960,1953,NL,1
7937090d,NL,1,NL,Egypt,1,Western,1,1987,2,1,1955,1963,NL,1
79380eb2,France,1,NL,NL,0,Western,2,1963,2,1,1927,1939,France,0
793cb236,NL,1,NL,NL,0,Western,0,1959,2,1,1922,1929,NL,1
793d017a,NL,1,France,NL,1,Western,1,1958,2,1,1933,1920,NL,1
795bf0b4,NL,2,US,NL,1,Western,2,1969,-,1,1930,1949,NL,1
795e550f,NL,2,NL,NL,0,Western,2,1968,2,1,1941,1946,NL,1
7968a865,France,2,NL,NL,0,Western,2,1986,2,1,1961,1956,France,0
79748343,NL,2,NL,NL,0,Western,2,1991,2,1,1969,1958,NL,1
79830c43,NL,1,NL,France,1,Western,1,1955,2,1,1934,1922,NL,1
7991df90,NL,2,NL,NL,0,Western,0,1988,2,1,1967,1968,NL,1
79a2613f,France,2,NL,NL,0,Western,1,1970,2,1,1946,1938,France,0
79a7a8e5,NL,1,NL,NL,0,Western,2,1999,2,1,1965,1961,NL,1
79aa96b6,NL,2,NL,NL,0,Western,2,1991,2,1,1968,1959,NL,1
79ab956c,NL,2,NL,NL,0,Western,2,1952,2,1,1914,1928,NL,1
79af1160,NL,2,NL,NL,0,Western,1,1952,2,-,1916,1925,NL,1
79ba31c1,NL,1,NL,NL,0,Western,2,1959,2,1,1924,1920,NL,1
79bb1fe5,NL,2,France,NL,1,Western,2,1954,2,1,1930,1928,NL,1
79c5ffa7,US,1,NL,NL,0,Western,2,1959,2,1,1923,1937,US,0
79c6e070,NL,2,NL,France,1,Western,2,1993,2,1,1965,1960,NL,1
79c81234,NL,2,NL,NL,0,Western,2,1980,2,1,1949,1943,NL,1
79d0b1f8,NL,1,US,NL,1,Western,2,1994,2,1,1970,1973,NL,1
79d4a5ab,NL,2,NL,NL,0,Western,0,1950,2,1,1913,1922,NL,1
79d723f5,France,2,NL,France,1,Western,0,1985,2,1,1960,1965,France,0
79da7834,France,1,NL,France,1,Western,2,1983,2,1,1948,1960,France,0
79dad76f,NL,2,NL,NL,0,Western,1,1956,2,1,1926,1929,NL,1
79db3682,NL,2,France,France,2,Western,1,1990,2,1,1968,1964,NL,1
79df3ab7,NL,2,NL,France,1,Western,2,1984,2,1,1958,1946,NL,1
79e61bc3,NL,2,NL,NL,0,Western,0,1951,2,1,1931,1919,NL,1
79e8fbed,NL,1,NL,NL,0,Western,2,1995,2,1,1957,1958,NL,1
79eaaa05,NL,1,NL,NL,0,Western,0,1993,2,1,1968,1956,NL,1
79eab3a5,NL,1,NL,NL,0,Western,1,1955,2,1,1921,1916,NL,1
79f3cc71,NL,2,NL,NL,0,Western,0,1968,1,1,1945,1934,NL,1
79f48c62,NL,1,NL,NL,0,Western,2,1960,2,1,1936,1925,NL,1
79f4bbb2,NL,1,NL,NL,0,Western,1,1952,2,1,1914,1922,NL,1
79f6fd05,France,2,NL,NL,0,Western,0,1951,2,1,1920,1929,France,0
79f8196d,NL,1,NL,NL,0,Western,2,1989,-,1,1952,1955,NL,1
7a03b632,Egypt,1,France,NL,1,Non-Western,1,1989,2,1,1963,1956,Egypt,0
7a04d8ce,NL,2,NL,NL,0,Western,0,1992,2,1,1966,1972,NL,1
7a067f7f,NL,1,France,NL,1,Western,0,1992,2,1,1971,1969,NL,1
7a081331,France,2,NL,France,1,Western,0,1952,2,1,1930,1926,France,0
7a0ee801,NL,1,NL,NL,0,Western,1,1954,2,1,1934,1930,NL,1
7a137b93,NL,2,NL,France,1,Western,1,1963,2,1,1927,1927,NL,1
7a16a3d9,NL,2,NL,NL,0,Western,1,1980,2,1,1943,1952,NL,1
7a219706,NL,2,NL,NL,0,Western,1,1961,2,1,1922,1934,NL,1
7a2866a1,Egypt,2,NL,NL,0,Non-Western,1,1953,2,1,1915,1922,Egypt,0
7a28f23c,NL,2,NL,France,1,Western,1,1991,2,1,1969,1971,NL,1
7a2b85a1,NL,2,US,France,2,Western,0,1955,2,1,1931,1934,NL,1
7a2ba675,NL,2,NL,NL,0,Western,0,1991,2,1,1966,1970,NL,1
7a2d1f29,NL,2,NL,NL,0,Western,2,1953,2,1,1922,1917,NL,1
7a30fd44,NL,2,NL,France,1,Western,1,1968,2,1,1944,1945,NL,1
7a338355,NL,2,NL,NL,0,Western,1,1955,2,1,1930,1927,NL,1
7a34b698,NL,2,France,NL,1,Western,1,1969,2,1,1938,1931,NL,1
7a356131,NL,1,NL,NL,0,Western,0,1982,2,1,1956,1948,NL,1
7a390b7e,NL,1,NL,NL,0,Western,2,1967,2,1,1928,1929,NL,1
7a52316d,NL,1,NL,NL,0,Western,0,1956,2,1,1919,1918,NL,1
7a5d312e,NL,2,NL,France,1,Western,0,1954,2,1,1922,1922,NL,1
7a60fb4f,NL,1,NL,NL,0,Western,0,1982,2,1,1961,1960,NL,1
7a660cf3,NL,2,NL,NL,0,Western,1,1986,2,1,1948,1951,NL,1
7a6788a0,France,1,NL,NL,0,Western,1,1970,2,1,1941,1935,France,0
7a67e650,France,2,NL,NL,0,Western,2,1953,2,1,1924,1917,France,0
7a6f969a,NL,2,NL,NL,0,Western,0,1957,2,1,1925,1932,NL,1
7a700d87,France,2,France,NL,1,Western,1,1954,2,1,1922,1930,France,0
7a7016ad,France,1,NL,NL,0,Western,1,1987,2,1,1950,1955,France,0
7a7342ea,NL,2,NL,Egypt,1,Western,1,1963,2,1,1941,1936,NL,1
7a75b0e7,NL,1,NL,NL,0,Western,1,1993,2,1,1964,1972,NL,1
7a862e17,NL,1,France,NL,1,Western,0,1953,2,1,1915,1923,NL,1
7a89d0f8,France,2,NL,NL,0,Western,2,1950,2,1,1914,1928,France,0
7a9008f4,NL,1,US,NL,1,Western,1,1991,2,1,1963,1961,NL,1
7a903646,NL,1,NL,NL,0,Western,1,1985,2,-,1960,1963,NL,1
7a996d12,NL,1,NL,France,1,Western,0,1992,2,1,1958,1964,NL,1
7aa36add,NL,1,US,NL,1,Western,1,1990,2,1,1959,1956,NL,1
7aa5e5a3,NL,2,NL,NL,0,Western,0,1969,2,1,1938,1942,NL,1
7ab6c145,NL,-,NL,NL,0,Western,2,1995,2,1,1973,1969,NL,1
7ab7dc62,NL,2,NL,France,1,Western,0,1989,2,1,1953,1952,NL,1
7ab9a566,NL,1,NL,NL,0,Western,1,1961,2,1,1931,1940,NL,1
7abb41fe,NL,1,NL,NL,0,Western,2,1953,2,1,1931,1921,NL,1
7aca335b,NL,1,NL,NL,0,Western,0,1991,2,1,1969,1964,NL,1
7acaad02,NL,2,France,NL,1,Western,2,1963,2,1,1935,1937,NL,1
7ad0d8b3,France,2,NL,NL,0,Western,1,1950,2,1,1927,1913,France,0
7ae0fc84,NL,1,France,France,2,Western,2,1957,2,1,1928,1925,NL,1
7ae4bc00,NL,2,NL,France,1,Western,-,1988,2,1,1966,1964,NL,1
7ae506b4,NL,1,NL,Egypt,1,Western,1,1995,2,1,1970,1960,NL,1
7aef32f5,NL,2,NL,NL,0,Western,1,1993,2,1,1965,1956,NL,1
7af281c6,NL,1,NL,NL,0,Western,1,1961,2,1,1931,1930,NL,1
7af88479,NL,1,NL,NL,0,Western,1,1990,2,1,1958,1962,NL,1
7afb525e,France,1,NL,NL,0,Western,0,1970,2,1,1947,1932,France,0
7afc4bef,NL,1,US,US,2,Western,0,1991,2,1,1968,1971,NL,1
7afd1b5b,NL,2,NL,NL,0,Western,-,1951,2,1,1930,1914,NL,1
7aff1b4a,NL,1,NL,NL,0,Western,1,1984,2,1,1948,1950,NL,1
7b0122d3,NL,2,NL,NL,0,Western,0,1994,2,1,1971,1965,NL,1
7b01b81c,France,1,NL,France,1,Western,1,1986,2,1,1950,1952,France,0
7b038506,NL,1,NL,NL,0,Western,1,1999,2,1,1975,1972,NL,1
7b04687d,NL,1,France,NL,1,Western,1,1985,2,1,1956,1957,NL,1
7b07087c,NL,1,Egypt,NL,1,Western,1,1961,2,1,1938,1930,NL,1
7b0ca270,NL,1,NL,NL,0,Western,1,1989,2,1,1969,1968,NL,1
7b11a0f4,NL,1,NL,NL,0,Western,0,1997,2,1,1972,1962,NL,1
7b123abc,NL,1,NL,NL,0,Western,1,1964,2,1,1930,1935,NL,1
7b16bc88,NL,2,France,NL,1,Western,0,1965,2,1,1942,1930,NL,1
7b1d39bc,France,1,France,France,2,Western,2,1985,2,1,1958,1964,France,0
7b201af3,NL,2,NL,NL,0,Western,0,1992,2,1,1965,1959,NL,1
7b22a5c7,France,2,NL,NL,0,Western,2,1957,2,1,1924,1925,France,0
7b2429b3,NL,2,NL,NL,0,Western,2,1980,2,1,1948,1957,NL,1
7b2779c1,NL,1,NL,NL,0,Western,2,1996,2,1,1970,1957,NL,1
7b2c779e,France,2,NL,NL,0,Western,1,1982,2,1,1958,1952,France,0
7b2d6e51,France,-,France,NL,1,Western,2,1981,2,1,1942,1942,France,0
7b2e5766,NL,1,NL,NL,0,Western,1,1958,2,1,1919,1920,NL,1
7b340a7d,US,2,France,France,2,Western,0,1982,2,1,1956,1962,US,0
7b34774e,NL,1,NL,NL,0,Western,1,1954,2,1,1930,1923,NL,1
7b37417a,NL,2,Egypt,NL,1,Western,0,1951,2,1,1918,1922,NL,1
7b3cb40d,NL,2,France,France,2,Western,2,1956,2,1,1934,1923,NL,1
7b3cd9bb,NL,2,NL,NL,0,Western,0,1955,2,1,1922,1935,NL,1
7b3e5af3,NL,1,NL,NL,0,Western,0,1981,2,1,1951,1954,NL,1
7b43b7d8,NL,1,NL,NL,0,Western,0,1982,2,1,1960,1951,NL,1
7b44c0c6,NL,2,France,NL,1,Western,1,1959,2,1,1937,1928,NL,1
7b486363,NL,1,NL,NL,0,Western,1,1951,2,1,1927,1924,NL,1
7b4bd059,NL,2,NL,France,1,Western,0,1952,2,1,1923,1926,NL,1
7b514a31,France,2,NL,France,1,Western,0,1986,2,1,1953,1953,France,0
7b53b5df,France,2,NL,NL,0,Western,1,1984,2,1,1946,1962,France,0
7b57c381,NL,1,NL,France,1,Western,1,1962,2,1,1926,1931,NL,1
7b5bd544,NL,2,NL,NL,0,Western,2,1953,2,1,1920,1920,NL,1
7b60abb0,NL,1,NL,NL,0,Western,2,1981,2,1,1953,1956,NL,1
7b6afade,France,2,NL,NL,0,Western,1,1990,2,1,1960,1955,France,0
7b702df3,NL,1,NL,NL,0,Western,1,1965,2,1,1938,1936,NL,1
7b71b36d,NL,1,NL,NL,0,Western,0,1997,2,1,1960,1967,NL,1
7b7dd689,NL,1,US,NL,1,Western,0,1963,2,1,1926,1925,NL,1
7b814dfd,US,1,France,France,2,Western,0,1955,2,1,1922,1922,US,0
7b856930,NL,1,France,NL,1,Western,2,1958,2,1,1932,1927,NL,1
7b92c369,NL,1,NL,NL,0,Western,-,1963,2,1,1940,1930,NL,1
7b97aaeb,NL,1,France,NL,1,Western,2,1988,2,1,1954,1950,NL,1
7b98852c,NL,1,NL,NL,0,Western,1,1994,2,2,1956,1958,NL,1
7b988b2b,France,1,NL,France,1,Western,1,1984,2,1,1946,1949,France,0
7b990287,NL,1,NL,NL,0,Western,2,1983,2,1,1962,1959,NL,1
7b9c5651,NL,2,NL,NL,0,Western,0,1952,2,1,1932,1916,NL,1
7b9d1385,NL,1,NL,NL,0,Western,0,1953,2,2,1920,1917,NL,1
7b9e6bd4,NL,2,NL,Egypt,1,Western,1,1959,2,1,1925,1933,NL,1
7ba413d5,NL,1,NL,NL,0,Western,2,1969,2,1,1936,1937,NL,1
7bb0d381,NL,2,NL,NL,0,Western,2,1958,2,1,1927,1924,NL,1
7bb7f7c8,NL,-,NL,NL,0,Western,0,1994,2,1,1967,1967,NL,1
7bbbb243,France,1,France,NL,1,Western,2,1954,2,1,1922,1925,France,0
7bbc35c0,NL,2,NL,NL,0,Western,0,1983,2,1,1948,1961,NL,1
7bc01e92,NL,2,NL,NL,0,Western,2,1964,2,1,1937,1931,NL,1
7bc12e22,NL,1,Egypt,France,2,Western,0,1951,2,2,1917,1919,NL,1
7bcbd964,NL,2,NL,US,1,Western,0,1991,2,1,1971,1958,NL,1
7bd1dc2e,NL,2,NL,NL,0,Western,0,1981,2,1,1957,1961,NL,1
7bd3a85c,NL,1,NL,US,1,Western,0,1962,2,1,1936,1934,NL,1
7bd512f5,France,1,NL,NL,0,Western,1,1965,2,1,1934,1935,France,0
7bd58fd5,NL,2,NL,NL,0,Western,1,1964,2,1,1927,1928,NL,1
7bd9ed2b,NL,1,NL,NL,0,Western,1,1982,2,1,1961,1956,NL,1
7bdc5eab,France,2,NL,NL,0,Western,2,1953,2,1,1932,1933,France,0
7be08531,NL,1,NL,NL,0,Western,1,1984,2,1,1945,1964,NL,1
7bed35c2,NL,1,NL,NL,0,Western,1,1995,2,1,1975,1956,NL,1
7bedfced,US,1,France,NL,1,Western,2,1980,2,1,1948,1943,US,0
7bee7da3,NL,1,France,France,2,Western,1,1995,2,1,1975,1968,NL,1
7bef52bd,NL,2,NL,NL,0,Western,0,1956,2,1,1919,1932,NL,1
7bf242e2,NL,2,France,NL,1,Western,0,1951,2,1,1914,1929,NL,1
7bf44970,NL,2,US,NL,1,Western,0,1957,2,1,1927,1930,NL,1
7bfa4101,NL,1,NL,NL,0,Western,0,1966,2,1,1938,1930,NL,1
7bfb30ab,NL,2,NL,NL,0,Western,1,1981,2,1,1943,1954,NL,1
7c0915a0,NL,1,NL,France,1,Western,2,1956,2,1,1935,1918,NL,1
7c0e1e61,France,2,NL,NL,0,Western,2,1951,2,1,1928,1921,France,0
7c0f094a,NL,1,NL,NL,0,Western,0,1959,2,1,1922,1922,NL,1
7c10647b,NL,2,NL,NL,0,Western,1,1981,2,1,1946,1946,NL,1
7c15f3c3,NL,2,NL,NL,0,Western,2,1994,2,1,1961,1967,NL,1
7c245eda,NL,1,NL,France,1,Western,0,1964,2,1,1927,1943,NL,1
7c267e20,NL,2,NL,NL,0,Western,1,1981,2,1,1942,1950,NL,1
7c269e8c,NL,1,NL,NL,0,Western,0,1962,2,1,1938,1937,NL,1
7c294524,NL,1,NL,NL,0,Western,2,1983,2,1,1957,1945,NL,1
7c298758,NL,2,NL,NL,0,Western,1,1983,2,1,1944,1963,NL,1
7c335db5,NL,1,NL,NL,0,Western,0,1963,2,1,1930,1939,NL,1
7c3d4a40,NL,1,NL,NL,0,Western,1,1985,2,1,1965,1955,NL,1
7c471ba5,NL,1,France,NL,1,Western,1,1982,2,1,1957,1952,NL,1
7c50b6d2,NL,2,NL,France,1,Western,1,1981,2,1,1961,1952,NL,1
7c51d0d8,NL,2,NL,NL,0,Western,2,1992,2,1,1957,1954,NL,1
7c51e6d1,NL,1,NL,NL,0,Western,1,1956,2,1,1926,1923,NL,1
7c528e5a,NL,1,NL,NL,0,Western,2,1955,2,1,1935,1935,NL,1
7c59a9d1,France,1,NL,NL,0,Western,1,1967,2,1,1933,1943,France,0
7c5b0623,NL,1,NL,NL,0,Western,2,1990,2,1,1963,1956,NL,1
7c5c5dc5,NL,2,NL,NL,0,Western,1,1955,2,1,1918,1931,NL,1
7c641de0,NL,1,France,NL,1,Western,1,1987,2,1,1961,1955,NL,1
7c6bcc52,NL,2,NL,NL,0,Western,1,1980,2,1,1944,1952,NL,1
7c6d5e19,NL,1,France,NL,1,Western,2,1968,2,1,1938,1935,NL,1
7c757df9,NL,1,NL,NL,0,Western,1,1961,2,1,1939,1935,NL,1
7c7b9d5d,NL,2,Egypt,NL,1,Western,1,1950,2,1,1921,1913,NL,1
7c81323d,France,2,NL,NL,0,Western,1,1983,2,1,1963,1954,France,0
7c8581bc,NL,2,NL,NL,0,Western,2,1986,-,1,1965,1948,NL,1
7c85b841,NL,2,France,US,2,Western,2,1981,2,1,1948,1945,NL,1
7c86d18a,NL,1,France,NL,1,Western,1,1959,2,1,1928,1938,NL,1
7c884e13,NL,2,NL,NL,0,Western,0,1991,2,1,1966,1966,NL,1
7c97a6a9,NL,2,NL,NL,0,Western,2,1997,2,1,1968,1973,NL,1
7c9cef8f,France,1,NL,NL,0,Western,2,1952,2,1,1924,1924,France,0
7c9d97d9,NL,2,NL,NL,0,Western,0,1983,2,1,1952,1957,NL,1
7c9e87e6,NL,1,NL,NL,0,Western,1,1954,2,1,1929,1919,NL,1
7c9ffa6c,NL,2,France,France,2,Western,2,1983,2,1,1953,1945,NL,1
7ca1bc6a,NL,2,France,NL,1,Western,1,1959,2,1,1929,1923,NL,1
7caa1c93,NL,2,NL,NL,0,Western,2,1952,2,1,1924,1920,NL,1
7caa9192,NL,1,NL,NL,0,Western,1,1987,2,1,1948,1962,NL,1
7caf77e5,NL,2,NL,NL,0,Western,1,1995,2,1,1957,1959,NL,1
7cb35711,NL,1,NL,NL,0,Western,2,1951,2,1,1917,1917,NL,1
7cb4b25c,US,1,NL,NL,0,Western,0,1965,2,1,1943,1929,US,0
7cb4fe06,NL,2,NL,NL,0,Western,0,1987,2,1,1967,1956,NL,1
7cb5c492,NL,1,Egypt,NL,1,Western,1,1957,2,1,1930,1929,NL,1
7cc0f86c,NL,1,France,NL,1,Western,2,1989,-,1,1969,1958,NL,1
7cc4c4ed,NL,1,France,NL,1,Western,2,1958,2,1,1919,1925,NL,1
7ccb0962,US,1,NL,NL,0,Western,2,1988,2,1,1968,1957,US,0
7cd7a00e,NL,2,France,NL,1,Western,1,1958,2,1,1933,1924,NL,1
7cd7b3a2,NL,2,NL,NL,0,Western,1,1966,2,1,1934,1943,NL,1
7cda3dad,France,2,NL,France,1,Western,2,1950,2,1,1930,1926,France,0
7cdbefd3,France,2,NL,NL,0,Western,2,1966,2,1,1935,1928,France,0
7ce84869,NL,2,NL,NL,0,Western,0,1998,2,1,1976,1962,NL,1
7cf0b637,NL,1,NL,France,1,Western,1,1991,2,1,1970,1970,NL,1
7cf11ea5,US,2,NL,France,1,Western,1,1965,2,1,1933,1926,US,0
7cf5f487,NL,1,NL,NL,0,Western,0,1993,2,1,1960,1971,NL,1
7d090533,NL,2,NL,NL,0,Western,1,1987,2,1,1961,1952,NL,1
7d103925,NL,1,NL,France,1,Western,0,1968,2,1,1937,1938,NL,1
7d15ec2f,France,1,NL,US,1,Western,0,1966,2,1,1935,1940,France,0
7d1a9678,NL,2,NL,NL,0,Western,1,1990,2,1,1963,1964,NL,1
7d1e7314,NL,1,NL,NL,0,Western,0,1960,2,1,1924,1936,NL,1
7d1fe3b4,US,2,NL,NL,0,Western,2,1956,2,1,1932,1927,US,0
7d26c125,NL,1,NL,NL,0,Western,2,1962,2,1,1934,1942,NL,1
7d354a9b,NL,1,NL,NL,0,Western,1,1999,2,1,1961,1969,NL,1
7d4a61c5,NL,2,NL,NL,0,Western,1,1955,2,1,1923,1918,NL,1
7d5fad2b,NL,1,NL,NL,0,Western,2,1991,2,1,1962,1960,NL,1
7d7173f9,NL,2,NL,France,1,Western,0,1954,2,-,1929,1922,NL,1
7d71f664,NL,1,NL,NL,0,Western,0,1963,2,1,1931,1934,NL,1
7d785763,NL,1,NL,NL,0,Western,0,1986,2,1,1954,1948,NL,1
7d7b64c6,France,1,NL,NL,0,Western,2,1968,2,1,1935,1947,France,0
7d8b6ac8,France,1,NL,US,1,Western,1,1968,2,1,1930,1946,France,0
7d8fdc65,NL,1,France,NL,1,Western,1,1950,2,1,1925,1916,NL,1
7d941500,NL,1,NL,NL,0,Western,2,1986,2,1,1950,1947,NL,1
7d9536dd,NL,1,NL,NL,0,Western,1,1995,2,1,1972,1974,NL,1
7d96691a,France,1,NL,Egypt,1,Western,0,1980,2,1,1956,1958,France,0
7da18f42,NL,2,NL,NL,0,Western,2,1992,2,1,1957,1962,NL,1
7da9b511,NL,1,NL,NL,0,Western,0,1950,2,1,1916,1919,NL,1
7daa548b,NL,2,NL,NL,0,Western,0,1987,2,1,1952,1954,NL,1
7dbf7b07,NL,2,NL,US,1,Western,1,1963,2,1,1924,1938,NL,1
7dc470f1,NL,2,NL,NL,0,Western,1,1953,2,1,1921,1931,NL,1
7ddbc673,NL,2,NL,NL,0,Western,1,1952,2,1,1919,1924,NL,1
7de190d9,NL,2,NL,NL,0,Western,2,1965,2,1,1933,1931,NL,1
7de65a05,NL,2,NL,NL,0,Western,2,1956,2,1,1926,1934,NL,1
7de805e0,NL,2,NL,NL,0,Western,2,1969,2,1,1932,1931,NL,1
7decf444,NL,2,France,NL,1,Western,0,1959,2,1,1923,1930,NL,1
7df37758,NL,1,NL,NL,0,Western,1,1999,2,1,1979,1977,NL,1
7df65795,NL,1,NL,France,1,Western,0,1965,1,1,1939,1940,NL,1
7df79987,France,2,NL,NL,0,Western,0,1951,2,1,1913,1916,France,0
7dfaa34c,France,-,NL,France,1,Western,0,1961,2,1,1923,1929,France,0
7e088d3b,NL,2,NL,France,1,Western,1,1983,2,1,1963,1947,NL,1
7e0a74fb,NL,2,NL,NL,0,Western,0,1995,2,1,1970,1960,NL,1
7e0ad372,NL,1,France,NL,1,Western,2,1955,2,1,1925,1920,NL,1
7e10e44f,NL,1,France,NL,1,Western,2,1984,2,1,1961,1947,NL,1
7e11a938,France,2,NL,NL,0,Western,1,1988,2,1,1966,1968,France,0
7e1a4cb2,NL,1,NL,NL,0,Western,0,1969,2,1,1941,1932,NL,1
7e1e6bb8,NL,2,NL,NL,0,Western,1,1988,2,1,1949,1966,NL,1
7e1eade6,NL,2,NL,NL,0,Western,1,1970,2,1,1935,1945,NL,1
7e241f53,NL,2,NL,NL,0,Western,0,1958,2,1,1934,1932,NL,1
7e3df519,NL,2,US,US,2,Western,2,1996,2,1,1972,1971,NL,1
7e4325b9,NL,2,NL,NL,0,Western,2,1984,2,1,1955,1954,NL,1
7e4479bf,NL,2,NL,NL,0,Western,1,1955,2,1,1927,1934,NL,1
7e44f092,France,2,NL,NL,0,Western,1,1970,2,1,1939,1938,France,0
7e4d0807,NL,2,NL,NL,0,Western,2,1958,2,1,1926,1930,NL,1
7e4eec00,Egypt,1,NL,NL,0,Non-Western,1,1980,2,1,1951,1950,Egypt,0
7e541cf5,NL,2,NL,NL,0,Western,0,1991,2,1,1963,1960,NL,1
7e55e61b,NL,2,NL,France,1,Western,1,1965,2,1,1930,1938,NL,1
7e592025,NL,2,US,France,2,Western,0,1985,2,1,1946,1948,NL,1
7e5e15a7,NL,2,NL,NL,0,Western,1,1955,2,1,1918,1926,NL,1
7e63c81f,France,1,NL,NL,0,Western,1,1954,2,1,1917,1923,France,0
7e662757,NL,1,France,NL,1,Western,1,1953,2,1,1929,1914,NL,1
7e67b092,NL,2,NL,NL,0,Western,1,1998,2,1,1960,1960,NL,1
7e6f0091,NL,1,NL,NL,0,Western,2,1951,2,1,1918,1917,NL,1
7e709b0b,Egypt,1,NL,France,1,Non-Western,2,1988,2,1,1957,1963,Egypt,0
7e7197cd,NL,-,NL,NL,0,Western,2,1999,2,1,1965,1965,NL,1
7e7302a6,NL,1,NL,NL,0,Western,1,1961,2,1,1929,1923,NL,1
7e7c15db,NL,2,NL,NL,0,Western,2,1952,2,1,1914,1929,NL,1
7e7d5c2c,NL,1,NL,NL,0,Western,0,1992,2,1,1972,1961,NL,1
7e7ee9d1,NL,1,NL,France,1,Western,2,1951,2,-,1920,1930,NL,1
7e8aeb09,France,1,NL,NL,0,Western,0,1987,2,1,1958,1957,France,0
7e9101f0,NL,1,France,NL,1,Western,0,1967,2,1,1931,1946,NL,1
7e9466fe,France,2,France,NL,1,Western,0,1963,2,1,1929,1940,France,0
7e9d4bfa,NL,1,NL,NL,0,Western,2,1982,2,1,1944,1957,NL,1
7eae02bd,NL,2,NL,NL,0,Western,2,1966,2,1,1934,1937,NL,1
7eaf929d,NL,1,NL,NL,0,Western,1,1990,2,1,1969,1969,NL,1
7eb7b1c5,France,1,NL,NL,0,Western,2,1967,2,1,1938,1946,France,0
7eba08eb,US,1,NL,NL,0,Western,1,1968,2,1,1938,1943,US,0
7ebbb9ef,NL,2,NL,NL,0,Western,0,1962,2,1,1938,1933,NL,1
7ebbf4bc,NL,1,NL,NL,0,Western,2,1950,2,1,1926,1926,NL,1
7ebd9ab1,NL,1,NL,France,1,Western,1,1951,2,1,1913,1922,NL,1
7ec2460c,NL,1,NL,NL,0,Western,1,1958,2,1,1923,1930,NL,1
7eca1fe7,NL,2,US,NL,1,Western,2,1993,2,1,1960,1967,NL,1
7ecb420e,France,2,NL,France,1,Western,0,1988,2,1,1965,1953,France,0
7ed4fde2,France,1,NL,NL,0,Western,0,1990,2,1,1962,1970,France,0
7ed5eac9,NL,2,NL,NL,0,Western,0,1961,2,1,1933,1925,NL,1
7ee76506,France,1,NL,France,1,Western,2,1955,2,1,1918,1918,France,0
7eea4d55,NL,2,NL,NL,0,Western,0,1996,2,1,1974,1963,NL,1
7ef6a8a4,NL,2,NL,NL,0,Western,1,1954,1,1,1927,1933,NL,1
7ef79b03,NL,1,NL,NL,0,Western,1,1964,2,1,1942,1939,NL,1
7ef97348,NL,2,NL,NL,0,Western,2,1952,2,1,1927,1931,NL,1
7f087e30,NL,1,NL,NL,0,Western,1,1984,2,1,1962,1950,NL,1
7f0b9ecc,NL,2,France,NL,1,Western,1,1967,2,1,1928,1939,NL,1
7f14d063,NL,1,NL,NL,0,Western,2,1982,2,1,1954,1948,NL,1
7f182375,NL,2,France,NL,1,Western,0,1985,2,1,1951,1950,NL,1
7f194a77,NL,2,NL,NL,0,Western,0,1965,2,1,1929,1940,NL,1
7f23b37f,NL,2,NL,NL,0,Western,2,1996,2,1,1960,1966,NL,1
7f2aaf10,NL,2,France,NL,1,Western,2,1963,2,1,1935,1931,NL,1
7f32cf14,NL,2,France,NL,1,Western,0,1984,2,1,1949,1953,NL,1
7f330dd8,NL,1,NL,France,1,Western,1,1984,2,1,1955,1964,NL,1
7f3753c0,France,2,NL,France,1,Western,0,1965,2,1,1926,1933,France,0
7f420238,France,2,NL,NL,0,Western,2,1986,2,1,1960,1947,France,0
7f43a940,NL,2,NL,NL,0,Western,0,1958,2,1,1919,1938,NL,1
7f548090,France,2,NL,NL,0,Western,1,1980,2,1,1943,1955,France,0
7f56c153,NL,1,NL,NL,0,Western,0,1992,2,1,1954,1953,NL,1
7f5fa872,NL,2,NL,NL,0,Western,2,1952,1,1,1926,1922,NL,1
7f61c9de,NL,2,NL,France,1,Western,1,1982,2,1,1951,1953,NL,1
7f6340c3,NL,1,France,NL,1,Western,1,1983,2,1,1944,1949,NL,1
7f6b1d66,France,1,NL,NL,0,Western,1,1955,2,1,1926,1920,France,0
7f712f53,NL,1,NL,Egypt,1,Western,2,1983,2,1,1959,1948,NL,1
7f7a9c53,NL,2,NL,NL,0,Western,2,1991,2,1,1957,1961,NL,1
7f7d1000,NL,2,NL,NL,0,Western,0,1960,2,1,1929,1921,NL,1
7f8a7020,NL,1,France,NL,1,Western,2,1992,2,1,1965,1961,NL,1
7f99a501,NL,2,NL,NL,0,Western,1,1959,2,1,1924,1932,NL,1
7f9a3ccb,NL,2,NL,NL,0,Western,0,1954,2,1,1915,1930,NL,1
7fa04fac,NL,1,France,NL,1,Western,2,1993,2,1,1964,1963,NL,1
7faa275e,NL,1,NL,NL,0,Western,0,1996,2,1,1966,1964,NL,1
7fab45e7,NL,1,NL,NL,0,Western,1,1961,2,1,1934,1939,NL,1
7fb10ed9,NL,2,NL,NL,0,Western,2,1998,2,1,1971,1962,NL,1
7fbec82d,NL,1,NL,NL,0,Western,2,1995,2,1,1970,1960,NL,1
7fc474f7,NL,1,NL,NL,0,Western,2,1965,2,1,1943,1938,NL,1
7fc82fb3,NL,2,NL,NL,0,Western,0,1981,2,1,1952,1950,NL,1
7fd02b8e,NL,2,NL,NL,0,Western,2,1991,2,1,1963,1970,NL,1
7fd21849,NL,1,NL,France,1,Western,2,1988,2,1,1951,1964,NL,1
7fd8fd46,NL,2,NL,NL,0,Western,1,1993,2,1,1963,1968,NL,1
7fd9aacf,France,2,NL,France,1,Western,2,1953,2,1,1915,1920,France,0
7fddeda5,France,2,France,NL,1,Western,0,1987,2,1,1949,1954,France,0
7fe06960,NL,1,NL,NL,0,Western,0,1953,2,1,1925,1922,NL,1
7fef8905,NL,2,NL,Egypt,1,Western,0,1969,2,1,1934,1946,NL,1
7ff62c52,France,1,NL,NL,0,Western,1,1965,2,1,1940,1930,France,0
7ffd28ea,NL,1,NL,NL,0,Western,1,1994,2,1,1962,1958,NL,1
8006f0ef,NL,2,NL,NL,0,Western,2,1988,2,2,1967,1954,NL,1
8007ce9f,NL,1,US,NL,1,Western,0,1953,2,1,1929,1915,NL,1
800ac978,NL,1,NL,NL,0,Western,1,1953,2,1,1929,1920,NL,1
800b3114,France,2,NL,NL,0,Western,0,1964,2,1,1941,1944,France,0
800e5cf1,France,1,NL,France,1,Western,1,1984,2,1,1950,1962,France,0
801cb0fb,US,2,NL,NL,0,Western,-,1950,2,1,1925,1912,US,0
802b9919,NL,2,NL,NL,0,Western,0,1953,2,1,1920,1919,NL,1
802fb892,NL,2,NL,NL,0,Western,1,1964,2,1,1925,1931,NL,1
8030ef75,NL,1,NL,NL,0,Western,1,1988,2,1,1959,1956,NL,1
803ba1bc,NL,2,NL,NL,0,Western,2,1993,2,-,1969,1967,NL,1
803f5e25,NL,2,NL,NL,0,Western,1,1991,2,1,1964,1970,NL,1
8042e8b8,NL,1,NL,NL,0,Western,0,1998,2,1,1971,1974,NL,1
804447d0,Egypt,2,NL,Egypt,1,Non-Western,1,1965,2,1,1932,1945,Egypt,0
804cccda,NL,1,NL,NL,0,Western,0,1981,2,1,1955,1948,NL,1
80501273,NL,1,NL,NL,0,Western,2,1963,2,1,1925,1932,NL,1
805b2b82,NL,2,NL,NL,0,Western,1,1988,2,1,1950,1955,NL,1
805b6663,NL,1,NL,NL,0,Western,2,1999,2,1,1965,1966,NL,1
80605ca6,France,2,NL,France,1,Western,1,1985,2,1,1948,1963,France,0
8061d9a2,NL,2,NL,NL,0,Western,0,1953,2,1,1929,1929,NL,1
806706e2,NL,1,NL,NL,0,Western,2,1987,2,1,1966,1963,NL,1
806b0025,NL,1,France,France,2,Western,1,1984,2,1,1962,1960,NL,1
80736eb1,NL,1,France,NL,1,Western,2,1964,2,1,1941,1936,NL,1
80791730,NL,2,NL,NL,0,Western,2,1961,2,1,1932,1930,NL,1
808068ba,NL,1,France,NL,1,Western,1,1999,2,1,1963,1966,NL,1
80884201,NL,1,US,NL,1,Western,1,1964,2,1,1927,1942,NL,1
8089b903,France,2,NL,NL,0,Western,2,1990,2,1,1957,1959,France,0
808aa2e1,NL,2,NL,France,1,Western,0,1994,2,1,1969,1967,NL,1
80912a2f,NL,2,France,NL,1,Western,1,1953,2,1,1918,1920,NL,1
809a2b2d,NL,2,NL,NL,0,Western,2,1982,2,1,1955,1957,NL,1
809c1b03,NL,1,NL,NL,0,Western,1,1985,2,1,1946,1962,NL,1
80a4376b,NL,1,NL,NL,0,Western,2,1958,2,1,1919,1934,NL,1
80a6b37b,NL,1,NL,NL,0,Western,1,1950,2,1,1925,1924,NL,1
80ab51ce,NL,2,France,NL,1,Western,2,1962,2,1,1937,1927,NL,1
80b1e5ad,NL,1,NL,NL,0,Western,1,1996,2,1,1975,1974,NL,1
80b3bb49,NL,1,NL,France,1,Western,0,1993,2,1,1971,1965,NL,1
80b893db,US,2,NL,NL,0,Western,1,1987,2,1,1956,1966,US,0
80bcc09e,France,2,NL,NL,0,Western,1,1957,2,1,1927,1937,France,0
80bcf2c3,NL,2,NL,NL,0,Western,1,1981,2,1,1948,1943,NL,1
80bf52a5,NL,2,France,NL,1,Western,1,1951,2,1,1923,1925,NL,1
80c01890,France,2,France,France,2,Western,1,1957,2,1,1934,1932,France,0
80c04884,France,1,NL,NL,0,Western,2,1961,2,1,1937,1927,France,0
80c16271,NL,1,NL,Egypt,1,Western,1,1982,2,1,1949,1947,NL,1
80c4ad6c,NL,1,NL,NL,0,Western,0,1953,2,1,1921,1918,NL,1
80dbf024,NL,2,NL,France,1,Western,2,1953,2,1,1925,1920,NL,1
80de9566,NL,2,NL,NL,0,Western,0,1982,2,1,1957,1956,NL,1
80e22745,France,2,France,NL,1,Western,0,1952,2,1,1920,1915,France,0
80ebe36f,NL,1,NL,NL,0,Western,1,1955,2,1,1926,1919,NL,1
80f08b62,NL,2,France,NL,1,Western,2,1995,2,1,1956,1970,NL,1
81013782,NL,1,NL,NL,0,Western,1,1995,2,1,1961,1968,NL,1
81057cdc,France,1,NL,NL,0,Western,1,1986,2,1,1964,1947,France,0
810814f6,NL,2,NL,NL,0,Western,1,1994,2,1,1967,1972,NL,1
81082a61,France,2,NL,NL,0,Western,0,1964,2,1,1943,1927,France,0
8108cbbf,NL,1,Egypt,NL,1,Western,1,1985,2,1,1958,1950,NL,1
810ca840,NL,1,NL,NL,0,Western,2,1952,2,1,1929,1925,NL,1
811421dc,NL,2,US,NL,1,Western,0,1980,2,1,1946,1952,NL,1
811cd6aa,NL,1,NL,NL,0,Western,0,1970,2,1,1945,1933,NL,1
811e6c30,France,1,NL,NL,0,Western,0,1988,2,1,1961,1963,France,0
812090c5,NL,2,NL,NL,0,Western,1,1960,2,1,1929,1927,NL,1
81209801,NL,1,France,France,2,Western,1,1997,2,1,1961,1975,NL,1
8126b7b9,NL,2,France,NL,1,Western,2,1962,2,1,1927,1923,NL,1
81317c3b,NL,2,NL,NL,0,Western,1,1960,2,1,1921,1921,NL,1
813ffee3,NL,1,France,NL,1,Western,2,1950,2,1,1925,1924,NL,1
815c5dfa,NL,1,NL,NL,0,Western,1,1962,2,1,1924,1933,NL,1
8164618d,NL,1,NL,NL,0,Western,1,1953,2,1,1923,1920,NL,1
816a6531,France,2,NL,France,1,Western,1,1961,2,1,1937,1933,France,0
816f4026,NL,-,NL,France,1,Western,1,1981,2,1,1956,1951,NL,1
817072f6,NL,1,NL,France,1,Western,1,1983,2,1,1952,1946,NL,1
81710a88,France,1,NL,NL,0,Western,0,1958,2,1,1936,1926,France,0
8172975f,NL,1,NL,NL,0,Western,0,1994,2,1,1973,1968,NL,1
8175e9b0,NL,1,NL,NL,0,Western,2,1983,2,1,1960,1955,NL,1
8176db9e,NL,1,US,NL,1,Western,0,1988,2,1,1958,1967,NL,1
8178c304,France,2,France,NL,1,Western,1,1952,2,1,1914,1913,France,0
817b8f93,NL,2,NL,NL,0,Western,0,1952,2,1,1928,1923,NL,1
817fe9f3,NL,2,NL,France,1,Western,2,1951,2,1,1920,1914,NL,1
81837b84,France,1,NL,NL,0,Western,1,1966,2,1,1945,1939,France,0
818464b9,NL,1,Egypt,NL,1,Western,0,1996,2,1,1965,1963,NL,1
8189182c,France,2,Egypt,France,2,Western,2,1986,2,1,1957,1962,France,0
8190f3a4,NL,2,France,NL,1,Western,1,1998,2,1,1971,1962,NL,1
8192f2ea,NL,2,NL,US,1,Western,1,1992,2,1,1967,1957,NL,1
81971433,NL,1,NL,NL,0,Western,1,1983,2,1,1946,1944,NL,1
8198e7a0,NL,1,NL,NL,0,Western,1,1960,2,1,1938,1939,NL,1
819f66af,NL,2,NL,NL,0,Western,1,1992,2,1,1967,1971,NL,1
81a3942f,NL,2,NL,NL,0,Western,2,1960,2,1,1923,1923,NL,1
81aee76c,NL,1,NL,NL,0,Western,1,1983,2,1,1950,1962,NL,1
81af85af,France,1,NL,France,1,Western,1,1951,2,1,1926,1915,France,0
81b663bd,NL,1,US,NL,1,Western,2,1995,2,1,1964,1959,NL,1
81bbbe9d,NL,1,NL,NL,0,Western,1,1998,2,1,1970,1967,NL,1
81c5aace,NL,1,NL,NL,0,Western,1,1986,2,1,1950,1962,NL,1
81c8b12d,NL,1,France,NL,1,Western,0,1951,2,1,1915,1917,NL,1
81cb568d,NL,2,France,NL,1,Western,2,1987,2,1,1954,1964,NL,1
81cc975b,NL,1,NL,NL,0,Western,1,1990,2,1,1953,1957,NL,1
81cca9af,NL,2,NL,France,1,Western,1,1963,2,1,1928,1937,NL,1
81dc57de,NL,2,NL,NL,0,Western,0,1958,2,1,1935,1936,NL,1
81e0343c,NL,2,France,France,2,Western,1,1964,2,1,1944,1934,NL,1
81e1cd4f,NL,2,US,NL,1,Western,2,1988,2,1,1964,1951,NL,1
81e645bd,NL,2,US,NL,1,Western,0,1990,2,1,1958,1965,NL,1
81f37a89,NL,1,NL,NL,0,Western,0,1987,2,1,1952,1951,NL,1
81f5d4c0,NL,1,NL,NL,0,Western,1,1955,2,1,1927,1920,NL,1
81f5e693,NL,-,France,NL,1,Western,2,1995,2,1,1965,1974,NL,1
8207a1e1,NL,2,NL,NL,0,Western,1,1985,2,1,1948,1957,NL,1
82083f48,NL,1,NL,NL,0,Western,1,1962,2,1,1924,1939,NL,1
820bfd3c,NL,2,NL,NL,0,Western,2,1987,2,1,1964,1951,NL,1
820e92a5,US,2,NL,NL,0,Western,1,1967,2,1,1946,1946,US,0
820fbea4,France,1,France,NL,1,Western,1,1980,2,1,1953,1958,France,0
821011d6,NL,2,NL,France,1,Western,0,1960,2,1,1927,1933,NL,1
821b371c,NL,1,France,NL,1,Western,2,1996,2,1,1976,1976,NL,1
822307bd,US,2,NL,NL,0,Western,1,1984,2,1,1964,1946,US,0
822ac329,NL,2,France,NL,1,Western,2,1956,2,1,1926,1934,NL,1
822c3968,US,1,NL,France,1,Western,1,1981,2,1,1946,1953,US,0
822dbc13,NL,2,NL,NL,0,Western,2,1994,1,1,1964,1971,NL,1
822f3500,NL,2,France,France,2,Western,1,1970,2,1,1931,1938,NL,1
82384a29,NL,1,NL,NL,0,Western,2,1994,2,1,1967,1970,NL,1
823b6996,NL,2,NL,NL,0,Western,1,1967,2,1,1940,1931,NL,1
8255f5f0,NL,-,NL,NL,0,Western,0,1989,2,1,1956,1965,NL,1
82597981,NL,1,NL,NL,0,Western,1,1990,2,1,1956,1964,NL,1
826459c2,NL,1,NL,NL,0,Western,0,1997,2,1,1959,1975,NL,1
8264bbc7,NL,2,NL,NL,0,Western,0,1988,2,1,1955,1962,NL,1
826bcd57,NL,2,NL,NL,0,Western,0,1969,2,1,1949,1931,NL,1
826cc29d,NL,2,NL,NL,0,Western,0,1994,2,1,1957,1960,NL,1
82731ed4,NL,1,NL,NL,0,Western,0,1996,2,1,1975,1976,NL,1
827805ca,NL,1,France,NL,1,Western,0,1986,2,1,1947,1962,NL,1
827af73b,France,1,NL,NL,0,Western,0,1955,2,1,1916,1932,France,0
827ff28a,NL,2,NL,NL,0,Western,1,1964,2,1,1938,1944,NL,1
8282a52d,NL,1,NL,France,1,Western,2,1996,2,1,1973,1975,NL,1
8286d198,NL,1,France,NL,1,Western,2,1997,2,1,1973,1958,NL,1
8287f8f5,NL,1,NL,France,1,Western,2,1964,2,1,1937,1939,NL,1
828b999f,NL,1,NL,NL,0,Western,2,1987,2,1,1966,1964,NL,1
829397d1,NL,1,NL,NL,0,Western,2,1967,2,1,1931,1940,NL,1
82af4495,NL,2,NL,NL,0,Western,1,1983,1,1,1959,1952,NL,1
82b5d565,France,2,NL,NL,0,Western,1,1951,2,1,1922,1925,France,0
82b5ec4d,NL,1,NL,NL,0,Western,2,1981,2,1,1943,1953,NL,1
82bc1173,France,2,NL,NL,0,Western,0,1967,2,1,1940,1934,France,0
82c226ac,NL,2,NL,NL,0,Western,0,1957,2,-,1921,1934,NL,1
82ce4a81,NL,1,NL,NL,0,Western,0,1995,2,1,1970,1965,NL,1
82ddc88a,NL,1,France,NL,1,Western,0,1988,2,1,1955,1961,NL,1
82e1ce7a,NL,1,France,France,2,Western,2,1989,2,1,1962,1964,NL,1
82ec2508,NL,1,NL,NL,0,Western,1,1966,2,1,1945,1929,NL,1
82ec4273,NL,1,NL,NL,0,Western,1,1965,2,1,1944,1926,NL,1
82f2f61f,NL,1,France,France,2,Western,2,1952,2,1,1917,1922,NL,1
82f998b1,NL,2,France,NL,1,Western,2,1980,2,1,1959,1946,NL,1
82ff0698,NL,2,NL,NL,0,Western,0,1994,2,1,1958,1955,NL,1
830fdcfd,NL,1,NL,NL,0,Western,2,1950,2,1,1917,1924,NL,1
831864f2,Egypt,2,NL,NL,0,Non-Western,1,1965,2,1,1945,1929,Egypt,0
83194179,NL,1,France,NL,1,Western,0,1999,2,1,1972,1974,NL,1
8320ffbf,France,1,NL,NL,0,Western,2,1980,2,1,1942,1957,France,0
83217a4d,NL,1,NL,NL,0,Western,0,1964,2,1,1943,1933,NL,1
832ca473,US,2,NL,NL,0,Western,0,1965,2,1,1934,1935,US,0
832d6142,NL,2,NL,NL,0,Western,2,1984,2,1,1954,1948,NL,1
83358eff,NL,1,France,NL,1,Western,0,1991,2,1,1964,1958,NL,1
83391f12,NL,1,NL,NL,0,Western,1,1981,2,1,1947,1949,NL,1
833a791b,NL,1,NL,France,1,Western,1,1997,2,1,1976,1974,NL,1
833d5a32,NL,2,NL,France,1,Western,0,1951,2,1,1929,1913,NL,1
8340ce06,NL,-,NL,NL,0,Western,0,1997,2,1,1965,1964,NL,1
834600f4,NL,1,France,NL,1,Western,0,1954,2,2,1919,1922,NL,1
8347b8d9,NL,1,NL,NL,0,Western,1,1961,2,1,1934,1928,NL,1
834861bd,NL,2,NL,NL,0,Western,0,1951,2,1,1926,1919,NL,1
8366dea1,US,1,NL,NL,0,Western,1,1963,2,1,1924,1939,US,0
836c1f0e,France,1,NL,NL,0,Western,2,1952,2,1,1924,1922,France,0
8379586e,NL,2,France,NL,1,Western,1,1992,2,1,1954,1970,NL,1
8379f552,NL,2,NL,NL,0,Western,0,1957,2,1,1931,1931,NL,1
8384648d,NL,2,France,NL,1,Western,0,1988,2,1,1953,1952,NL,1
8386d2a3,France,1,NL,NL,0,Western,1,1984,2,1,1964,1945,France,0
8388b003,NL,2,NL,NL,0,Western,2,1990,2,1,1968,1951,NL,1
83890645,France,1,NL,NL,0,Western,0,1985,2,1,1965,1950,France,0
83917f93,NL,2,France,NL,1,Western,2,1992,2,1,1963,1953,NL,1
83945e2b,NL,2,NL,NL,0,Western,1,1982,2,1,1959,1947,NL,1
83954e68,NL,1,NL,NL,0,Western,1,1985,2,1,1953,1946,NL,1
839b2a0a,US,2,NL,NL,0,Western,1,1986,2,1,1966,1962,US,0
839ef63d,France,1,NL,France,1,Western,0,1987,2,1,1952,1953,France,0
83a3e04e,NL,2,NL,NL,0,Western,0,1950,2,1,1929,1915,NL,1
83abbb7c,NL,1,NL,NL,0,Western,0,1956,2,1,1918,1930,NL,1
83ad450e,NL,1,France,NL,1,Western,2,1986,2,1,1963,1952,NL,1
83ad6c5b,NL,2,NL,France,1,Western,0,1961,2,1,1937,1927,NL,1
83adc6d2,NL,1,NL,NL,0,Western,0,1984,2,1,1950,1951,NL,1
83b3421e,NL,1,France,NL,1,Western,1,1998,2,1,1972,1968,NL,1
83b85b5f,France,2,NL,NL,0,Western,1,1987,2,1,1958,1951,France,0
83c6d8dc,NL,1,NL,NL,0,Western,2,1963,2,1,1927,1932,NL,1
83c8aab3,NL,1,NL,NL,0,Western,0,1985,2,1,1951,1948,NL,1
83cd46c4,US,2,NL,NL,0,Western,1,1967,2,1,1939,1934,US,0
83cf08db,NL,-,NL,NL,0,Western,2,1990,2,1,1966,1968,NL,1
83d14c4c,NL,1,France,NL,1,Western,1,1969,2,1,1939,1937,NL,1
83d9cb6a,Egypt,1,NL,NL,0,Non-Western,1,1965,2,1,1932,1942,Egypt,0
83dd7918,NL,1,NL,NL,0,Western,1,1989,2,1,1950,1957,NL,1
83e253a6,NL,2,NL,NL,0,Western,0,1959,2,1,1925,1928,NL,1
83e2d91b,NL,2,NL,NL,0,Western,1,1981,2,1,1958,1954,NL,1
83e32972,NL,2,NL,US,1,Western,2,1960,2,1,1940,1925,NL,1
83eb2c7e,NL,2,NL,NL,0,Western,1,1996,2,1,1975,1972,NL,1
84031c45,NL,2,NL,NL,0,Western,0,1991,2,1,1967,1962,NL,1
8409ecc2,NL,1,NL,NL,0,Western,1,1961,2,1,1926,1934,NL,1
840ee1f8,Egypt,1,NL,NL,0,Non-Western,1,1990,2,1,1962,1960,Egypt,0
84144376,NL,1,France,NL,1,Western,1,1985,1,1,1951,1959,NL,1
8414b038,France,1,France,NL,1,Western,2,1958,2,1,1925,1936,France,0
8419f779,NL,2,NL,NL,0,Western,1,1956,2,2,1917,1933,NL,1
841a4b10,NL,1,NL,Egypt,1,Western,2,1966,2,1,1938,1942,NL,1
841c3aa6,France,2,NL,NL,0,Western,1,1988,2,1,1966,1962,France,0
841cb0e0,NL,1,NL,NL,0,Western,1,1987,2,1,1958,1965,NL,1
8424c658,NL,2,NL,NL,0,Western,2,1969,2,1,1943,1933,NL,1
8428e12d,France,1,NL,NL,0,Western,1,1956,2,1,1930,1936,France,0
84298725,NL,2,US,NL,1,Western,1,1982,2,1,1946,1953,NL,1
8436a6f1,NL,1,NL,US,1,Western,1,1999,2,1,1977,1966,NL,1
8439e909,NL,2,NL,France,1,Western,2,1981,2,1,1959,1959,NL,1
84445350,NL,2,NL,NL,0,Western,1,1967,2,1,1941,1934,NL,1
844893f3,NL,1,NL,NL,0,Western,0,1955,2,1,1921,1926,NL,1
8448a590,NL,1,NL,NL,0,Western,1,1951,2,1,1919,1925,NL,1
844a593d,NL,1,NL,NL,0,Western,2,1996,2,1,1964,1958,NL,1
8450da31,NL,1,NL,France,1,Western,2,1983,2,1,1963,1956,NL,1
845721eb,NL,1,NL,NL,0,Western,1,1991,2,1,1971,1956,NL,1
8461759a,NL,1,France,NL,1,Western,0,1966,2,1,1935,1932,NL,1
8462b949,NL,2,NL,NL,0,Western,2,1990,-,1,1968,1951,NL,1
84630d5b,NL,1,NL,NL,0,Western,0,1951,2,1,1927,1920,NL,1
8465ce14,NL,2,NL,NL,0,Western,1,1952,2,1,1931,1927,NL,1
846a55f1,NL,1,NL,NL,0,Western,1,1950,2,1,1930,1912,NL,1
846b5aa1,NL,1,NL,NL,0,Western,1,1981,2,1,1950,1958,NL,1
846c8e10,NL,2,NL,NL,0,Western,1,1962,2,1,1939,1923,NL,1
847049d7,NL,2,NL,Egypt,1,Western,0,1980,2,1,1950,1955,NL,1
8471b3ea,NL,2,NL,NL,0,Western,1,1964,2,1,1927,1928,NL,1
8471c0b7,France,1,Egypt,France,2,Western,2,1981,2,1,1947,1947,France,0
84803d1b,France,2,NL,NL,0,Western,2,1987,2,1,1957,1958,France,0
8481796f,NL,2,NL,NL,0,Western,1,1984,2,1,1955,1961,NL,1
848609c0,NL,1,NL,NL,0,Western,0,1987,2,1,1959,1964,NL,1
848a986b,NL,1,Egypt,NL,1,Western,1,1958,2,1,1937,1920,NL,1
848ead68,NL,1,US,France,2,Western,2,1997,2,1,1973,1973,NL,1
848f56ed,NL,2,NL,NL,0,Western,0,1988,2,1,1951,1955,NL,1
8496d7e3,NL,1,NL,NL,0,Western,2,1952,2,1,1921,1919,NL,1
849c0d57,NL,1,NL,NL,0,Western,1,1983,2,1,1961,1954,NL,1
84ab4937,NL,1,France,NL,1,Western,1,1967,2,1,1946,1947,NL,1
84af4ccb,US,2,NL,Egypt,1,Western,2,1970,2,1,1939,1941,US,0
84b0a719,France,1,NL,NL,0,Western,2,1987,2,1,1954,1960,France,0
84bdbfdc,NL,1,NL,NL,0,Western,0,1956,2,1,1934,1935,NL,1
84bf1698,NL,2,NL,NL,0,Western,2,1985,2,1,1956,1952,NL,1
84c03049,NL,2,NL,NL,0,Western,2,1967,2,1,1946,1944,NL,1
84c1ac00,NL,1,NL,NL,0,Western,1,1970,2,1,1942,1940,NL,1
84c8cc68,NL,1,France,NL,1,Western,0,1994,2,1,1967,1961,NL,1
84ccca79,NL,2,NL,NL,0,Western,2,1989,2,1,1954,1967,NL,1
84cf974e,NL,1,NL,France,1,Western,2,1967,2,1,1942,1939,NL,1
84d2e348,NL,1,France,NL,1,Western,2,1989,2,1,1963,1953,NL,1
84d3ab92,NL,1,NL,NL,0,Western,1,1950,2,1,1911,1923,NL,1
84d4bf71,NL,2,France,France,2,Western,0,1995,2,1,1972,1963,NL,1
84dc34ce,NL,2,NL,NL,0,Western,2,1986,2,1,1964,1961,NL,1
84dc5385,NL,2,France,NL,1,Western,0,1955,2,1,1931,1924,NL,1
84dc6865,France,2,NL,NL,0,Western,0,1960,2,1,1936,1933,France,0
84dcf5b0,NL,2,NL,France,1,Western,1,1991,2,1,1968,1970,NL,1
84de5f05,NL,1,France,France,2,Western,1,1963,2,1,1941,1928,NL,1
84dfaac5,NL,2,NL,NL,0,Western,0,1957,2,1,1918,1932,NL,1
84e12017,NL,1,NL,NL,0,Western,2,1951,2,-,1921,1920,NL,1
84eab0c9,NL,2,NL,NL,0,Western,1,1965,2,1,1938,1927,NL,1
84ed9041,NL,-,NL,NL,0,Western,2,1981,2,1,1957,1961,NL,1
84ee7b26,NL,1,NL,NL,0,Western,1,1991,2,1,1955,1954,NL,1
84f15465,NL,2,NL,NL,0,Western,0,1960,2,1,1923,1924,NL,1
84f22e5e,NL,1,NL,France,1,Western,0,1965,2,1,1939,1939,NL,1
84fcc9e2,NL,2,NL,NL,0,Western,0,1998,2,1,1975,1967,NL,1
850122a3,NL,2,NL,France,1,Western,1,1954,2,1,1932,1917,NL,1
85036d1b,NL,1,NL,NL,0,Western,0,1982,2,1,1962,1956,NL,1
850655ac,NL,2,NL,NL,0,Western,1,1990,2,1,1958,1956,NL,1
85137977,NL,2,NL,NL,0,Western,2,1960,2,1,1939,1937,NL,1
8515e444,NL,2,NL,NL,0,Western,1,1989,2,1,1952,1956,NL,1
851add1b,NL,1,NL,NL,0,Western,2,1960,2,1,1936,1925,NL,1
85215a89,NL,2,US,NL,1,Western,1,1985,2,1,1965,1949,NL,1
8524e9a1,NL,2,NL,NL,0,Western,0,1986,2,1,1960,1954,NL,1
8526531d,NL,1,NL,NL,0,Western,2,1984,2,1,1964,1951,NL,1
8544cfb3,NL,1,France,NL,1,Western,-,1956,2,1,1921,1926,NL,1
8547f7a9,NL,2,NL,NL,0,Western,0,1958,2,1,1919,1932,NL,1
854d1eed,NL,2,France,NL,1,Western,1,1970,2,1,1931,1931,NL,1
8564486f,France,2,NL,NL,0,Western,1,1985,2,1,1965,1946,France,0
85836a88,NL,1,NL,France,1,Western,1,1982,2,1,1962,1946,NL,1
8584c678,NL,1,NL,Egypt,1,Western,1,1994,2,1,1964,1962,NL,1
858b57c7,NL,1,NL,NL,0,Western,0,1959,-,1,1924,1938,NL,1
85ac002b,NL,1,NL,NL,0,Western,1,1996,2,1,1959,1959,NL,1
85ac0c3a,NL,2,NL,NL,0,Western,0,1963,2,1,1926,1934,NL,1
85af4f50,NL,1,France,France,2,Western,0,1999,2,1,1971,1978,NL,1
85b2a968,NL,1,NL,France,1,Western,0,1984,2,1,1949,1959,NL,1
85b3afb9,NL,2,NL,NL,0,Western,1,1987,2,1,1956,1957,NL,1
85c44ec8,NL,2,NL,NL,0,Western,1,1985,2,1,1964,1947,NL,1
85c7d09f,NL,1,NL,NL,0,Western,0,1954,2,2,1917,1928,NL,1
85c7d64d,NL,1,France,NL,1,Western,1,1966,2,1,1940,1933,NL,1
85c8203f,NL,1,NL,NL,0,Western,1,1995,2,1,1970,1965,NL,1
85cc4579,France,1,NL,NL,0,Western,1,1990,2,1,1959,1965,France,0
85d358a6,NL,1,NL,NL,0,Western,2,1987,2,1,1952,1951,NL,1
85d3ec37,NL,2,NL,NL,0,Western,1,1957,2,1,1922,1926,NL,1
85e7ac76,NL,2,NL,NL,0,Western,2,1969,2,1,1936,1931,NL,1
85eed38d,NL,1,NL,NL,0,Western,0,1967,2,1,1934,1939,NL,1
85f5757f,NL,2,NL,NL,0,Western,1,1999,2,1,1976,1976,NL,1
8604e80a,NL,2,NL,Egypt,1,Western,0,1964,2,1,1935,1926,NL,1
8607ebf8,France,2,NL,NL,0,Western,2,1980,2,1,1946,1950,France,0
86156e3e,France,1,NL,France,1,Western,0,1963,2,1,1927,1940,France,0
86185a29,NL,1,NL,NL,0,Western,0,1996,2,1,1972,1963,NL,1
861d67df,NL,2,NL,France,1,Western,0,1958,2,1,1919,1930,NL,1
861df5e2,NL,1,NL,France,1,Western,1,1956,2,1,1927,1923,NL,1
861f8d31,France,2,NL,NL,0,Western,2,1980,2,1,1952,1950,France,0
86239e1f,France,2,France,NL,1,Western,0,1985,2,1,1964,1955,France,0
86278a52,NL,2,NL,France,1,Western,0,1988,2,1,1956,1960,NL,1
862a3d39,NL,1,France,France,2,Western,1,1999,2,1,1972,1963,NL,1
86350a84,NL,2,NL,NL,0,Western,0,1993,2,1,1965,1962,NL,1
8635da79,NL,1,NL,NL,0,Western,0,1982,2,1,1950,1957,NL,1
863612a4,France,1,NL,France,1,Western,1,1970,2,1,1936,1944,France,0
863711cb,NL,2,NL,NL,0,Western,2,1994,2,1,1959,1966,NL,1
8644d14f,NL,2,NL,France,1,Western,1,1955,2,1,1925,1926,NL,1
8644daab,NL,2,France,NL,1,Western,0,1955,2,1,1923,1922,NL,1
8646df84,NL,2,France,NL,1,Western,1,1989,2,1,1969,1964,NL,1
8647877a,France,1,NL,NL,0,Western,0,1953,2,1,1918,1918,France,0
8649c579,NL,2,US,NL,1,Western,0,1984,2,1,1956,1954,NL,1
8655b663,France,1,NL,NL,0,Western,2,1983,2,2,1962,1949,France,0
866350ab,NL,1,NL,NL,0,Western,2,1967,2,1,1946,1929,NL,1
866e13d9,France,2,France,NL,1,Western,0,1990,2,1,1953,1969,France,0
866e80b4,NL,1,France,NL,1,Western,0,1994,2,1,1973,1963,NL,1
8672c405,NL,1,NL,NL,0,Western,1,1989,2,1,1958,1951,NL,1
8674e4ef,NL,2,France,France,2,Western,0,1993,2,1,1971,1956,NL,1
86768eb2,NL,1,NL,France,1,Western,0,1970,2,1,1935,1944,NL,1
8685c821,NL,2,NL,NL,0,Western,2,1999,2,1,1969,1972,NL,1
868b8fdc,NL,2,NL,NL,0,Western,2,1958,2,1,1925,1921,NL,1
8699c8a1,NL,2,NL,France,1,Western,0,1989,-,1,1953,1958,NL,1
869b13ee,NL,2,NL,NL,0,Western,0,1993,2,1,1973,1963,NL,1
869cf9ad,NL,1,NL,NL,0,Western,1,1987,2,1,1954,1950,NL,1
869f32d9,NL,2,NL,NL,0,Western,1,1998,2,1,1959,1976,NL,1
86ab36b7,NL,1,NL,France,1,Western,1,1982,2,1,1953,1957,NL,1
86ac01c6,NL,2,NL,NL,0,Western,1,1986,2,1,1959,1949,NL,1
86acb4ff,NL,1,NL,NL,0,Western,1,1991,2,1,1961,1962,NL,1
86b87b35,NL,1,NL,NL,0,Western,1,1968,2,1,1946,1931,NL,1
86b9d903,France,1,NL,NL,0,Western,0,1982,2,1,1949,1962,France,0
86c5ce7a,NL,2,NL,NL,0,Western,0,1989,2,1,1961,1952,NL,1
86c73f57,NL,2,NL,NL,0,Western,2,1984,2,1,1947,1952,NL,1
86cd6749,France,2,NL,France,1,Western,0,1953,2,1,1924,1922,France,0
86d1804d,NL,2,NL,NL,0,Western,2,1982,2,1,1961,1958,NL,1
86d405d1,NL,1,France,NL,1,Western,1,1969,2,1,1945,1933,NL,1
86d86ee2,US,2,NL,NL,0,Western,1,1986,2,1,1963,1951,US,0
86e0ff1d,NL,2,NL,NL,0,Western,0,1958,2,1,1924,1919,NL,1
86e50b49,NL,2,NL,NL,0,Western,2,1981,2,1,1948,1954,NL,1
86e59458,NL,1,Egypt,France,2,Western,0,1958,2,1,1921,1921,NL,1
86ece454,NL,2,NL,NL,0,Western,1,1989,2,1,1955,1969,NL,1
86f02d5e,NL,1,France,NL,1,Western,1,1958,2,1,1926,1921,NL,1
86f95d2e,NL,1,NL,NL,0,Western,1,1960,2,1,1936,1924,NL,1
86fc110b,NL,1,France,France,2,Western,2,1984,2,1,1960,1957,NL,1
8700eab0,NL,1,NL,NL,0,Western,1,1980,2,1,1950,1944,NL,1
87033458,NL,1,NL,NL,0,Western,1,1967,2,1,1945,1929,NL,1
871823eb,NL,2,NL,NL,0,Western,1,1986,2,1,1956,1966,NL,1
871b9528,NL,2,US,NL,1,Western,1,1951,2,1,1921,1921,NL,1
8722a49b,NL,2,NL,US,1,Western,0,1969,2,1,1947,1942,NL,1
8731e084,France,1,Egypt,NL,1,Western,2,1986,2,1,1960,1956,France,0
87354724,NL,1,NL,NL,0,Western,1,1997,2,1,1966,1969,NL,1
873a0076,NL,2,US,NL,1,Western,1,1962,2,1,1932,1930,NL,1
87439dd4,NL,2,NL,NL,0,Western,1,1993,2,1,1961,1958,NL,1
8744b5a8,NL,2,NL,NL,0,Western,1,1950,2,1,1914,1922,NL,1
874a8955,NL,1,NL,NL,0,Western,1,1962,2,1,1939,1925,NL,1
874da05e,NL,1,NL,NL,0,Western,2,1988,2,1,1968,1968,NL,1
87543fed,NL,2,NL,France,1,Western,1,1990,2,1,1964,1953,NL,1
875b8961,France,1,France,NL,1,Western,0,1960,2,1,1939,1925,France,0
87724413,France,1,NL,France,1,Western,2,1951,2,1,1931,1919,France,0
8774d6ac,NL,1,NL,NL,0,Western,0,1987,2,1,1958,1957,NL,1
8775aca5,NL,1,NL,NL,0,Western,2,1966,1,1,1941,1945,NL,1
8776dfd7,France,1,NL,NL,0,Western,0,1981,2,1,1956,1945,France,0
8779aab4,NL,1,NL,NL,0,Western,1,1995,2,1,1960,1972,NL,1
8782c3f6,NL,1,NL,NL,0,Western,1,1986,2,1,1953,1962,NL,1
878ff6e1,NL,1,NL,NL,0,Western,2,1969,2,1,1942,1933,NL,1
8794eb1e,NL,2,France,NL,1,Western,0,1986,2,1,1965,1955,NL,1
879a18e4,NL,1,NL,NL,0,Western,1,1962,2,1,1932,1931,NL,1
87ab2902,NL,2,NL,France,1,Western,1,1967,2,1,1930,1944,NL,1
87b3d79e,NL,2,France,France,2,Western,2,1963,2,1,1927,1936,NL,1
87b45215,NL,1,NL,NL,0,Western,1,1981,2,1,1959,1961,NL,1
87b9e2e0,NL,1,NL,Egypt,1,Western,0,1988,2,1,1966,1952,NL,1
87be3a26,NL,1,NL,NL,0,Western,0,1966,2,1,1946,1936,NL,1
87c1098b,NL,1,NL,NL,0,Western,1,1992,2,1,1966,1972,NL,1
87c1e044,NL,2,France,NL,1,Western,1,1988,2,1,1965,1956,NL,1
87c21c87,NL,1,NL,NL,0,Western,1,1958,2,1,1921,1922,NL,1
87c6c7f8,NL,1,NL,NL,0,Western,1,1952,2,1,1925,1922,NL,1
87cb4312,NL,2,NL,NL,0,Western,0,1967,2,1,1929,1938,NL,1
87cbf646,NL,2,NL,NL,0,Western,2,1997,2,1,1966,1960,NL,1
87ccd796,NL,2,NL,NL,0,Western,1,1984,2,1,1949,1960,NL,1
87cf5ff7,NL,2,NL,US,1,Western,0,1970,2,1,1949,1938,NL,1
87d5e475,NL,1,NL,NL,0,Western,0,1987,2,1,1960,1960,NL,1
87dcb836,NL,2,NL,NL,0,Western,0,1961,2,1,1941,1938,NL,1
87e4c501,NL,2,NL,NL,0,Western,0,1959,2,1,1925,1935,NL,1
87e807ec,NL,2,NL,NL,0,Western,1,1997,2,1,1968,1968,NL,1
87ea981d,NL,1,NL,NL,0,Western,0,1993,2,1,1971,1972,NL,1
87f1511c,US,2,NL,NL,0,Western,0,1951,2,1,1912,1922,US,0
87f9ac6a,NL,1,NL,NL,0,Western,1,1996,2,1,1975,1967,NL,1
87fd3537,NL,2,NL,NL,0,Western,2,1963,2,-,1942,1937,NL,1
87fe1d76,NL,1,NL,NL,0,Western,1,1997,2,1,1965,1962,NL,1
88009ac2,NL,2,France,NL,1,Western,2,1984,2,1,1959,1951,NL,1
8816b89e,NL,1,France,NL,1,Western,2,1969,2,1,1935,1947,NL,1
882010e9,NL,1,NL,NL,0,Western,0,1969,2,1,1942,1944,NL,1
88259257,NL,2,NL,NL,0,Western,2,1965,2,1,1937,1928,NL,1
882fd0c2,NL,2,NL,NL,0,Western,1,1970,2,1,1932,1944,NL,1
88327c1f,NL,1,NL,NL,0,Western,0,1957,2,1,1936,1936,NL,1
883a2601,NL,2,France,NL,1,Western,2,1962,2,1,1927,1935,NL,1
8844a023,NL,2,NL,NL,0,Western,1,1953,2,1,1933,1931,NL,1
885e2c55,NL,2,NL,NL,0,Western,0,1993,2,1,1959,1970,NL,1
88669718,NL,1,NL,France,1,Western,0,1992,2,1,1953,1953,NL,1
886f1084,NL,1,NL,France,1,Western,1,1997,2,1,1963,1977,NL,1
8871574f,NL,1,NL,US,1,Western,0,1961,2,1,1925,1937,NL,1
887bdcda,NL,1,NL,NL,0,Western,2,1955,2,1,1932,1919,NL,1
887db166,NL,2,NL,NL,0,Western,0,1996,2,1,1971,1964,NL,1
8884c5d2,NL,1,France,NL,1,Western,0,1962,2,1,1931,1923,NL,1
88862a6f,NL,1,NL,France,1,Western,2,1997,2,1,1964,1967,NL,1
888632d6,NL,2,NL,NL,0,Western,2,1985,2,1,1964,1956,NL,1
888b2eda,NL,1,NL,France,1,Western,-,1958,2,1,1932,1937,NL,1
888d6a2d,NL,1,NL,NL,0,Western,0,1958,2,1,1921,1919,NL,1
8890da30,NL,2,NL,NL,0,Western,2,1986,2,1,1949,1956,NL,1
8891d794,NL,2,NL,NL,0,Western,0,1997,2,1,1962,1976,NL,1
889b5b1f,NL,2,NL,NL,0,Western,1,1995,2,1,1956,1963,NL,1
889d43f1,US,1,NL,NL,0,Western,0,1987,2,1,1950,1963,US,0
88a008b2,NL,2,NL,NL,0,Western,1,1954,2,1,1928,1918,NL,1
88a1c281,NL,1,NL,NL,0,Western,0,1959,2,1,1939,1930,NL,1
88a33190,NL,1,NL,France,1,Western,1,1993,-,1,1960,1964,NL,1
88a8c470,NL,1,NL,NL,0,Western,0,1950,2,1,1911,1924,NL,1
88aed005,NL,2,NL,NL,0,Western,2,1990,2,1,1969,1963,NL,1
88b41250,NL,2,NL,NL,0,Western,2,1982,2,1,1954,1944,NL,1
88b44268,NL,1,NL,NL,0,Western,0,1960,2,1,1923,1930,NL,1
88c5c7bb,NL,1,France,NL,1,Western,1,1991,2,1,1961,1967,NL,1
88d4b6a7,NL,2,France,NL,1,Western,0,1962,2,1,1927,1935,NL,1
88d80aa9,NL,2,NL,NL,0,Western,1,1991,2,1,1953,1971,NL,1
88dcf146,NL,2,NL,NL,0,Western,1,1956,2,1,1936,1917,NL,1
88e96969,NL,2,NL,NL,0,Western,1,1995,2,1,1972,1971,NL,1
88e9e098,France,1,France,NL,1,Western,0,1951,2,1,1916,1929,France,0
88ed8de4,NL,1,NL,NL,0,Western,1,1984,2,1,1950,1960,NL,1
88f0a3b7,France,1,NL,NL,0,Western,0,1987,2,1,1955,1958,France,0
88f9e78a,NL,2,NL,France,1,Western,1,1953,2,1,1915,1927,NL,1
88ff3322,NL,1,France,NL,1,Western,1,1997,2,1,1958,1963,NL,1
88ff400f,NL,2,NL,NL,0,Western,2,1989,2,1,1953,1957,NL,1
8903f903,NL,2,NL,NL,0,Western,1,1982,2,1,1962,1957,NL,1
89138af1,NL,1,NL,NL,0,Western,1,1997,2,1,1966,1963,NL,1
89174a75,NL,1,NL,NL,0,Western,1,1985,2,1,1955,1956,NL,1
8917c7a9,NL,2,NL,NL,0,Western,0,1991,2,1,1955,1958,NL,1
891a11a8,NL,2,France,NL,1,Western,1,1998,2,1,1962,1965,NL,1
89263608,NL,2,France,NL,1,Western,2,1999,2,1,1966,1970,NL,1
892acd9f,NL,2,NL,NL,0,Western,0,1952,2,1,1924,1920,NL,1
89311231,NL,1,NL,France,1,Western,1,1987,2,1,1959,1963,NL,1
8931a7ef,NL,2,NL,NL,0,Western,1,1980,2,1,1958,1948,NL,1
8943f9aa,NL,1,NL,France,1,Western,0,1992,2,1,1961,1963,NL,1
89496cee,NL,2,NL,NL,0,Western,-,1990,2,1,1967,1964,NL,1
894ee1fc,NL,2,NL,NL,0,Western,1,1953,-,1,1914,1923,NL,1
894f74e4,NL,1,NL,NL,0,Western,0,1962,2,1,1923,1926,NL,1
8954dbb9,NL,2,NL,NL,0,Western,0,1985,2,1,1956,1951,NL,1
895cfad8,NL,1,NL,NL,0,Western,1,1991,2,1,1963,1969,NL,1
895e214b,NL,2,Egypt,NL,1,Western,0,1951,2,1,1926,1926,NL,1
896c4531,NL,2,France,NL,1,Western,0,1984,2,1,1950,1949,NL,1
8977e695,NL,1,NL,NL,0,Western,1,1984,2,1,1945,1961,NL,1
8979425d,NL,2,US,NL,1,Western,1,1960,2,1,1922,1925,NL,1
897cb37b,NL,1,Egypt,NL,1,Western,2,1970,2,1,1939,1938,NL,1
897def28,NL,1,France,NL,1,Western,1,1984,2,2,1962,1957,NL,1
897dfaf5,France,1,NL,NL,0,Western,0,1964,2,1,1930,1930,France,0
8980f682,NL,2,NL,France,1,Western,0,1970,2,1,1942,1948,NL,1
8984a2ad,NL,2,France,NL,1,Western,0,1989,2,1,1967,1952,NL,1
8990650b,Egypt,2,NL,NL,0,Non-Western,2,1968,1,1,1933,1939,Egypt,0
8993da02,NL,1,NL,NL,0,Western,1,1980,2,1,1959,1956,NL,1
8998a1c8,NL,1,France,NL,1,Western,1,1985,2,1,1965,1963,NL,1
89991a92,NL,2,NL,NL,0,Western,1,1987,2,1,1966,1948,NL,1
89992769,NL,2,France,NL,1,Western,1,1966,2,1,1928,1934,NL,1
899b823d,France,2,France,NL,1,Western,1,1962,2,1,1939,1940,France,0
899d8243,Egypt,1,NL,NL,0,Non-Western,2,1965,2,1,1927,1940,Egypt,0
89a0f4c3,NL,2,Egypt,NL,1,Western,1,1952,2,1,1924,1916,NL,1
89a276ab,NL,2,NL,NL,0,Western,0,1957,2,1,1935,1927,NL,1
89a87b2d,NL,2,NL,NL,0,Western,0,1998,2,1,1960,1960,NL,1
89a8f5ac,NL,1,NL,NL,0,Western,0,1954,2,1,1928,1921,NL,1
89add467,NL,2,NL,NL,0,Western,2,1993,2,1,1970,1954,NL,1
89ae562c,NL,2,NL,France,1,Western,1,1966,2,1,1929,1934,NL,1
89b458c1,NL,1,NL,NL,0,Western,1,1989,2,1,1961,1964,NL,1
89cd8c48,France,2,NL,France,1,Western,1,1987,2,1,1960,1966,France,0
89d13969,NL,1,France,NL,1,Western,0,1988,2,1,1954,1966,NL,1
89d382d6,NL,2,NL,NL,0,Western,2,1954,2,1,1932,1925,NL,1
89d6e79e,NL,1,NL,NL,0,Western,0,1958,2,1,1932,1920,NL,1
89db9315,NL,1,NL,NL,0,Western,1,1962,2,1,1935,1929,NL,1
89dd320d,NL,1,Egypt,NL,1,Western,1,1980,2,1,1952,1960,NL,1
89ddea4b,NL,2,NL,NL,0,Western,2,1993,2,1,1964,1970,NL,1
89e1a469,NL,-,NL,Egypt,1,Western,0,1953,2,1,1914,1925,NL,1
89e44b19,NL,1,NL,France,1,Western,1,1965,2,1,1932,1939,NL,1
89f25566,NL,2,NL,NL,0,Western,2,1957,2,1,1935,1922,NL,1
89f41758,NL,2,NL,NL,0,Western,0,1983,2,1,1957,1955,NL,1
89f4d375,France,1,NL,NL,0,Western,0,1963,2,1,1936,1941,France,0
89f4f18e,NL,2,NL,NL,0,Western,1,1955,2,1,1931,1917,NL,1
89f7da2e,NL,2,NL,NL,0,Western,1,1992,2,1,1972,1953,NL,1
89f98533,NL,2,France,NL,1,Western,1,1985,2,1,1963,1954,NL,1
89fa11f8,NL,1,France,NL,1,Western,0,1967,2,1,1928,1942,NL,1
89fcfa0f,NL,2,NL,NL,0,Western,2,1958,2,1,1923,1922,NL,1
89fed06d,NL,2,NL,NL,0,Western,0,1959,2,1,1920,1937,NL,1
8a019c3c,NL,1,NL,NL,0,Western,1,1962,2,1,1929,1928,NL,1
8a0405d9,NL,1,NL,France,1,Western,1,1956,2,1,1920,1928,NL,1
8a04fb30,France,1,NL,NL,0,Western,0,1953,2,1,1915,1918,France,0
8a113605,France,2,NL,France,1,Western,1,1987,2,1,1950,1961,France,0
8a143b7b,NL,1,NL,NL,0,Western,0,1983,2,1,1954,1954,NL,1
8a16d9f8,NL,2,NL,NL,0,Western,1,1955,2,1,1935,1931,NL,1
8a1c1493,NL,1,NL,NL,0,Western,2,1985,2,1,1948,1957,NL,1
8a1c57ff,NL,2,NL,NL,0,Western,0,1957,2,1,1925,1936,NL,1
8a238698,France,2,NL,NL,0,Western,2,1969,2,1,1941,1931,France,0
8a25ae4c,NL,2,NL,NL,0,Western,0,1983,2,1,1956,1952,NL,1
8a294bf3,NL,2,France,NL,1,Western,1,1983,2,1,1961,1944,NL,1
8a3b52a3,NL,2,NL,NL,0,Western,2,1962,2,1,1926,1941,NL,1
8a4c0cef,NL,1,NL,NL,0,Western,0,1961,2,1,1930,1937,NL,1
8a4e9b1f,NL,2,NL,NL,0,Western,1,1969,2,1,1930,1946,NL,1
8a5ae32c,NL,2,NL,NL,0,Western,0,1955,-,1,1918,1930,NL,1
8a5d673b,NL,2,NL,NL,0,Western,1,1957,2,1,1932,1932,NL,1
8a6b56b3,NL,2,NL,US,1,Western,1,1995,2,1,1959,1972,NL,1
8a7d4188,NL,1,NL,NL,0,Western,2,1962,2,1,1936,1937,NL,1
8a819a1d,NL,1,US,NL,1,Western,0,1959,2,1,1937,1931,NL,1
8a94a89d,NL,2,NL,NL,0,Western,1,1966,2,1,1946,1940,NL,1
8a99c3aa,NL,1,NL,France,1,Western,1,1993,2,1,1957,1961,NL,1
8aa06caf,NL,2,NL,US,1,Western,1,1958,2,1,1925,1926,NL,1
8aaab2ef,NL,1,France,NL,1,Western,1,1953,2,1,1919,1917,NL,1
8aaee1d7,NL,2,NL,France,1,Western,2,1987,2,1,1949,1953,NL,1
8aaff1e7,NL,1,NL,NL,0,Western,0,1969,2,1,1944,1939,NL,1
8ab6ca10,NL,1,NL,NL,0,Western,1,1982,2,1,1946,1961,NL,1
8ac0bf78,NL,2,NL,NL,0,Western,1,1988,-,1,1949,1966,NL,1
8ac15a04,France,1,NL,NL,0,Western,1,1967,2,1,1933,1943,France,0
8ac3b05a,NL,1,NL,NL,0,Western,1,1953,2,1,1926,1930,NL,1
8ac92158,NL,1,NL,NL,0,Western,1,1951,2,1,1919,1926,NL,1
8aca05b7,NL,2,NL,NL,0,Western,2,1963,2,1,1926,1932,NL,1
8ad3b48d,NL,-,NL,NL,0,Western,1,1989,2,1,1951,1965,NL,1
8ae36f22,NL,2,NL,France,1,Western,1,1980,-,1,1954,1954,NL,1
8ae87b1d,NL,2,NL,NL,0,Western,0,1957,2,1,1919,1930,NL,1
8afc3b84,NL,1,NL,NL,0,Western,2,1985,2,1,1957,1953,NL,1
8afd2f98,NL,1,France,Egypt,2,Western,1,1956,2,1,1936,1935,NL,1
8afde1b1,NL,2,France,France,2,Western,1,1999,2,1,1968,1977,NL,1
8b04030d,NL,1,NL,NL,0,Western,1,1961,2,1,1925,1926,NL,1
8b09b628,NL,1,NL,France,1,Western,0,1957,2,1,1925,1934,NL,1
8b09f1ae,NL,2,NL,NL,0,Western,0,1958,2,1,1931,1922,NL,1
8b1935ab,NL,2,France,NL,1,Western,0,1983,2,1,1951,1954,NL,1
8b1fc88e,France,2,NL,France,1,Western,1,1968,2,1,1943,1941,France,0
8b225791,NL,1,France,NL,1,Western,1,1987,2,1,1949,1961,NL,1
8b2caf3d,NL,2,NL,NL,0,Western,1,1956,2,1,1932,1927,NL,1
8b3c4d3d,NL,2,NL,NL,0,Western,1,1990,2,1,1969,1960,NL,1
8b3d1454,NL,2,NL,NL,0,Western,0,1993,2,1,1973,1963,NL,1
8b5b9e7b,NL,2,NL,France,1,Western,1,1953,2,1,1914,1923,NL,1
8b6dd802,NL,1,US,NL,1,Western,2,1962,2,1,1930,1933,NL,1
8b6e966e,US,2,NL,NL,0,Western,0,1983,2,1,1957,1951,US,0
8b77c8ca,NL,2,NL,NL,0,Western,2,1958,2,1,1924,1931,NL,1
8b7a9854,NL,1,NL,NL,0,Western,2,1960,2,1,1931,1921,NL,1
8b83caca,NL,2,NL,NL,0,Western,0,1985,2,1,1964,1957,NL,1
8b929516,France,1,NL,NL,0,Western,1,1963,2,1,1938,1935,France,0
8b983717,NL,1,NL,US,1,Western,1,1995,2,1,1967,1967,NL,1
8b9998f0,NL,1,NL,NL,0,Western,2,1955,2,1,1922,1934,NL,1
8b9d1e9f,NL,2,NL,NL,0,Western,2,1988,2,1,1967,1952,NL,1
8ba04630,NL,1,NL,NL,0,Western,0,1981,2,1,1950,1953,NL,1
8ba17d5e,France,2,France,NL,1,Western,2,1955,2,1,1925,1933,France,0
8babb082,NL,2,NL,NL,0,Western,2,1956,2,1,1929,1929,NL,1
8bb20b9c,NL,1,France,NL,1,Western,1,1983,2,1,1947,1954,NL,1
8bb7665e,NL,1,NL,NL,0,Western,0,1960,2,1,1937,1923,NL,1
8bbb6b7c,NL,1,NL,France,1,Western,1,1988,2,1,1964,1963,NL,1
8bcd1a2c,NL,2,NL,NL,0,Western,0,1985,2,1,1954,1947,NL,1
8bcdf888,NL,2,France,NL,1,Western,0,1965,2,1,1931,1926,NL,1
8bd272dd,NL,2,NL,France,1,Western,1,1986,2,1,1948,1966,NL,1
8bd4dd92,France,1,France,France,2,Western,0,1966,2,1,1935,1936,France,0
8bd6b0a3,Egypt,2,NL,NL,0,Non-Western,0,1984,2,1,1964,1954,Egypt,0
8bd8df44,NL,2,NL,NL,0,Western,0,1988,2,1,1965,1965,NL,1
8bdafabe,NL,1,NL,NL,0,Western,0,1991,2,1,1970,1952,NL,1
8be36308,NL,2,NL,NL,0,Western,2,1982,2,1,1955,1961,NL,1
8be6b396,NL,1,NL,NL,0,Western,0,1961,2,1,1927,1924,NL,1
8be8ca18,NL,1,NL,NL,0,Western,2,1951,2,1,1930,1929,NL,1
8bfde201,NL,1,NL,France,1,Western,1,1989,2,1,1953,1968,NL,1
8c035c67,Egypt,2,NL,France,1,Non-Western,0,1950,2,1,1928,1918,Egypt,0
8c0a1880,NL,1,NL,NL,0,Western,2,1995,2,1,1974,1968,NL,1
8c0a83d8,NL,2,US,NL,1,Western,1,1950,2,1,1916,1917,NL,1
8c0f5d4f,France,2,NL,NL,0,Western,0,1969,2,1,1930,1942,France,0
8c105b04,NL,2,NL,NL,0,Western,2,1991,-,-,1962,1971,NL,1
8c125950,NL,1,NL,NL,0,Western,0,1992,2,1,1966,1959,NL,1
8c1396ff,NL,1,NL,NL,0,Western,2,1981,2,1,1942,1952,NL,1
8c15190f,NL,2,France,NL,1,Western,2,1959,2,1,1927,1932,NL,1
8c1cd29b,NL,2,NL,NL,0,Western,0,1984,2,1,1955,1953,NL,1
8c2087b6,NL,1,France,NL,1,Western,1,1980,2,1,1960,1945,NL,1
8c35fde0,Egypt,2,NL,NL,0,Non-Western,0,1952,2,1,1923,1932,Egypt,0
8c3729fb,NL,1,France,NL,1,Western,1,1952,2,1,1927,1913,NL,1
8c3751b3,NL,1,NL,NL,0,Western,1,1968,2,1,1945,1930,NL,1
8c4641d2,NL,1,France,France,2,Western,0,1958,2,1,1920,1931,NL,1
8c4b2bbf,Egypt,1,US,NL,1,Non-Western,2,1960,2,1,1924,1922,Egypt,0
8c4bceac,NL,2,NL,NL,0,Western,0,1989,2,1,1952,1956,NL,1
8c4ffed9,NL,1,NL,NL,0,Western,1,1980,2,1,1944,1954,NL,1
8c506e28,NL,1,NL,France,1,Western,0,1957,2,1,1919,1921,NL,1
8c59e848,France,2,NL,France,1,Western,2,1952,2,1,1929,1928,France,0
8c5bd75a,France,1,NL,France,1,Western,0,1987,2,1,1966,1966,France,0
8c5ceb98,NL,2,NL,France,1,Western,1,1987,2,1,1965,1963,NL,1
8c6071b9,NL,2,NL,NL,0,Western,1,1999,2,1,1977,1975,NL,1
8c60a7b5,NL,2,NL,NL,0,Western,1,1962,2,1,1936,1941,NL,1
8c60fd7e,NL,2,NL,NL,0,Western,1,1981,2,1,1954,1943,NL,1
8c61d042,NL,2,France,NL,1,Western,2,1997,2,1,1971,1964,NL,1
8c627c4a,NL,2,NL,France,1,Western,2,1996,2,1,1976,1959,NL,1
8c66ca38,NL,1,France,NL,1,Western,0,1954,2,1,1926,1915,NL,1
8c696db4,NL,1,US,France,2,Western,2,1966,2,1,1938,1940,NL,1
8c6bb63c,US,2,NL,NL,0,Western,2,1952,2,1,1913,1923,US,0
8c6ed1c5,France,-,NL,Egypt,1,Western,1,1953,2,1,1931,1927,France,0
8c746cb9,NL,1,NL,NL,0,Western,0,1981,2,1,1954,1951,NL,1
8c798de1,NL,1,NL,NL,0,Western,0,1999,2,1,1979,1976,NL,1
8c7f1f3d,Egypt,2,France,NL,1,Non-Western,1,1954,2,1,1923,1932,Egypt,0
8c8056d0,NL,1,France,France,2,Western,0,1984,2,1,1957,1962,NL,1
8c807b81,NL,1,France,France,2,Western,2,1982,2,1,1944,1957,NL,1
8c822e89,NL,1,NL,NL,0,Western,0,1951,2,1,1924,1915,NL,1
8c82665e,NL,1,NL,NL,0,Western,2,1993,2,1,1958,1962,NL,1
8c872db7,NL,1,NL,NL,0,Western,2,1983,2,1,1959,1951,NL,1
8c90d234,Egypt,2,NL,NL,0,Non-Western,2,1982,2,1,1960,1950,Egypt,0
8c930371,NL,1,NL,France,1,Western,2,1969,2,1,1936,1948,NL,1
8c9e4f5f,NL,2,NL,NL,0,Western,0,1951,2,1,1927,1918,NL,1
8c9f4287,NL,-,France,NL,1,Western,1,1960,2,1,1932,1926,NL,1
8ca104cb,France,2,NL,NL,0,Western,0,1980,2,1,1960,1944,France,0
8ca10866,Egypt,1,France,NL,1,Non-Western,1,1959,2,1,1922,1939,Egypt,0
8ca3338d,NL,2,NL,NL,0,Western,1,1982,2,1,1949,1957,NL,1
8ca70077,NL,1,NL,NL,0,Western,0,1957,2,1,1920,1919,NL,1
8cae396e,NL,1,NL,NL,0,Western,1,1992,2,1,1960,1966,NL,1
8caf37bb,NL,1,NL,NL,0,Western,1,1985,2,1,1950,1964,NL,1
8cafc036,NL,2,NL,France,1,Western,0,1984,2,1,1952,1947,NL,1
8cda3391,NL,2,NL,NL,0,Western,1,1983,2,1,1952,1963,NL,1
8cdf1cd0,NL,1,NL,NL,0,Western,2,1985,2,1,1963,1953,NL,1
8ce10f47,NL,1,France,NL,1,Western,0,1992,2,1,1971,1966,NL,1
8ce55944,France,-,NL,NL,0,Western,1,1964,2,1,1925,1935,France,0
8ce55f6f,France,1,France,NL,1,Western,2,1959,2,1,1928,1931,France,0
8ce7545a,NL,1,France,NL,1,Western,0,1997,1,1,1961,1976,NL,1
8cea0fac,NL,1,Egypt,NL,1,Western,-,1957,2,1,1931,1930,NL,1
8cf0474e,France,1,NL,NL,0,Western,0,1986,2,1,1958,1960,France,0
8cf635aa,NL,2,France,France,2,Western,2,1985,2,1,1947,1952,NL,1
8cfa6bd3,NL,1,NL,NL,0,Western,1,1982,2,1,1950,1960,NL,1
8d00ddad,NL,1,NL,NL,0,Western,0,1991,2,1,1956,1970,NL,1
8d082625,NL,1,NL,NL,0,Western,0,1962,2,1,1942,1932,NL,1
8d0a109f,NL,1,NL,NL,0,Western,2,1994,2,1,1971,1963,NL,1
8d0a6e86,NL,2,NL,NL,0,Western,1,1993,2,1,1972,1955,NL,1
8d107ad1,NL,1,NL,France,1,Western,1,1953,2,1,1917,1925,NL,1
8d11388a,France,2,NL,NL,0,Western,1,1957,2,1,1928,1925,France,0
8d1c668b,NL,-,France,NL,1,Western,1,1993,2,1,1959,1969,NL,1
8d26f54a,NL,2,NL,NL,0,Western,1,1995,2,1,1956,1959,NL,1
8d2a8f80,NL,1,NL,NL,0,Western,1,1959,2,1,1931,1923,NL,1
8d313086,France,2,NL,NL,0,Western,1,1967,2,1,1931,1934,France,0
8d359c49,NL,1,NL,NL,0,Western,1,1968,2,1,1943,1933,NL,1
8d369f74,France,2,NL,NL,0,Western,0,1987,2,1,1965,1949,France,0
8d41ea8e,France,1,NL,NL,0,Western,2,1957,2,1,1920,1933,France,0
8d4a48c6,NL,2,NL,NL,0,Western,2,1983,2,1,1948,1960,NL,1
8d4f62a4,NL,2,NL,NL,0,Western,0,1956,2,1,1918,1927,NL,1
8d50311b,US,2,NL,NL,0,Western,1,1969,2,1,1947,1942,US,0
8d532ea9,NL,2,NL,NL,0,Western,0,1994,2,1,1960,1974,NL,1
8d556723,NL,1,NL,NL,0,Western,1,1968,2,1,1941,1943,NL,1
8d56c3c8,NL,1,France,NL,1,Western,2,1981,2,1,1945,1949,NL,1
8d5e0216,NL,2,France,NL,1,Western,0,1955,2,1,1924,1916,NL,1
8d5ec116,NL,1,NL,NL,0,Western,2,1962,2,1,1940,1928,NL,1
8d5fe09f,NL,1,NL,NL,0,Western,1,1966,2,1,1933,1938,NL,1
8d6176a4,NL,2,NL,France,1,Western,2,1989,2,1,1961,1956,NL,1
8d675ad0,NL,2,NL,NL,0,Western,2,1982,2,1,1957,1956,NL,1
8d68da2a,France,2,NL,NL,0,Western,2,1964,2,1,1929,1942,France,0
8d75aa0a,NL,2,NL,France,1,Western,1,1961,2,1,1939,1934,NL,1
8d76f98a,France,1,NL,Egypt,1,Western,0,1953,2,1,1926,1929,France,0
8d783688,NL,1,NL,NL,0,Western,1,1952,2,1,1924,1930,NL,1
8d7913c1,NL,1,NL,US,1,Western,2,1950,2,1,1920,1911,NL,1
8d796c84,NL,1,NL,NL,0,Western,1,1965,2,1,1942,1935,NL,1
8d7e92ea,NL,2,NL,NL,0,Western,1,1994,2,1,1971,1959,NL,1
8d82c16c,NL,1,NL,NL,0,Western,2,1989,2,1,1953,1967,NL,1
8d871f34,NL,2,US,NL,1,Western,2,1997,2,1,1975,1977,NL,1
8d97a3df,NL,1,France,NL,1,Western,2,1953,2,1,1925,1928,NL,1
8d9801af,NL,1,NL,NL,0,Western,2,1999,2,1,1971,1977,NL,1
8d9a6e88,NL,2,NL,NL,0,Western,0,1960,2,1,1934,1940,NL,1
8d9c73db,France,2,US,NL,1,Western,2,1989,2,1,1954,1965,France,0
8dac496c,NL,2,France,NL,1,Western,0,1964,2,1,1933,1928,NL,1
8db18816,NL,2,NL,NL,0,Western,1,1993,2,1,1973,1962,NL,1
8dc4ec0e,France,1,NL,NL,0,Western,2,1988,2,1,1959,1958,France,0
8dcea98a,NL,2,NL,NL,0,Western,1,1999,2,1,1971,1970,NL,1
8dcefc54,NL,1,France,NL,1,Western,2,1951,2,1,1912,1915,NL,1
8dd6c2d8,US,1,NL,NL,0,Western,1,1989,2,1,1961,1969,US,0
8dde8dcc,France,2,NL,NL,0,Western,2,1959,2,1,1929,1933,France,0
8de13616,NL,1,NL,US,1,Western,0,1982,2,1,1945,1953,NL,1
8de156ca,NL,1,NL,NL,0,Western,2,1961,2,1,1933,1940,NL,1
8de49244,NL,2,France,France,2,Western,1,1989,2,1,1954,1964,NL,1
8dfa5968,NL,1,US,NL,1,Western,1,1982,2,1,1949,1952,NL,1
8dfbdf07,France,2,France,NL,1,Western,0,1983,2,1,1956,1948,France,0
8e029c46,NL,1,France,France,2,Western,1,1999,2,1,1976,1975,NL,1
8e07140c,NL,2,NL,NL,0,Western,2,1999,2,1,1969,1964,NL,1
8e085b1e,NL,2,US,NL,1,Western,0,1982,2,1,1956,1947,NL,1
8e0bdd25,NL,2,NL,NL,0,Western,2,1967,2,1,1940,1939,NL,1
8e1421fb,NL,2,NL,NL,0,Western,0,1991,2,1,1956,1962,NL,1
8e1545a0,NL,1,France,NL,1,Western,1,1968,2,1,1935,1929,NL,1
8e17f113,NL,2,France,France,2,Western,0,1969,2,1,1946,1934,NL,1
8e1d4a29,NL,2,NL,NL,0,Western,0,1982,2,1,1958,1943,NL,1
8e1ea7ba,France,1,France,NL,1,Western,1,1967,2,1,1930,1941,France,0
8e27753d,NL,2,NL,US,1,Western,1,1985,2,1,1947,1954,NL,1
8e2a224e,NL,1,NL,NL,0,Western,1,1987,2,1,1954,1948,NL,1
8e2a343d,NL,2,France,US,2,Western,1,1961,2,1,1927,1931,NL,1
8e2bbffa,NL,1,NL,France,1,Western,1,1959,2,1,1922,1926,NL,1
8e3328af,Egypt,1,France,NL,1,Non-Western,2,1962,2,1,1939,1929,Egypt,0
8e384731,NL,2,NL,France,1,Western,2,1967,2,1,1939,1946,NL,1
8e38d74f,NL,1,NL,NL,0,Western,2,1996,2,1,1976,1958,NL,1
8e3f9c47,NL,1,France,NL,1,Western,0,1956,2,-,1929,1934,NL,1
8e41a2eb,NL,2,NL,NL,0,Western,0,1969,2,1,1936,1937,NL,1
8e426773,NL,2,NL,France,1,Western,1,1980,2,1,1953,1945,NL,1
8e4e2444,NL,2,US,NL,1,Western,2,1964,2,1,1940,1928,NL,1
8e5191e8,NL,2,NL,NL,0,Western,0,1995,2,1,1958,1963,NL,1
8e53590e,NL,2,NL,NL,0,Western,1,1991,2,1,1958,1967,NL,1
8e53dc9e,NL,2,NL,NL,0,Western,1,1999,2,1,1964,1967,NL,1
8e56a780,NL,2,NL,NL,0,Western,0,1985,2,1,1948,1964,NL,1
8e5875b9,NL,2,France,NL,1,Western,0,1996,2,1,1958,1959,NL,1
8e5ddf96,NL,1,NL,NL,0,Western,1,1965,2,1,1943,1926,NL,1
8e5ed4aa,NL,1,NL,NL,0,Western,0,1950,2,1,1917,1923,NL,1
8e60e04b,NL,1,NL,US,1,Western,0,1959,2,1,1925,1937,NL,1
8e687ba6,NL,1,NL,France,1,Western,-,1957,2,1,1923,1930,NL,1
8e6943fd,NL,2,France,NL,1,Western,0,1952,2,1,1916,1914,NL,1
8e6f390f,NL,1,NL,NL,0,Western,1,1970,2,1,1945,1947,NL,1
8e6f4450,France,2,NL,NL,0,Western,1,1988,2,1,1959,1950,France,0
8e82dd79,France,2,NL,NL,0,Western,2,1980,2,1,1955,1943,France,0
8e851834,NL,2,Egypt,NL,1,Western,1,1954,2,1,1926,1918,NL,1
8e8dba16,NL,1,NL,NL,0,Western,1,1960,2,1,1925,1921,NL,1
8e9c1c1b,France,1,NL,NL,0,Western,1,1990,2,1,1970,1954,France,0
8ea2e184,NL,1,NL,NL,0,Western,1,1970,2,1,1934,1942,NL,1
8ea3715b,NL,1,NL,France,1,Western,1,1995,2,1,1972,1962,NL,1
8ea86b70,NL,2,NL,NL,0,Western,2,1988,2,1,1958,1954,NL,1
8eaabcc8,NL,2,France,NL,1,Western,1,1950,2,1,1914,1920,NL,1
8eac6506,NL,1,NL,NL,0,Western,2,1993,2,-,1968,1966,NL,1
8eb1bb97,NL,1,NL,NL,0,Western,2,1985,2,1,1965,1956,NL,1
8eb33591,NL,1,France,NL,1,Western,1,1950,2,1,1925,1929,NL,1
8eb8b852,France,1,NL,NL,0,Western,0,1968,2,1,1946,1932,France,0
8ebf5db0,NL,2,NL,NL,0,Western,1,1950,2,1,1921,1928,NL,1
8ed65b3d,NL,-,France,NL,1,Western,1,1983,2,1,1948,1945,NL,1
8eda4dd2,NL,1,NL,NL,0,Western,2,1990,2,1,1965,1964,NL,1
8edeb3d5,NL,1,NL,France,1,Western,2,1964,2,1,1940,1943,NL,1
8eefda38,France,1,NL,NL,0,Western,2,1951,2,1,1921,1927,France,0
8ef6d49a,NL,1,NL,NL,0,Western,2,1950,2,1,1925,1914,NL,1
8efa95e5,NL,2,NL,NL,0,Western,1,1981,2,1,1958,1952,NL,1
8f0bbab4,NL,1,NL,NL,0,Western,1,1986,2,1,1961,1962,NL,1
8f0d13e3,US,1,NL,NL,0,Western,1,1959,2,1,1933,1936,US,0
8f0f6e8a,NL,1,NL,France,1,Western,1,1966,2,1,1943,1939,NL,1
8f13ef9f,NL,2,NL,France,1,Western,2,1984,2,1,1964,1955,NL,1
8f14f6cf,NL,1,NL,France,1,Western,1,1991,2,1,1957,1952,NL,1
8f15a350,NL,1,NL,NL,0,Western,2,1964,1,1,1942,1940,NL,1
8f1b85e1,NL,2,NL,France,1,Western,0,1996,2,1,1963,1971,NL,1
8f1dfb60,NL,1,NL,NL,0,Western,1,1951,2,1,1930,1920,NL,1
8f1e07c8,NL,2,US,NL,1,Western,0,1994,2,1,1974,1970,NL,1
8f1e6776,NL,2,NL,NL,0,Western,0,1997,2,1,1959,1961,NL,1
8f1e6ad7,NL,1,NL,NL,0,Western,1,1954,2,1,1917,1927,NL,1
8f1eafa4,NL,1,NL,NL,0,Western,1,1993,2,1,1959,1968,NL,1
8f2676de,NL,1,France,NL,1,Western,1,1986,2,1,1958,1951,NL,1
8f2b58a0,NL,2,France,NL,1,Western,0,1965,2,1,1935,1940,NL,1
8f3187b3,France,2,NL,NL,0,Western,1,1988,2,1,1959,1964,France,0
8f3c8fbc,NL,2,NL,NL,0,Western,2,1970,2,1,1943,1932,NL,1
8f3d8a79,NL,1,NL,France,1,Western,1,1951,2,1,1923,1924,NL,1
8f44d7aa,NL,2,NL,NL,0,Western,2,1961,2,1,1931,1934,NL,1
8f455e0d,NL,1,NL,Egypt,1,Western,1,1980,2,1,1944,1949,NL,1
8f46901a,NL,2,NL,NL,0,Western,1,1996,2,1,1963,1970,NL,1
8f4d5474,NL,2,US,France,2,Western,0,1988,2,1,1968,1964,NL,1
8f522df8,NL,2,NL,France,1,Western,0,1981,2,1,1960,1947,NL,1
8f583f49,France,1,NL,NL,0,Western,1,1955,2,1,1929,1931,France,0
8f5e1bed,France,-,NL,NL,0,Western,1,1950,2,1,1916,1924,France,0
8f600dbb,NL,1,NL,NL,0,Western,2,1989,2,1,1950,1951,NL,1
8f604c3a,NL,1,NL,NL,0,Western,0,1955,2,1,1935,1933,NL,1
8f79a539,NL,1,NL,NL,0,Western,0,1965,2,1,1935,1937,NL,1
8f844d1f,NL,2,NL,France,1,Western,0,1956,2,1,1927,1926,NL,1
8f85a4c7,NL,2,NL,NL,0,Western,1,1968,2,1,1945,1939,NL,1
8f8c1143,NL,1,NL,NL,0,Western,2,1961,2,1,1927,1928,NL,1
8f8f319c,Egypt,2,NL,NL,0,Non-Western,2,1966,2,1,1932,1931,Egypt,0
8f95241a,France,-,NL,NL,0,Western,0,1967,2,1,1934,1928,France,0
8f98722b,France,1,NL,NL,0,Western,2,1989,2,1,1958,1964,France,0
8f98ae81,NL,2,NL,NL,0,Western,2,1952,1,1,1913,1919,NL,1
8f9a6e2c,NL,1,NL,NL,0,Western,0,1988,2,1,1965,1962,NL,1
8fa1b410,NL,2,NL,NL,0,Western,2,1967,2,1,1939,1943,NL,1
8fa411ea,US,1,NL,France,1,Western,1,1985,2,1,1961,1946,US,0
8fa8c212,NL,2,NL,NL,0,Western,1,1989,2,1,1969,1954,NL,1
8fada9d5,NL,2,NL,Egypt,1,Western,1,1961,2,1,1924,1923,NL,1
8faee140,NL,1,NL,NL,0,Western,0,1984,2,1,1958,1953,NL,1
8faf24c9,NL,2,NL,NL,0,Western,0,1988,2,1,1968,1965,NL,1
8fb5c90c,France,-,NL,NL,0,Western,0,1951,2,1,1918,1916,France,0
8fbb48e1,NL,1,France,NL,1,Western,1,1968,2,1,1942,1931,NL,1
8fbbcf3d,NL,2,NL,NL,0,Western,-,1991,2,1,1952,1960,NL,1
8fc080f8,France,2,NL,France,1,Western,2,1984,2,1,1952,1948,France,0
8fc18926,NL,1,NL,NL,0,Western,2,1985,2,1,1946,1959,NL,1
8fd32dd9,NL,2,NL,NL,0,Western,1,1964,2,1,1935,1939,NL,1
8ff6b2f9,NL,1,France,NL,1,Western,1,1993,2,1,1968,1959,NL,1
8ff6e239,NL,1,NL,France,1,Western,2,1994,2,1,1970,1960,NL,1
8ff709c9,NL,1,France,NL,1,Western,2,1965,2,1,1936,1927,NL,1
8ff8b237,NL,-,NL,NL,0,Western,1,1966,2,1,1944,1945,NL,1
8ffb6604,NL,2,NL,France,1,Western,2,1993,2,1,1973,1970,NL,1
900af712,NL,2,NL,NL,0,Western,1,1987,2,1,1964,1952,NL,1
900eb582,NL,2,France,NL,1,Western,1,1991,2,1,1956,1971,NL,1
9012f6ff,NL,1,France,France,2,Western,1,1981,2,1,1953,1950,NL,1
90147a53,NL,1,NL,France,1,Western,1,1982,2,1,1954,1956,NL,1
9018bb46,NL,2,France,NL,1,Western,0,1986,2,1,1953,1952,NL,1
9019d060,NL,1,NL,NL,0,Western,1,1983,-,1,1946,1947,NL,1
901bf301,NL,1,NL,NL,0,Western,1,1952,2,1,1916,1913,NL,1
901d453c,NL,1,NL,France,1,Western,0,1980,2,1,1948,1957,NL,1
901ec8c0,NL,1,NL,NL,0,Western,1,1969,2,1,1934,1946,NL,1
90221403,NL,2,Egypt,NL,1,Western,1,1964,2,1,1939,1931,NL,1
90222857,NL,1,NL,France,1,Western,2,1970,2,1,1936,1933,NL,1
902ef14d,NL,-,NL,NL,0,Western,1,1984,2,1,1958,1948,NL,1
904172ae,NL,2,NL,NL,0,Western,1,1957,2,1,1936,1933,NL,1
90417321,NL,2,NL,NL,0,Western,1,1950,2,1,1917,1917,NL,1
90418cf9,NL,1,NL,NL,0,Western,0,1951,2,1,1917,1926,NL,1
90527ce3,NL,1,NL,NL,0,Western,0,1991,2,1,1965,1968,NL,1
905b4c42,NL,2,NL,NL,0,Western,0,1991,2,1,1967,1952,NL,1
905b811e,NL,1,NL,NL,0,Western,2,1981,2,1,1950,1952,NL,1
90703f48,NL,1,NL,NL,0,Western,2,1982,2,1,1954,1949,NL,1
90709cc6,NL,-,NL,NL,0,Western,1,1988,2,1,1958,1966,NL,1
9070ec2e,NL,2,NL,NL,0,Western,2,1966,2,1,1940,1934,NL,1
9073cf48,France,2,NL,NL,0,Western,2,1957,2,1,1926,1931,France,0
907a7f02,France,2,France,France,2,Western,2,1981,2,1,1960,1942,France,0
907f50ca,NL,2,NL,France,1,Western,0,1965,2,1,1933,1926,NL,1
908bc129,NL,1,NL,NL,0,Western,0,1987,2,1,1964,1953,NL,1
90906244,NL,1,NL,NL,0,Western,1,1959,2,1,1934,1936,NL,1
9090f0c4,NL,1,NL,NL,0,Western,1,1995,2,1,1973,1975,NL,1
9095a998,NL,2,NL,NL,0,Western,1,1984,2,1,1963,1954,NL,1
909795c8,NL,2,France,NL,1,Western,1,1963,2,1,1933,1935,NL,1
90ac61b8,NL,1,France,France,2,Western,1,1960,2,1,1937,1923,NL,1
90b36757,NL,1,France,NL,1,Western,2,1980,2,1,1954,1946,NL,1
90b8e55d,NL,2,NL,NL,0,Western,1,1960,2,1,1935,1936,NL,1
90b98b51,NL,1,NL,NL,0,Western,1,1987,2,1,1957,1960,NL,1
90bc6ff4,NL,1,France,US,2,Western,0,1962,2,-,1932,1925,NL,1
90c2fcfc,NL,2,NL,US,1,Western,0,1987,2,1,1948,1953,NL,1
90c30475,NL,2,NL,NL,0,Western,2,1963,2,1,1927,1939,NL,1
90c3dc47,NL,2,France,NL,1,Western,1,1951,2,1,1922,1926,NL,1
90c3df1e,NL,2,NL,NL,0,Western,1,1998,2,1,1977,1963,NL,1
90d06b69,NL,2,NL,NL,0,Western,1,1988,2,1,1950,1966,NL,1
90d5743c,NL,2,NL,NL,0,Western,1,1987,2,1,1965,1948,NL,1
90dca82a,NL,1,US,NL,1,Western,1,1992,2,1,1967,1972,NL,1
90e405fe,NL,1,NL,NL,0,Western,2,1953,2,1,1924,1920,NL,1
90e713db,NL,2,France,NL,1,Western,1,1988,2,1,1957,1954,NL,1
90ed90a6,US,2,NL,France,1,Western,1,1956,2,1,1921,1918,US,0
90ee2243,Egypt,2,NL,NL,0,Non-Western,0,1966,2,1,1934,1929,Egypt,0
90ee28ff,NL,2,France,NL,1,Western,0,1997,2,1,1959,1969,NL,1
90f6af6e,NL,1,NL,NL,0,Western,1,1992,1,1,1962,1970,NL,1
90f8814d,NL,1,Egypt,NL,1,Western,1,1964,2,1,1943,1932,NL,1
90fc9732,NL,1,NL,NL,0,Western,2,1951,2,1,1917,1916,NL,1
90fe17e6,NL,1,NL,NL,0,Western,1,1958,2,1,1920,1923,NL,1
9114b994,France,1,NL,US,1,Western,2,1956,2,1,1919,1932,France,0
9116d4c9,NL,1,NL,NL,0,Western,1,1984,2,1,1949,1963,NL,1
9118e53f,NL,2,France,NL,1,Western,0,1984,-,1,1952,1957,NL,1
911c967c,NL,1,NL,NL,0,Western,1,1968,2,1,1935,1935,NL,1
91218fde,NL,2,NL,Egypt,1,Western,1,1958,2,1,1938,1932,NL,1
91248f62,NL,2,NL,France,1,Western,0,1991,2,1,1953,1956,NL,1
9128a76b,NL,1,NL,NL,0,Western,2,1991,2,1,1966,1961,NL,1
9132fe09,NL,1,France,NL,1,Western,0,1988,2,1,1960,1954,NL,1
91462b86,NL,1,NL,NL,0,Western,1,1989,2,1,1965,1953,NL,1
91462eb3,NL,1,France,NL,1,Western,2,1952,2,1,1932,1927,NL,1
9147b857,NL,1,NL,NL,0,Western,0,1994,2,1,1973,1963,NL,1
9153aa5c,NL,-,NL,NL,0,Western,2,1998,2,1,1959,1965,NL,1
91578f4b,NL,2,NL,NL,0,Western,2,1954,2,1,1928,1923,NL,1
915ee10c,NL,-,NL,NL,0,Western,1,1981,2,1,1959,1960,NL,1
91633d48,NL,2,NL,NL,0,Western,1,1982,2,1,1950,1950,NL,1
9170085c,NL,2,France,NL,1,Western,2,1957,2,1,1919,1922,NL,1
9175165c,France,1,NL,NL,0,Western,1,1963,2,1,1935,1938,France,0
91786650,NL,1,NL,NL,0,Western,1,1967,2,1,1932,1930,NL,1
91819ede,NL,1,NL,France,1,Western,1,1981,2,1,1944,1944,NL,1
9184fff5,NL,2,NL,NL,0,Western,1,1958,2,1,1925,1938,NL,1
9191b360,NL,2,NL,NL,0,Western,0,1959,2,1,1926,1939,NL,1
919b0487,NL,2,NL,France,1,Western,2,1954,2,1,1934,1925,NL,1
919eab0e,France,2,NL,US,1,Western,0,1954,2,1,1923,1931,France,0
91a4cab3,NL,2,US,NL,1,Western,2,1994,2,1,1960,1960,NL,1
91a610ee,NL,1,NL,NL,0,Western,1,1983,2,1,1958,1946,NL,1
91b27110,NL,-,NL,France,1,Western,1,1986,2,1,1957,1956,NL,1
91b4b5ad,NL,-,NL,NL,0,Western,2,1992,2,1,1971,1966,NL,1
91b65cc2,NL,2,France,NL,1,Western,0,1985,2,1,1960,1959,NL,1
91b9ff37,NL,1,France,NL,1,Western,0,1953,2,1,1914,1920,NL,1
91bae69a,NL,-,France,NL,1,Western,1,1987,2,1,1951,1954,NL,1
91bdf860,NL,2,France,NL,1,Western,1,1981,2,1,1942,1961,NL,1
91c62a73,Egypt,2,NL,NL,0,Non-Western,0,1969,2,1,1936,1939,Egypt,0
91cc714b,NL,2,NL,NL,0,Western,0,1967,2,1,1947,1931,NL,1
91d16fe1,NL,2,Egypt,NL,1,Western,2,1997,2,1,1972,1971,NL,1
91d1f56b,NL,1,NL,France,1,Western,2,1988,2,1,1963,1950,NL,1
91d2f57b,NL,1,NL,NL,0,Western,1,1967,2,1,1942,1936,NL,1
91d53e3d,France,2,NL,NL,0,Western,0,1965,2,1,1926,1941,France,0
91d5b008,NL,1,NL,Egypt,1,Western,0,1956,2,1,1936,1922,NL,1
91d88a61,NL,1,NL,NL,0,Western,1,1954,2,1,1929,1933,NL,1
91d8fdd6,NL,1,France,NL,1,Western,2,1958,2,1,1932,1919,NL,1
91e0387d,NL,2,France,NL,1,Western,2,1988,2,1,1951,1964,NL,1
91e16a66,France,2,NL,NL,0,Western,0,1953,2,1,1920,1932,France,0
91e2c308,France,2,France,NL,1,Western,2,1957,2,1,1922,1920,France,0
91e76b05,Egypt,2,NL,NL,0,Non-Western,2,1968,2,1,1940,1938,Egypt,0
91e7eeb4,NL,1,NL,NL,0,Western,2,1992,2,1,1955,1970,NL,1
91e89ff6,NL,2,NL,NL,0,Western,0,1996,2,1,1971,1959,NL,1
91f25264,NL,2,France,NL,1,Western,0,1985,2,1,1955,1952,NL,1
921315fc,NL,2,NL,NL,0,Western,0,1991,2,1,1952,1955,NL,1
92135692,NL,1,NL,NL,0,Western,2,1956,2,1,1919,1925,NL,1
92148c0a,NL,2,France,NL,1,Western,1,1960,2,1,1929,1935,NL,1
921b9cc4,NL,2,Egypt,NL,1,Western,0,1962,2,1,1933,1935,NL,1
9221e9c2,NL,2,NL,NL,0,Western,1,1994,2,1,1971,1973,NL,1
92220347,Egypt,1,NL,Egypt,1,Non-Western,1,1951,2,1,1917,1924,Egypt,0
923817b3,NL,2,NL,France,1,Western,2,1966,2,1,1938,1936,NL,1
923a75d1,NL,2,NL,NL,0,Western,0,1988,2,1,1956,1963,NL,1
924eecaf,NL,2,NL,NL,0,Western,1,1967,2,1,1941,1933,NL,1
9250bd17,US,2,NL,NL,0,Western,1,1958,2,1,1920,1924,US,0
925385fc,NL,1,NL,NL,0,Western,0,1998,2,1,1962,1967,NL,1
9257a039,NL,2,NL,NL,0,Western,2,1958,2,1,1925,1920,NL,1
925d582c,NL,2,NL,France,1,Western,0,1960,2,1,1927,1940,NL,1
926b59f2,NL,-,France,NL,1,Western,2,1957,2,1,1936,1920,NL,1
9270d6c2,NL,1,NL,NL,0,Western,1,1958,2,1,1920,1920,NL,1
92753d8f,NL,1,NL,US,1,Western,0,1985,2,1,1956,1956,NL,1
92776097,France,1,NL,NL,0,Western,1,1964,2,1,1927,1927,France,0
92779d19,France,2,US,NL,1,Western,2,1963,2,2,1934,1927,France,0
927d0c33,NL,2,France,NL,1,Western,1,1989,2,1,1963,1967,NL,1
927d3d21,NL,1,NL,NL,0,Western,1,1964,2,1,1941,1934,NL,1
928192cc,NL,2,Egypt,NL,1,Western,2,1989,2,1,1960,1956,NL,1
9292a085,NL,2,NL,France,1,Western,1,1993,2,1,1962,1958,NL,1
929d0d1f,NL,2,NL,NL,0,Western,0,1993,2,1,1956,1961,NL,1
92a019d4,France,1,France,NL,1,Western,2,1963,2,1,1940,1939,France,0
92a3aaf1,NL,2,NL,NL,0,Western,1,1950,2,1,1919,1916,NL,1
92acc5ce,NL,1,NL,NL,0,Western,2,1954,2,1,1916,1920,NL,1
92b649c2,France,1,NL,NL,0,Western,1,1984,2,1,1945,1957,France,0
92b97b46,NL,1,NL,NL,0,Western,0,1954,2,1,1933,1932,NL,1
92ba7191,NL,1,NL,France,1,Western,0,1957,2,1,1927,1922,NL,1
92bc3007,NL,1,NL,NL,0,Western,2,1968,2,1,1934,1946,NL,1
92bebc57,NL,2,NL,NL,0,Western,1,1996,2,1,1964,1966,NL,1
92c030e9,NL,1,NL,NL,0,Western,1,1988,2,1,1951,1951,NL,1
92c596e5,NL,2,NL,NL,0,Western,2,1970,2,1,1943,1940,NL,1
92c96e52,NL,2,NL,France,1,Western,1,1982,2,-,1952,1949,NL,1
92c9997e,NL,2,NL,France,1,Western,1,1991,2,1,1960,1959,NL,1
92d1054e,NL,2,France,NL,1,Western,2,1958,2,1,1930,1937,NL,1
92e041a0,France,2,NL,NL,0,Western,0,1982,2,1,1946,1956,France,0
92e48c18,NL,2,NL,NL,0,Western,1,1996,2,1,1963,1968,NL,1
92e5477e,NL,2,NL,France,1,Western,1,1953,2,1,1931,1925,NL,1
92e9b60a,NL,1,NL,France,1,Western,0,1960,2,1,1940,1926,NL,1
92f057df,France,2,NL,NL,0,Western,0,1983,2,1,1956,1952,France,0
92f15a43,NL,2,NL,NL,0,Western,1,1953,2,1,1925,1917,NL,1
92fa8ef9,NL,1,France,NL,1,Western,0,1961,2,1,1940,1941,NL,1
9320d56f,NL,1,US,NL,1,Western,2,1970,2,1,1939,1945,NL,1
9325fb1e,NL,2,NL,NL,0,Western,0,1965,2,1,1941,1942,NL,1
932f43fd,NL,1,NL,NL,0,Western,1,1955,2,1,1935,1921,NL,1
93307459,NL,1,France,NL,1,Western,2,1980,2,1,1952,1953,NL,1
9331e776,NL,2,Egypt,NL,1,Western,2,1982,2,1,1962,1945,NL,1
933860b6,NL,2,NL,NL,0,Western,1,1981,2,1,1959,1944,NL,1
933a326b,NL,2,NL,US,1,Western,0,1999,2,1,1962,1978,NL,1
9345f2dd,France,1,NL,NL,0,Western,2,1985,2,1,1952,1952,France,0
93479793,NL,1,US,NL,1,Western,1,1956,2,1,1919,1917,NL,1
93484c22,NL,2,NL,NL,0,Western,1,1963,2,1,1931,1924,NL,1
93484dce,NL,2,NL,NL,0,Western,2,1967,2,1,1930,1934,NL,1
934910c9,US,2,NL,NL,0,Western,0,1985,2,1,1964,1963,US,0
934a80aa,NL,1,NL,NL,0,Western,2,1981,2,1,1949,1954,NL,1
934e441e,NL,2,NL,NL,0,Western,1,1994,2,1,1969,1959,NL,1
93513acf,NL,1,France,NL,1,Western,2,1962,2,1,1929,1937,NL,1
9352ac97,NL,2,NL,NL,0,Western,0,1984,2,1,1947,1950,NL,1
935a1115,NL,2,NL,NL,0,Western,2,1967,2,1,1933,1947,NL,1
9365b201,NL,1,NL,NL,0,Western,2,1990,2,1,1966,1955,NL,1
93669a99,NL,2,NL,France,1,Western,0,1955,2,1,1917,1918,NL,1
93716ef5,NL,2,NL,NL,0,Western,0,1957,2,1,1928,1931,NL,1
9373129a,NL,2,NL,NL,0,Western,1,1980,2,1,1954,1948,NL,1
9380fd85,NL,1,France,NL,1,Western,2,1957,2,1,1933,1936,NL,1
938a8956,NL,2,NL,France,1,Western,1,1997,2,1,1974,1967,NL,1
938b7ba5,NL,1,NL,France,1,Western,1,1960,2,1,1933,1923,NL,1
9393b528,NL,1,NL,NL,0,Western,1,1986,2,1,1958,1964,NL,1
939b86e4,NL,1,NL,France,1,Western,1,1995,2,1,1970,1968,NL,1
93a06b8e,NL,1,NL,NL,0,Western,1,1965,2,1,1928,1938,NL,1
93a25b44,Egypt,2,NL,France,1,Non-Western,2,1986,2,1,1958,1959,Egypt,0
93b55c1b,NL,2,NL,NL,0,Western,1,1989,2,1,1957,1965,NL,1
93b699d1,France,1,France,NL,1,Western,2,1986,2,1,1959,1957,France,0
93b7abb9,France,1,NL,NL,0,Western,0,1982,2,1,1960,1957,France,0
93b92702,NL,1,NL,NL,0,Western,2,1970,2,1,1932,1947,NL,1
93bb1b63,NL,1,NL,NL,0,Western,0,1951,2,1,1913,1925,NL,1
93c046ae,NL,1,NL,Egypt,1,Western,1,1958,2,1,1929,1934,NL,1
93c3e793,US,2,NL,NL,0,Western,1,1955,2,1,1930,1932,US,0
93c5377a,NL,2,France,France,2,Western,1,1997,2,1,1967,1959,NL,1
93c7a10c,NL,2,NL,NL,0,Western,2,1954,2,1,1918,1926,NL,1
93caa215,NL,2,NL,NL,0,Western,0,1953,2,1,1919,1921,NL,1
93cc6284,NL,2,NL,NL,0,Western,0,1992,2,1,1964,1971,NL,1
93cd736e,NL,1,NL,US,1,Western,1,1981,2,1,1952,1947,NL,1
93d0f72b,NL,1,France,France,2,Western,1,1995,2,1,1960,1956,NL,1
93d0fd4c,NL,2,NL,NL,0,Western,0,1970,2,1,1931,1950,NL,1
93d20ac1,NL,1,France,France,2,Western,0,1999,2,1,1965,1977,NL,1
93d551a2,NL,1,NL,NL,0,Western,1,1992,2,1,1957,1960,NL,1
93d69af8,NL,2,NL,NL,0,Western,1,1995,2,1,1963,1968,NL,1
93dba867,NL,2,NL,NL,0,Western,1,1959,2,1,1923,1936,NL,1
93de4d89,NL,2,NL,NL,0,Western,1,1984,2,1,1950,1958,NL,1
93df9b6f,NL,1,NL,France,1,Western,0,1991,2,1,1956,1968,NL,1
93e08c05,NL,2,NL,NL,0,Western,0,1962,2,1,1932,1942,NL,1
93e1fbca,NL,2,NL,NL,0,Western,2,1961,2,1,1924,1936,NL,1
93e3481d,France,2,NL,NL,0,Western,0,1989,-,1,1956,1966,France,0
93e9b780,NL,1,NL,France,1,Western,0,1988,2,1,1952,1952,NL,1
93ecec8c,NL,1,NL,NL,0,Western,1,1966,2,1,1943,1931,NL,1
93ee943c,NL,2,NL,NL,0,Western,1,1963,2,1,1934,1940,NL,1
93f38fa5,NL,1,NL,NL,0,Western,0,1995,2,1,1964,1961,NL,1
93f6b72e,NL,1,NL,NL,0,Western,0,1958,2,1,1935,1929,NL,1
941f13af,NL,1,France,US,2,Western,1,1951,2,1,1927,1919,NL,1
941fbcab,France,-,NL,NL,0,Western,1,1965,2,1,1942,1936,France,0
9420936f,US,1,NL,NL,0,Western,0,1953,2,1,1922,1916,US,0
9428ed73,France,2,NL,NL,0,Western,1,1988,2,1,1955,1953,France,0
942e9a18,NL,1,NL,NL,0,Western,1,1954,2,1,1922,1915,NL,1
94359930,NL,1,NL,NL,0,Western,1,1987,2,1,1963,1955,NL,1
943865a9,NL,1,NL,NL,0,Western,1,1983,2,1,1959,1956,NL,1
9438b2f9,NL,1,NL,NL,0,Western,1,1989,2,1,1968,1955,NL,1
943cc96a,NL,2,NL,NL,0,Western,1,1981,2,1,1959,1957,NL,1
94461e9a,NL,2,NL,NL,0,Western,1,1956,2,1,1925,1917,NL,1
944c5c8f,NL,1,NL,NL,0,Western,2,1957,2,1,1928,1924,NL,1
9459d6e7,NL,2,France,France,2,Western,2,1986,2,1,1960,1958,NL,1
945d6214,NL,2,NL,NL,0,Western,2,1998,2,1,1969,1974,NL,1
94617223,France,2,NL,NL,0,Western,2,1956,2,1,1917,1925,France,0
94646219,NL,1,NL,NL,0,Western,1,1962,2,1,1935,1925,NL,1
9469f7ac,NL,2,Egypt,NL,1,Western,1,1956,2,1,1936,1931,NL,1
94733983,NL,1,US,NL,1,Western,2,1993,2,1,1963,1972,NL,1
947f37d4,NL,2,NL,NL,0,Western,0,1966,2,1,1935,1935,NL,1
948608f9,NL,1,NL,NL,0,Western,2,1988,2,1,1959,1953,NL,1
9490dc1b,NL,2,NL,France,1,Western,1,1995,2,1,1971,1956,NL,1
9494def3,NL,1,NL,NL,0,Western,1,1960,2,1,1926,1928,NL,1
9497fe99,NL,1,NL,NL,0,Western,2,1959,2,1,1928,1936,NL,1
949868d0,NL,2,NL,NL,0,Western,1,1981,2,1,1942,1961,NL,1
949882a8,NL,1,France,NL,1,Western,1,1955,2,1,1922,1916,NL,1
949c2a57,NL,1,NL,NL,0,Western,0,1993,2,1,1961,1963,NL,1
94a72b78,US,2,NL,NL,0,Western,1,1962,2,1,1927,1939,US,0
94a76fe4,NL,2,France,NL,1,Western,1,1957,2,1,1929,1924,NL,1
94ab4c11,US,1,NL,NL,0,Western,2,1958,2,1,1930,1934,US,0
94c3f4a5,NL,1,NL,NL,0,Western,0,1995,2,1,1956,1972,NL,1
94ca340a,NL,2,NL,France,1,Western,1,1963,2,1,1924,1926,NL,1
94caff52,NL,1,NL,NL,0,Western,2,1985,2,1,1951,1946,NL,1
94cdc04a,NL,-,Egypt,NL,1,Western,2,1961,2,1,1936,1931,NL,1
94cffb3e,NL,2,NL,NL,0,Western,1,1980,2,1,1943,1956,NL,1
94d21c0c,NL,1,NL,NL,0,Western,0,1987,2,1,1950,1953,NL,1
94d744d6,France,2,NL,NL,0,Western,0,1952,2,1,1923,1928,France,0
94d877f0,France,1,NL,NL,0,Western,1,1965,2,1,1931,1940,France,0
94db377b,NL,1,France,NL,1,Western,0,1992,2,1,1955,1963,NL,1
94dee66f,NL,2,NL,Egypt,1,Western,1,1963,2,1,1941,1941,NL,1
94e14d78,NL,2,France,NL,1,Western,2,1963,2,1,1939,1941,NL,1
94e45dd4,NL,1,NL,France,1,Western,2,1998,2,1,1966,1966,NL,1
94ed0795,NL,1,Egypt,NL,1,Western,2,1986,2,1,1957,1957,NL,1
94f5a5fb,NL,1,NL,NL,0,Western,2,1982,2,1,1956,1951,NL,1
94ffd063,NL,1,NL,NL,0,Western,2,1963,2,1,1929,1938,NL,1
9501713a,NL,2,NL,France,1,Western,1,1981,2,1,1946,1948,NL,1
950ca698,NL,1,NL,NL,0,Western,1,1987,2,1,1952,1951,NL,1
95194164,NL,1,NL,France,1,Western,2,1980,2,1,1960,1950,NL,1
95210866,NL,1,NL,NL,0,Western,2,1958,2,1,1924,1937,NL,1
9527a108,NL,2,France,France,2,Western,2,1992,2,1,1953,1968,NL,1
952a3eec,NL,1,NL,NL,0,Western,1,1981,2,1,1949,1953,NL,1
952f0ed2,NL,1,Egypt,Egypt,2,Western,1,1982,2,1,1954,1946,NL,1
9530845f,NL,1,NL,NL,0,Western,1,1989,2,1,1951,1962,NL,1
95373343,NL,2,NL,NL,0,Western,1,1950,2,1,1912,1927,NL,1
953ab8f2,NL,1,France,NL,1,Western,1,1999,2,1,1968,1968,NL,1
953ade1d,NL,2,Egypt,NL,1,Western,0,1985,2,1,1955,1950,NL,1
953d2f80,France,1,NL,France,1,Western,1,1966,2,1,1933,1938,France,0
953e2ad0,NL,1,NL,NL,0,Western,1,1994,2,1,1962,1973,NL,1
953e995d,NL,1,France,France,2,Western,2,1957,2,1,1925,1933,NL,1
95487662,NL,2,France,NL,1,Western,0,1961,2,1,1924,1922,NL,1
9550a908,France,2,Egypt,NL,1,Western,0,1966,2,1,1939,1930,France,0
95612da4,NL,2,NL,NL,0,Western,2,1969,2,1,1946,1943,NL,1
95689325,NL,1,US,NL,1,Western,0,1968,2,1,1941,1933,NL,1
956d4b09,NL,2,NL,NL,0,Western,0,1991,2,1,1962,1957,NL,1
957a275c,NL,1,France,NL,1,Western,0,1967,2,1,1929,1946,NL,1
957d101b,NL,2,NL,NL,0,Western,0,1966,2,1,1938,1927,NL,1
958838dc,NL,1,France,NL,1,Western,1,1995,2,1,1962,1956,NL,1
9589de8e,NL,2,France,NL,1,Western,1,1952,2,1,1930,1925,NL,1
958aa715,NL,1,NL,NL,0,Western,1,1970,2,1,1933,1950,NL,1
958ec8ed,NL,1,NL,NL,0,Western,0,1970,2,1,1932,1935,NL,1
95916763,NL,1,NL,NL,0,Western,2,1963,2,1,1934,1930,NL,1
9591bd02,NL,1,NL,France,1,Western,1,1990,2,1,1966,1961,NL,1
95958852,Egypt,2,NL,US,1,Non-Western,1,1952,2,1,1931,1915,Egypt,0
9597c766,NL,2,France,NL,1,Western,0,1999,2,1,1977,1962,NL,1
959d5154,NL,2,NL,US,1,Western,2,1954,2,1,1925,1926,NL,1
95a95045,NL,1,NL,NL,0,Western,2,1990,2,1,1952,1969,NL,1
95ae1e89,NL,2,NL,NL,0,Western,2,1992,2,1,1958,1965,NL,1
95b19e21,NL,2,NL,NL,0,Western,2,1989,2,1,1960,1960,NL,1
95b2f78a,NL,1,NL,NL,0,Western,1,1987,2,1,1955,1956,NL,1
95b66460,NL,2,NL,NL,0,Western,0,1990,2,1,1964,1960,NL,1
95d452dd,France,1,NL,NL,0,Western,2,1981,2,1,1949,1946,France,0
95d8eecc,France,2,NL,NL,0,Western,1,1962,2,1,1924,1923,France,0
95df44ba,NL,-,NL,NL,0,Western,1,1959,2,1,1921,1927,NL,1
95e11884,NL,1,NL,NL,0,Western,2,1963,2,1,1942,1940,NL,1
95e633db,NL,1,NL,NL,0,Western,1,1992,2,2,1962,1970,NL,1
95f102fc,NL,2,NL,NL,0,Western,2,1998,2,1,1970,1974,NL,1
95f724f9,NL,2,NL,NL,0,Western,2,1959,2,1,1937,1926,NL,1
95f7d4d6,NL,2,NL,NL,0,Western,0,1989,2,1,1961,1957,NL,1
95fa0267,France,2,NL,NL,0,Western,1,1963,2,1,1924,1941,France,0
95fd3c82,NL,1,NL,NL,0,Western,1,1994,2,1,1956,1974,NL,1
95fe4cce,NL,1,NL,France,1,Western,1,1981,2,1,1958,1942,NL,1
9604048e,NL,2,Egypt,NL,1,Western,0,1996,2,1,1971,1958,NL,1
96072ee3,NL,1,NL,NL,0,Western,1,1992,2,1,1966,1955,NL,1
96082300,US,1,NL,NL,0,Western,1,1960,2,1,1938,1937,US,0
9615a5a6,NL,1,France,NL,1,Western,1,1969,2,1,1932,1949,NL,1
96172efd,US,1,NL,France,1,Western,1,1989,2,1,1950,1958,US,0
961c9f83,NL,1,France,NL,1,Western,1,1969,2,1,1931,1943,NL,1
96264b12,NL,2,NL,NL,0,Western,1,1985,2,-,1947,1964,NL,1
96265072,NL,-,NL,NL,0,Western,1,1990,2,1,1969,1966,NL,1
9628b8b6,NL,2,NL,NL,0,Western,0,1967,2,1,1933,1940,NL,1
962cfd23,NL,1,NL,NL,0,Western,0,1997,2,1,1972,1974,NL,1
962d1714,NL,1,Egypt,France,2,Western,2,1999,2,1,1970,1960,NL,1
962eb259,NL,1,NL,NL,0,Western,1,1993,2,1,1963,1961,NL,1
962f1040,NL,1,NL,NL,0,Western,2,1952,2,1,1926,1932,NL,1
962fe688,NL,2,NL,Egypt,1,Western,1,1986,2,1,1949,1959,NL,1
96359dc4,NL,1,NL,NL,0,Western,2,1983,2,1,1962,1948,NL,1
9636088b,NL,1,US,NL,1,Western,2,1988,2,1,1954,1963,NL,1
9637127a,NL,-,NL,NL,0,Western,2,1993,2,1,1965,1970,NL,1
96433418,NL,1,NL,NL,0,Western,0,1982,2,1,1956,1961,NL,1
9653fce5,France,2,NL,France,1,Western,1,1965,2,1,1941,1928,France,0
9656f8c3,NL,1,NL,NL,0,Western,0,1954,2,1,1915,1929,NL,1
966029e9,NL,1,NL,NL,0,Western,2,1986,2,1,1959,1952,NL,1
9663bfdb,NL,2,NL,NL,0,Western,0,1961,2,1,1939,1939,NL,1
966a9221,NL,1,NL,NL,0,Western,1,1981,2,1,1957,1949,NL,1
96723867,Egypt,2,NL,France,1,Non-Western,0,1980,2,1,1942,1948,Egypt,0
967d5fcf,NL,2,NL,NL,0,Western,1,1983,2,1,1953,1960,NL,1
96829442,NL,2,NL,NL,0,Western,0,1950,2,1,1920,1912,NL,1
9689b7c8,France,2,NL,France,1,Western,1,1969,2,1,1936,1932,France,0
96938184,NL,2,NL,NL,0,Western,1,1955,2,1,1924,1921,NL,1
9697f6d8,NL,1,NL,NL,0,Western,1,1994,2,1,1967,1970,NL,1
969b82f5,NL,1,NL,NL,0,Western,1,1992,2,1,1961,1964,NL,1
969ed07c,NL,1,NL,NL,0,Western,1,1998,2,1,1978,1978,NL,1
96a78941,NL,1,France,NL,1,Western,1,1980,2,1,1957,1959,NL,1
96a846c0,France,2,NL,US,1,Western,1,1985,2,1,1960,1960,France,0
96ae6a52,NL,1,NL,Egypt,1,Western,0,1991,2,1,1965,1961,NL,1
96af3ce8,NL,2,NL,NL,0,Western,1,1961,2,1,1931,1939,NL,1
96b4c0db,NL,2,NL,NL,0,Western,1,1950,2,1,1919,1930,NL,1
96bd89ee,NL,1,NL,US,1,Western,0,1950,2,1,1930,1923,NL,1
96d43afd,NL,1,NL,NL,0,Western,2,1981,2,1,1943,1955,NL,1
96db74ba,NL,2,NL,NL,0,Western,0,1960,2,1,1939,1927,NL,1
96e3106f,NL,1,NL,NL,0,Western,1,1990,2,1,1955,1961,NL,1
96e46324,NL,2,NL,NL,0,Western,1,1981,2,1,1961,1948,NL,1
96ea2e6f,NL,2,NL,NL,0,Western,1,1980,2,1,1960,1958,NL,1
96eb8df3,France,2,NL,France,1,Western,0,1987,2,1,1954,1967,France,0
96ec5e96,NL,-,NL,France,1,Western,1,1983,2,1,1955,1963,NL,1
96f40dc0,NL,1,NL,NL,0,Western,2,1969,2,1,1943,1940,NL,1
96fc3295,NL,1,NL,US,1,Western,0,1986,2,1,1963,1956,NL,1
96fea608,NL,2,NL,NL,0,Western,2,1966,2,1,1934,1933,NL,1
97040c5a,NL,1,NL,NL,0,Western,1,1997,2,1,1968,1966,NL,1
970bcf58,NL,1,NL,NL,0,Western,0,1985,2,1,1960,1957,NL,1
9712b36d,NL,2,NL,NL,0,Western,1,1953,2,1,1933,1918,NL,1
971604f6,NL,2,NL,NL,0,Western,1,1981,2,1,1947,1942,NL,1
971e38c2,NL,2,NL,NL,0,Western,2,1994,1,1,1957,1973,NL,1
9724133b,NL,2,NL,NL,0,Western,1,1993,2,1,1962,1967,NL,1
9725f7a6,France,-,NL,NL,0,Western,1,1959,2,1,1932,1939,France,0
97343fe9,NL,1,US,NL,1,Western,1,1962,2,1,1938,1923,NL,1
973730fa,NL,1,NL,NL,0,Western,1,1999,2,1,1966,1975,NL,1
97383007,France,2,NL,NL,0,Western,2,1962,2,1,1932,1934,France,0
973a6edf,NL,2,NL,France,1,Western,0,1955,1,1,1926,1921,NL,1
973fce1e,NL,1,NL,NL,0,Western,1,1952,2,1,1926,1930,NL,1
9743dd76,NL,1,NL,NL,0,Western,1,1964,2,1,1942,1934,NL,1
9746948b,NL,2,NL,NL,0,Western,2,1953,2,1,1919,1918,NL,1
974afbf7,NL,1,NL,France,1,Western,1,1986,2,1,1957,1953,NL,1
974b0d03,NL,1,NL,NL,0,Western,0,1959,2,1,1920,1922,NL,1
97528ac1,NL,2,NL,NL,0,Western,2,1955,2,1,1922,1933,NL,1
9762ec3c,France,1,NL,NL,0,Western,1,1985,2,1,1956,1948,France,0
97651d66,NL,1,France,NL,1,Western,0,1952,2,1,1914,1923,NL,1
97690599,Egypt,2,NL,NL,0,Non-Western,2,1961,2,1,1937,1925,Egypt,0
976e216b,NL,2,NL,NL,0,Western,1,1986,2,1,1958,1955,NL,1
977a44ee,NL,1,NL,NL,0,Western,0,1982,2,1,1955,1960,NL,1
9784650e,France,2,NL,France,1,Western,1,1958,2,1,1924,1931,France,0
97898129,NL,1,NL,NL,0,Western,1,1955,2,1,1927,1927,NL,1
97a69523,NL,1,US,NL,1,Western,2,1968,2,1,1944,1944,NL,1
97a6d540,France,1,France,NL,1,Western,2,1958,2,1,1927,1935,France,0
97b04734,US,1,US,France,2,Western,0,1983,2,1,1944,1944,US,0
97c061f0,NL,2,NL,NL,0,Western,1,1958,2,1,1923,1923,NL,1
97c75aa8,France,1,NL,France,1,Western,1,1952,2,1,1926,1918,France,0
97cd293b,NL,2,NL,NL,0,Western,1,1991,2,1,1970,1965,NL,1
97cfb6bf,NL,2,NL,NL,0,Western,2,1991,2,1,1963,1956,NL,1
97d34bda,NL,-,NL,NL,0,Western,1,1965,2,1,1939,1927,NL,1
97d78d64,NL,2,NL,NL,0,Western,1,1964,2,1,1930,1937,NL,1
97d9d297,NL,1,NL,NL,0,Western,2,1968,2,1,1945,1942,NL,1
97e121c1,NL,-,NL,NL,0,Western,2,1992,2,1,1969,1968,NL,1
97e80981,France,2,NL,NL,0,Western,2,1961,2,1,1933,1927,France,0
97f02a99,NL,-,NL,NL,0,Western,2,1988,2,1,1964,1968,NL,1
9803d0eb,France,1,NL,NL,0,Western,1,1956,2,1,1922,1921,France,0
9804f354,NL,2,NL,NL,0,Western,1,1958,2,1,1931,1929,NL,1
980c118d,NL,2,France,NL,1,Western,2,1984,2,1,1947,1961,NL,1
98144822,NL,2,France,NL,1,Western,1,1994,2,1,1960,1967,NL,1
981e62a4,NL,1,NL,France,1,Western,1,1962,2,1,1942,1939,NL,1
98203094,NL,2,NL,NL,0,Western,0,1959,2,1,1920,1930,NL,1
98319b67,NL,2,NL,NL,0,Western,0,1952,2,1,1914,1918,NL,1
983c9b00,Egypt,1,NL,NL,0,Non-Western,2,1967,2,1,1941,1931,Egypt,0
983e1187,NL,2,France,NL,1,Western,2,1955,2,1,1919,1929,NL,1
983e3e48,NL,2,Egypt,NL,1,Western,2,1965,2,1,1944,1939,NL,1
983fc105,NL,2,NL,NL,0,Western,1,1985,2,1,1955,1946,NL,1
984544a2,NL,2,NL,NL,0,Western,0,1981,2,1,1950,1949,NL,1
98484607,NL,1,NL,NL,0,Western,0,1980,2,1,1950,1958,NL,1
98489745,NL,2,NL,France,1,Western,1,1969,2,1,1940,1937,NL,1
984a6024,NL,2,France,NL,1,Western,0,1964,2,1,1926,1940,NL,1
984ffda0,NL,1,NL,NL,0,Western,1,1961,2,1,1931,1935,NL,1
9851e128,NL,2,NL,NL,0,Western,0,1986,1,1,1963,1950,NL,1
98526e92,NL,1,Egypt,NL,1,Western,1,1993,2,1,1966,1959,NL,1
98532bd0,US,2,NL,NL,0,Western,1,1987,2,1,1951,1963,US,0
98539435,NL,2,NL,NL,0,Western,1,1991,2,1,1952,1965,NL,1
98581132,NL,2,NL,Egypt,1,Western,1,1993,2,1,1964,1970,NL,1
985b3ca4,NL,2,NL,NL,0,Western,2,1987,2,1,1960,1948,NL,1
985e3286,NL,1,US,NL,1,Western,0,1992,2,1,1957,1967,NL,1
9868239c,NL,2,NL,NL,0,Western,1,1954,2,1,1922,1921,NL,1
9868961b,US,2,NL,Egypt,1,Western,0,1953,2,1,1917,1928,US,0
9869a668,NL,1,NL,NL,0,Western,1,1954,2,1,1915,1934,NL,1
986b0034,NL,1,NL,France,1,Western,0,1969,2,1,1936,1941,NL,1
986d7395,NL,1,NL,US,1,Western,2,1990,2,1,1955,1953,NL,1
986e8795,NL,2,France,NL,1,Western,1,1966,2,1,1931,1944,NL,1
98740245,NL,2,NL,NL,0,Western,2,1981,2,1,1949,1961,NL,1
98781d67,NL,2,France,US,2,Western,0,1958,2,1,1920,1936,NL,1
987c63c8,NL,1,NL,NL,0,Western,2,1962,2,1,1928,1939,NL,1
987f09b0,NL,1,NL,France,1,Western,2,1993,2,1,1955,1969,NL,1
987f3005,NL,1,NL,France,1,Western,1,1966,2,1,1938,1938,NL,1
987fce17,NL,1,NL,NL,0,Western,0,1951,2,1,1925,1922,NL,1
9881134c,NL,2,NL,NL,0,Western,0,1963,2,1,1942,1938,NL,1
9885ecc6,NL,1,NL,NL,0,Western,1,1955,2,1,1918,1923,NL,1
9888c4e3,NL,2,France,NL,1,Western,1,1992,2,1,1965,1965,NL,1
9889b813,NL,2,NL,NL,0,Western,0,1951,2,1,1919,1931,NL,1
988e4ed4,France,1,NL,NL,0,Western,2,1951,2,1,1920,1927,France,0
98918c37,NL,1,NL,France,1,Western,0,1955,2,1,1935,1922,NL,1
98a20d96,NL,1,NL,NL,0,Western,2,1991,2,1,1960,1954,NL,1
98a5c53c,NL,1,France,NL,1,Western,0,1970,2,1,1932,1944,NL,1
98b118f6,France,1,NL,France,1,Western,1,1962,2,1,1936,1930,France,0
98b394d7,NL,1,NL,NL,0,Western,2,1991,2,1,1964,1954,NL,1
98c392f6,NL,1,NL,NL,0,Western,1,1998,2,1,1961,1977,NL,1
98c66151,NL,2,NL,NL,0,Western,1,1984,2,1,1963,1955,NL,1
98cf045a,France,2,France,NL,1,Western,0,1950,2,1,1918,1917,France,0
98d5e7ec,NL,1,France,NL,1,Western,0,1992,2,1,1968,1957,NL,1
98d8e441,France,1,NL,NL,0,Western,2,1951,2,1,1916,1913,France,0
98d9c2c0,NL,2,France,NL,1,Western,1,1997,2,1,1965,1968,NL,1
98e49b8e,NL,2,NL,NL,0,Western,2,1962,2,1,1933,1938,NL,1
98e5eb46,NL,2,NL,NL,0,Western,1,1996,2,1,1963,1975,NL,1
98ff86e7,NL,1,France,NL,1,Western,2,1958,2,1,1938,1927,NL,1
990736ef,NL,2,NL,NL,0,Western,2,1998,2,1,1963,1975,NL,1
9909b858,NL,1,NL,NL,0,Western,1,1988,2,1,1968,1963,NL,1
990ba835,NL,1,France,France,2,Western,0,1988,2,1,1957,1951,NL,1
9914e89e,NL,2,France,France,2,Western,2,1952,2,1,1917,1921,NL,1
99174d50,NL,2,NL,NL,0,Western,1,1996,2,1,1963,1967,NL,1
991816cf,NL,1,NL,NL,0,Western,2,1954,2,1,1928,1926,NL,1
99188d92,NL,2,NL,NL,0,Western,0,1999,2,1,1973,1962,NL,1
992d63a7,France,1,NL,NL,0,Western,2,1963,2,1,1926,1924,France,0
992f5ee5,NL,1,NL,France,1,Western,2,1983,2,1,1944,1951,NL,1
9933c4cf,NL,1,NL,NL,0,Western,0,1994,2,1,1967,1968,NL,1
9938abf1,NL,1,France,France,2,Western,1,1995,2,-,1973,1969,NL,1
994118c4,France,2,NL,NL,0,Western,1,1958,2,1,1935,1926,France,0
99463cea,NL,1,NL,NL,0,Western,2,1987,2,1,1960,1958,NL,1
994657a2,NL,2,NL,France,1,Western,1,1980,2,1,1948,1955,NL,1
99506cdc,NL,1,France,NL,1,Western,2,1988,2,1,1956,1968,NL,1
9952512c,NL,2,NL,France,1,Western,1,1986,2,1,1949,1962,NL,1
9959f237,NL,1,NL,NL,0,Western,1,1954,2,1,1929,1932,NL,1
995d3f93,NL,2,NL,NL,0,Western,1,1986,2,1,1962,1964,NL,1
995d9120,France,2,NL,NL,0,Western,2,1969,2,1,1940,1949,France,0
99653fbe,NL,1,NL,NL,0,Western,2,1985,2,1,1949,1962,NL,1
996dc2e6,NL,2,NL,NL,0,Western,0,1956,2,1,1920,1931,NL,1
996fd72a,NL,2,NL,NL,0,Western,0,1987,2,1,1956,1949,NL,1
998379b0,NL,1,NL,NL,0,Western,0,1967,2,1,1932,1931,NL,1
9985efbd,France,1,NL,NL,0,Western,0,1987,2,1,1951,1961,France,0
99867d53,NL,1,NL,France,1,Western,2,1952,2,1,1915,1915,NL,1
998b0e76,NL,2,US,NL,1,Western,1,1993,2,1,1970,1957,NL,1
998de174,NL,2,NL,NL,0,Western,0,1983,2,1,1955,1956,NL,1
998f705c,NL,2,NL,NL,0,Western,1,1962,2,1,1937,1924,NL,1
9993c273,NL,2,NL,NL,0,Western,2,1951,2,1,1927,1913,NL,1
9993f0bd,NL,1,NL,NL,0,Western,0,1985,2,1,1951,1957,NL,1
99952e07,NL,2,NL,NL,0,Western,2,1970,2,1,1944,1943,NL,1
9996ac8e,NL,2,US,Egypt,2,Western,1,1983,2,1,1960,1959,NL,1
999ab29b,France,1,NL,US,1,Western,0,1986,2,1,1966,1948,France,0
999ef50a,NL,1,NL,NL,0,Western,2,1966,2,1,1942,1945,NL,1
99a12217,NL,2,France,NL,1,Western,0,1986,2,1,1956,1951,NL,1
99aa0da6,NL,1,NL,NL,0,Western,1,1951,2,1,1924,1923,NL,1
99b13cec,NL,2,NL,NL,0,Western,1,1997,2,2,1964,1967,NL,1
99b63113,NL,1,NL,NL,0,Western,1,1983,2,1,1963,1963,NL,1
99b8443d,NL,2,France,France,2,Western,1,1998,2,1,1970,1969,NL,1
99ba9a2a,NL,2,France,France,2,Western,1,1970,2,1,1947,1931,NL,1
99ca6968,NL,1,NL,US,1,Western,0,1987,2,1,1951,1953,NL,1
99d282df,NL,1,NL,Egypt,1,Western,1,1980,2,1,1954,1945,NL,1
99d32422,NL,2,NL,NL,0,Western,1,1987,2,1,1956,1951,NL,1
99d6ffbc,NL,1,NL,NL,0,Western,1,1961,2,1,1927,1934,NL,1
99dbd7ff,France,2,NL,NL,0,Western,1,1967,2,1,1947,1946,France,0
99e6171c,NL,2,NL,NL,0,Western,1,1950,2,1,1928,1929,NL,1
99eb53db,NL,1,NL,NL,0,Western,2,1995,2,1,1967,1968,NL,1
99ec1f47,NL,1,NL,NL,0,Western,1,1982,2,1,1954,1951,NL,1
99f6dc1c,NL,2,NL,NL,0,Western,2,1986,2,1,1953,1952,NL,1
9a00411e,NL,2,NL,NL,0,Western,1,1988,2,1,1959,1968,NL,1
9a01da1d,NL,2,NL,France,1,Western,2,1995,2,1,1961,1969,NL,1
9a0bf5cd,NL,1,NL,NL,0,Western,2,1986,2,1,1956,1949,NL,1
9a0dc84e,NL,1,France,NL,1,Western,2,1957,2,1,1922,1921,NL,1
9a10cbf9,NL,1,NL,NL,0,Western,0,1986,2,1,1955,1954,NL,1
9a11e50f,NL,2,NL,France,1,Western,1,1967,2,1,1938,1929,NL,1
9a2314e4,NL,1,NL,France,1,Western,1,1958,2,1,1930,1926,NL,1
9a2391d6,NL,1,NL,NL,0,Western,0,1959,2,1,1936,1922,NL,1
9a2c4f67,France,1,France,NL,1,Western,2,1951,2,1,1922,1927,France,0
9a339ff6,NL,2,NL,NL,0,Western,2,1962,2,1,1930,1934,NL,1
9a350bf6,NL,2,NL,NL,0,Western,0,1999,2,1,1976,1975,NL,1
9a371a00,NL,2,NL,NL,0,Western,2,1987,2,1,1952,1963,NL,1
9a4080d7,NL,2,NL,NL,0,Western,0,1967,2,1,1947,1933,NL,1
9a44adde,NL,2,NL,NL,0,Western,1,1951,2,1,1914,1915,NL,1
9a44e809,France,2,France,NL,1,Western,1,1988,2,1,1963,1962,France,0
9a47ac37,NL,2,NL,NL,0,Western,0,1991,2,1,1953,1952,NL,1
9a495f33,NL,2,NL,France,1,Western,2,1981,2,1,1955,1953,NL,1
9a4d70c1,NL,2,NL,NL,0,Western,1,1953,2,1,1917,1928,NL,1
9a5a3fb4,NL,2,NL,NL,0,Western,1,1998,2,1,1974,1962,NL,1
9a5eab41,NL,2,NL,NL,0,Western,0,1993,2,1,1972,1969,NL,1
9a6c2049,NL,1,NL,NL,0,Western,2,1988,2,1,1959,1963,NL,1
9a700e09,NL,2,NL,NL,0,Western,1,1960,2,1,1930,1938,NL,1
9a7ab1e3,NL,2,NL,France,1,Western,1,1969,2,1,1947,1949,NL,1
9a7ac59b,NL,-,France,NL,1,Western,1,1986,2,1,1965,1951,NL,1
9a7b7d35,NL,2,NL,NL,0,Western,1,1996,2,1,1970,1971,NL,1
9a801384,NL,2,NL,NL,0,Western,0,1959,2,1,1939,1931,NL,1
9a879b75,NL,2,NL,France,1,Western,1,1953,2,1,1918,1932,NL,1
9a88d571,NL,1,NL,NL,0,Western,0,1989,2,1,1953,1969,NL,1
9a8becae,NL,2,NL,NL,0,Western,0,1958,2,1,1934,1930,NL,1
9a909f00,NL,2,NL,NL,0,Western,2,1956,2,1,1935,1920,NL,1
9a917e99,NL,2,NL,NL,0,Western,1,1982,2,1,1953,1959,NL,1
9a97c476,NL,1,France,NL,1,Western,1,1953,2,1,1917,1923,NL,1
9a9a2f65,France,2,NL,NL,0,Western,2,1968,2,1,1936,1944,France,0
9a9e6172,NL,2,NL,NL,0,Western,1,1956,2,1,1934,1931,NL,1
9aa0c968,Egypt,2,NL,NL,0,Non-Western,1,1983,2,1,1962,1949,Egypt,0
9aa46b8b,NL,2,NL,NL,0,Western,2,1997,2,1,1970,1968,NL,1
9aa4ce8f,NL,2,NL,NL,0,Western,2,1958,2,1,1925,1934,NL,1
9aa5603a,NL,-,NL,NL,0,Western,2,1999,2,1,1979,1979,NL,1
9aae7296,NL,1,NL,NL,0,Western,0,1970,2,1,1935,1937,NL,1
9ab0f1cb,NL,1,NL,NL,0,Western,0,1963,2,1,1943,1941,NL,1
9ab2a08e,NL,1,NL,NL,0,Western,0,1992,2,1,1957,1956,NL,1
9ab92d6c,NL,1,NL,France,1,Western,2,1954,2,1,1926,1920,NL,1
9acc48f5,NL,1,NL,NL,0,Western,1,1997,2,1,1974,1967,NL,1
9acf7ffc,France,1,NL,France,1,Western,0,1956,2,1,1929,1929,France,0
9ad4033e,NL,1,NL,NL,0,Western,0,1968,2,1,1948,1940,NL,1
9ad87d4f,NL,2,NL,France,1,Western,1,1994,2,1,1967,1962,NL,1
9ad9d64a,NL,2,US,NL,1,Western,2,1998,2,1,1974,1973,NL,1
9adbfa34,NL,2,NL,NL,0,Western,0,1998,2,1,1964,1961,NL,1
9adcc9d9,NL,2,NL,NL,0,Western,2,1995,2,1,1967,1968,NL,1
9ade29d6,France,1,NL,NL,0,Western,2,1965,2,-,1928,1933,France,0
9adff806,NL,2,NL,NL,0,Western,1,1951,2,1,1916,1914,NL,1
9ae1b0ea,NL,1,NL,NL,0,Western,1,1988,2,1,1951,1959,NL,1
9ae6aa27,NL,1,France,NL,1,Western,0,1995,2,1,1968,1967,NL,1
9aed3116,NL,2,NL,NL,0,Western,2,1954,2,1,1919,1930,NL,1
9af783a2,NL,1,France,NL,1,Western,1,1955,2,1,1928,1918,NL,1
9afb4d8f,NL,2,NL,US,1,Western,0,1980,2,1,1946,1956,NL,1
9afd764b,NL,1,NL,NL,0,Western,2,1950,2,1,1916,1927,NL,1
9b00810a,NL,1,NL,France,1,Western,2,1969,2,1,1932,1942,NL,1
9b05a133,NL,2,NL,NL,0,Western,0,1951,2,1,1912,1912,NL,1
9b05f416,NL,-,NL,France,1,Western,1,1994,2,1,1957,1965,NL,1
9b0be4ef,NL,2,NL,NL,0,Western,0,1952,2,1,1914,1922,NL,1
9b11f66f,NL,2,NL,NL,0,Western,2,1969,2,1,1949,1934,NL,1
9b163b5d,NL,1,NL,NL,0,Western,2,1992,2,1,1959,1959,NL,1
9b19b7e0,NL,2,France,NL,1,Western,-,1956,2,1,1931,1920,NL,1
9b1d3230,NL,2,NL,NL,0,Western,0,1962,2,1,1925,1939,NL,1
9b1ef3a6,NL,2,France,NL,1,Western,0,1992,2,1,1957,1956,NL,1
9b2f17bb,France,2,NL,NL,0,Western,2,1962,2,1,1924,1938,France,0
9b461fc1,NL,1,NL,NL,0,Western,2,1955,2,1,1930,1928,NL,1
9b4e9f28,NL,2,NL,NL,0,Western,2,1966,2,1,1934,1941,NL,1
9b57fb2f,NL,1,France,NL,1,Western,2,1957,2,1,1929,1937,NL,1
9b5e5db7,NL,2,NL,France,1,Western,2,1980,2,1,1942,1952,NL,1
9b5fb09f,NL,2,NL,NL,0,Western,0,1960,2,1,1937,1926,NL,1
9b657412,NL,1,NL,NL,0,Western,0,1987,2,1,1966,1957,NL,1
9b66fb4b,NL,2,NL,NL,0,Western,2,1990,2,1,1960,1959,NL,1
9b684778,France,2,France,NL,1,Western,1,1960,2,1,1924,1923,France,0
9b697889,NL,1,NL,NL,0,Western,0,1996,2,1,1960,1957,NL,1
9b6a8966,France,1,NL,NL,0,Western,0,1983,2,1,1948,1963,France,0
9b6e61cd,NL,1,NL,NL,0,Western,2,1982,2,1,1956,1961,NL,1
9b704d36,France,1,NL,NL,0,Western,2,1956,2,1,1928,1936,France,0
9b7682a8,NL,2,NL,NL,0,Western,1,1970,2,1,1935,1941,NL,1
9b7e6d13,France,1,NL,France,1,Western,2,1960,2,1,1935,1928,France,0
9b82535c,NL,1,NL,NL,0,Western,0,1967,2,1,1931,1937,NL,1
9b84006c,NL,1,France,NL,1,Western,2,1994,2,1,1971,1974,NL,1
9b8b131c,NL,2,NL,NL,0,Western,2,1988,2,1,1958,1951,NL,1
9b8bc468,NL,1,NL,US,1,Western,2,1984,2,1,1953,1961,NL,1
9b92d7b2,NL,1,France,NL,1,Western,2,1981,2,1,1947,1957,NL,1
9b95074d,NL,2,France,NL,1,Western,2,1991,2,1,1956,1970,NL,1
9b9863ea,France,1,NL,NL,0,Western,1,1970,2,1,1950,1936,France,0
9b9970c7,NL,1,France,NL,1,Western,2,1953,2,1,1922,1922,NL,1
9ba80ae4,NL,2,NL,NL,0,Western,1,1981,2,1,1947,1945,NL,1
9bb4f946,France,1,NL,Egypt,1,Western,2,1985,2,1,1947,1960,France,0
9bb5de72,NL,2,NL,NL,0,Western,1,1997,2,1,1961,1975,NL,1
9bb98673,NL,1,NL,NL,0,Western,0,1999,2,1,1969,1977,NL,1
9bbb9c0b,NL,1,NL,US,1,Western,1,1991,2,1,1952,1957,NL,1
9bbc9e18,France,2,NL,NL,0,Western,0,1965,2,1,1937,1944,France,0
9bc10f20,NL,2,NL,NL,0,Western,-,1955,2,1,1933,1932,NL,1
9bc397fd,NL,2,NL,NL,0,Western,2,1967,2,1,1941,1944,NL,1
9bc5a583,NL,2,France,NL,1,Western,1,1991,2,1,1962,1954,NL,1
9bdb9aa2,NL,1,NL,NL,0,Western,2,1966,2,1,1938,1931,NL,1
9be52a55,NL,1,NL,France,1,Western,2,1999,2,1,1973,1972,NL,1
9be553e3,NL,1,US,NL,1,Western,2,1954,2,1,1931,1919,NL,1
9bed6933,NL,1,NL,NL,0,Western,1,1970,2,1,1940,1945,NL,1
9bee0ea3,NL,2,NL,NL,0,Western,0,1981,2,1,1948,1948,NL,1
9bf3a1e3,NL,2,France,NL,1,Western,0,1953,2,1,1921,1914,NL,1
9bf52296,NL,2,NL,NL,0,Western,2,1967,2,1,1929,1947,NL,1
9bf5cf92,NL,2,NL,NL,0,Western,2,1989,2,1,1957,1965,NL,1
9c076985,NL,1,NL,NL,0,Western,1,1991,2,1,1965,1969,NL,1
9c0c551d,NL,2,NL,France,1,Western,1,1967,2,1,1935,1938,NL,1
9c0c6a72,NL,1,NL,US,1,Western,0,1985,2,1,1952,1962,NL,1
9c0c8271,NL,1,NL,France,1,Western,0,1958,2,1,1920,1931,NL,1
9c0d0bae,Egypt,2,NL,NL,0,Non-Western,1,1960,2,1,1924,1938,Egypt,0
9c108d75,France,1,NL,NL,0,Western,0,1954,2,1,1921,1930,France,0
9c1d779f,NL,1,NL,NL,0,Western,1,1995,2,1,1959,1963,NL,1
9c20a559,NL,1,NL,NL,0,Western,0,1997,2,1,1966,1976,NL,1
9c20b8d2,NL,2,NL,NL,0,Western,2,1959,2,1,1929,1938,NL,1
9c2f2923,NL,1,NL,NL,0,Western,1,1998,2,1,1965,1960,NL,1
9c39607d,NL,2,US,NL,1,Western,1,1961,2,1,1936,1933,NL,1
9c3b6019,US,2,Egypt,NL,1,Western,0,1966,2,1,1943,1936,US,0
9c3c6f0f,NL,2,NL,France,1,Western,1,1956,2,1,1936,1921,NL,1
9c3d014c,NL,1,NL,NL,0,Western,0,1966,2,1,1944,1945,NL,1
9c43461b,NL,2,NL,NL,0,Western,0,1950,2,1,1916,1927,NL,1
9c471a51,NL,2,NL,France,1,Western,1,1989,2,1,1957,1965,NL,1
9c47d7ba,NL,1,France,NL,1,Western,0,1961,2,1,1927,1936,NL,1
9c50db39,NL,1,NL,NL,0,Western,0,1982,2,1,1943,1952,NL,1
9c51e9c9,NL,1,NL,NL,0,Western,2,1966,2,1,1938,1939,NL,1
9c540f02,NL,2,NL,NL,0,Western,0,1961,2,1,1924,1926,NL,1
9c59b430,NL,2,NL,NL,0,Western,2,1995,2,1,1971,1961,NL,1
9c61c989,NL,2,NL,NL,0,Western,0,1991,2,1,1970,1955,NL,1
9c694baa,NL,2,NL,NL,0,Western,0,1987,2,1,1953,1958,NL,1
9c6c2e02,NL,1,France,NL,1,Western,0,1988,2,1,1952,1950,NL,1
9c6d98e5,NL,2,NL,NL,0,Western,1,1999,2,1,1964,1976,NL,1
9c7000c6,France,1,Egypt,NL,1,Western,2,1951,2,1,1923,1917,France,0
9c7a1d34,NL,-,France,NL,1,Western,0,1993,2,1,1966,1964,NL,1
9c81de5e,NL,2,NL,NL,0,Western,1,1953,2,1,1914,1914,NL,1
9c885950,NL,2,NL,NL,0,Western,0,1987,2,1,1952,1961,NL,1
9c887746,NL,1,NL,NL,0,Western,2,1967,2,1,1947,1944,NL,1
9c9be588,France,1,NL,NL,0,Western,1,1954,2,1,1917,1924,France,0
9ca00c6c,NL,2,NL,France,1,Western,2,1950,2,1,1924,1919,NL,1
9ca1b9c7,NL,1,France,France,2,Western,1,1961,2,1,1926,1941,NL,1
9cabac78,France,2,Egypt,NL,1,Western,1,1989,2,1,1957,1952,France,0
9cac1606,NL,2,France,France,2,Western,1,1958,2,1,1931,1931,NL,1
9cb1c987,NL,2,NL,NL,0,Western,2,1981,2,1,1948,1960,NL,1
9cb959ea,NL,1,NL,NL,0,Western,1,1999,2,1,1979,1973,NL,1
9cc3a4fd,NL,1,NL,NL,0,Western,2,1985,2,1,1950,1946,NL,1
9cc70824,NL,2,NL,NL,0,Western,0,1967,2,1,1934,1929,NL,1
9cd3cd07,NL,2,NL,NL,0,Western,1,1962,2,1,1927,1937,NL,1
9ce3a1cd,NL,1,NL,NL,0,Western,2,1983,2,1,1961,1948,NL,1
9ce94e5c,France,2,NL,France,1,Western,1,1951,2,1,1924,1925,France,0
9cea9162,France,2,NL,NL,0,Western,1,1983,2,1,1944,1960,France,0
9cfb5292,NL,2,NL,NL,0,Western,2,1986,2,1,1955,1949,NL,1
9cff2e3e,NL,1,NL,NL,0,Western,1,1957,2,1,1927,1930,NL,1
9d013ea1,NL,-,NL,NL,0,Western,1,1980,2,1,1946,1957,NL,1
9d04db06,NL,1,NL,NL,0,Western,1,1950,2,1,1923,1911,NL,1
9d0bb7b5,NL,2,France,NL,1,Western,1,1982,2,1,1951,1950,NL,1
9d0fd279,NL,2,NL,NL,0,Western,2,1989,2,1,1952,1962,NL,1
9d11db7d,NL,1,NL,NL,0,Western,1,1960,2,1,1937,1929,NL,1
9d14746d,NL,2,France,NL,1,Western,2,1954,2,1,1930,1918,NL,1
9d2c0021,US,1,NL,France,1,Western,2,1955,1,1,1934,1934,US,0
9d2ffa27,France,2,NL,NL,0,Western,0,1989,2,1,1969,1951,France,0
9d332014,NL,1,NL,NL,0,Western,1,1962,2,1,1929,1939,NL,1
9d33fc52,NL,2,NL,France,1,Western,0,1987,2,1,1960,1964,NL,1
9d389a2d,NL,1,France,NL,1,Western,1,1997,2,1,1961,1977,NL,1
9d3fd5a4,NL,1,France,NL,1,Western,2,1990,2,1,1961,1953,NL,1
9d465d76,France,1,NL,NL,0,Western,1,1983,2,1,1963,1949,France,0
9d4e8650,NL,2,NL,France,1,Western,0,1991,2,1,1961,1971,NL,1
9d530133,NL,1,Egypt,France,2,Western,1,1963,2,1,1930,1927,NL,1
9d653b4d,NL,2,NL,NL,0,Western,0,1990,2,1,1957,1967,NL,1
9d6596f1,NL,2,NL,NL,0,Western,2,1986,2,1,1965,1951,NL,1
9d66cdfd,NL,1,NL,NL,0,Western,1,1963,2,1,1943,1940,NL,1
9d6d1adc,Egypt,2,NL,France,1,Non-Western,0,1953,2,1,1933,1930,Egypt,0
9d6dbc6d,NL,2,NL,NL,0,Western,2,1997,2,1,1977,1970,NL,1
9d71e8f7,NL,2,NL,NL,0,Western,0,1987,2,1,1961,1962,NL,1
9d88900e,NL,2,NL,France,1,Western,2,1994,2,1,1967,1974,NL,1
9d89fd48,NL,1,NL,NL,0,Western,0,1957,2,1,1923,1936,NL,1
9d8aa3f4,NL,2,NL,NL,0,Western,2,1981,2,-,1953,1950,NL,1
9d8dd256,NL,1,NL,NL,0,Western,1,1961,2,1,1939,1931,NL,1
9da5b3f0,NL,2,NL,NL,0,Western,0,1981,2,1,1954,1958,NL,1
9dad1e4b,NL,2,NL,NL,0,Western,1,1981,2,1,1956,1945,NL,1
9db377bc,NL,1,NL,NL,0,Western,2,1953,2,1,1919,1932,NL,1
9dbabb12,NL,1,NL,NL,0,Western,0,1953,2,1,1925,1922,NL,1
9dbb23f3,NL,1,France,NL,1,Western,1,1986,2,1,1956,1958,NL,1
9dbec167,NL,1,NL,NL,0,Western,1,1998,2,1,1970,1974,NL,1
9dcc2070,NL,2,NL,NL,0,Western,2,1992,2,1,1953,1956,NL,1
9dd19f33,NL,1,NL,NL,0,Western,0,1956,2,1,1934,1932,NL,1
9dd3be58,NL,2,NL,NL,0,Western,1,1962,2,1,1924,1932,NL,1
9dd821b2,NL,2,NL,NL,0,Western,1,1970,2,1,1934,1950,NL,1
9ddadeb9,NL,2,NL,France,1,Western,0,1967,2,1,1942,1937,NL,1
9ddd13fe,NL,2,NL,NL,0,Western,2,1950,2,1,1914,1926,NL,1
9ddfb3a5,NL,1,NL,NL,0,Western,0,1951,2,1,1922,1930,NL,1
9de346e6,NL,1,NL,NL,0,Western,1,1953,2,1,1919,1914,NL,1
9de37aac,France,2,NL,NL,0,Western,2,1954,2,1,1919,1919,France,0
9de48ee3,NL,2,NL,France,1,Western,1,1956,2,1,1930,1918,NL,1
9de89938,NL,2,France,France,2,Western,0,1952,2,1,1930,1919,NL,1
9de9a09d,US,1,NL,NL,0,Western,0,1963,2,1,1926,1939,US,0
9def672c,France,1,NL,France,1,Western,1,1968,2,1,1938,1932,France,0
9df15f0e,NL,1,NL,NL,0,Western,1,1956,2,1,1922,1923,NL,1
9df3b7f8,NL,2,NL,NL,0,Western,1,1999,2,1,1967,1973,NL,1
9df52504,NL,2,NL,NL,0,Western,2,1988,2,1,1949,1964,NL,1
9df6816a,NL,1,NL,NL,0,Western,0,1962,2,1,1931,1929,NL,1
9df9d4ff,France,2,NL,NL,0,Western,2,1964,2,1,1930,1940,France,0
9dfe5e63,Egypt,1,NL,France,1,Non-Western,0,1980,2,1,1941,1958,Egypt,0
9e02211d,NL,1,NL,France,1,Western,1,1967,2,1,1931,1941,NL,1
9e082512,NL,2,NL,NL,0,Western,1,1969,2,1,1935,1931,NL,1
9e0d8edc,NL,1,NL,NL,0,Western,1,1989,2,2,1954,1964,NL,1
9e0f28f4,NL,1,NL,NL,0,Western,2,1994,2,1,1959,1960,NL,1
9e0fa022,NL,1,NL,NL,0,Western,2,1991,2,1,1966,1965,NL,1
9e1851b1,NL,2,NL,NL,0,Western,1,1980,2,1,1957,1958,NL,1
9e19884e,France,2,NL,NL,0,Western,1,1966,2,1,1942,1946,France,0
9e1a652a,NL,1,France,NL,1,Western,1,1960,2,1,1923,1940,NL,1
9e2f40c2,NL,2,NL,NL,0,Western,2,1996,1,1,1959,1964,NL,1
9e31c4f4,NL,1,NL,France,1,Western,2,1995,2,1,1959,1958,NL,1
9e33839d,NL,2,US,NL,1,Western,0,1992,2,1,1953,1955,NL,1
9e388cb6,France,2,NL,NL,0,Western,0,1986,2,1,1948,1966,France,0
9e3dfe51,NL,1,NL,NL,0,Western,2,1987,2,1,1957,1951,NL,1
9e3fbf0e,NL,1,NL,NL,0,Western,1,1992,2,1,1956,1961,NL,1
9e44bebb,NL,2,NL,NL,0,Western,1,1981,2,1,1957,1949,NL,1
9e498659,NL,2,NL,NL,0,Western,0,1957,2,1,1918,1920,NL,1
9e4a6515,NL,2,France,NL,1,Western,1,1968,2,1,1941,1939,NL,1
9e4b2403,NL,1,NL,NL,0,Western,0,1969,2,1,1949,1930,NL,1
9e4b8fbe,NL,2,France,France,2,Western,1,1995,2,1,1964,1972,NL,1
9e4feb3f,NL,1,NL,NL,0,Western,1,1960,2,1,1929,1927,NL,1
9e506632,NL,1,NL,France,1,Western,1,1967,2,1,1941,1936,NL,1
9e5ed2e5,NL,2,NL,NL,0,Western,2,1959,2,1,1927,1920,NL,1
9e6240cc,NL,2,NL,NL,0,Western,2,1956,2,1,1918,1919,NL,1
9e67b743,NL,2,NL,NL,0,Western,2,1994,2,1,1963,1971,NL,1
9e68042b,NL,1,NL,France,1,Western,2,1999,2,1,1971,1961,NL,1
9e68c897,France,1,NL,NL,0,Western,0,1984,2,1,1953,1948,France,0
9e6b2c5d,NL,1,NL,NL,0,Western,1,1967,2,1,1936,1945,NL,1
9e6baaeb,NL,2,NL,NL,0,Western,-,1984,2,1,1956,1962,NL,1
9e6cf9b3,NL,-,NL,NL,0,Western,2,1955,2,1,1917,1921,NL,1
9e71dce6,France,1,NL,NL,0,Western,0,1953,2,1,1920,1933,France,0
9e732131,NL,2,NL,NL,0,Western,0,1989,2,1,1958,1950,NL,1
9e750aad,NL,1,France,NL,1,Western,1,1999,2,1,1964,1969,NL,1
9e76d227,NL,1,France,NL,1,Western,2,1987,2,1,1958,1959,NL,1
9e77e0f6,NL,1,NL,NL,0,Western,1,1992,2,1,1965,1972,NL,1
9e79834a,NL,1,NL,France,1,Western,0,1959,2,1,1927,1922,NL,1
9e7dcd66,NL,2,NL,NL,0,Western,2,1999,2,1,1976,1976,NL,1
9e8af916,NL,1,France,NL,1,Western,1,1951,2,1,1913,1920,NL,1
9e8fc8b7,France,2,NL,NL,0,Western,2,1985,2,1,1949,1961,France,0
9e90c05a,NL,2,NL,NL,0,Western,0,1963,2,1,1933,1935,NL,1
9e9137b3,NL,2,Egypt,France,2,Western,0,1986,2,1,1955,1954,NL,1
9e95f097,NL,1,NL,NL,0,Western,0,1952,2,1,1916,1918,NL,1
9e9cc0ce,NL,2,NL,NL,0,Western,0,1955,2,1,1916,1923,NL,1
9e9e302a,NL,1,NL,NL,0,Western,0,1996,2,1,1960,1968,NL,1
9ea1e0d6,NL,2,NL,NL,0,Western,1,1984,2,1,1954,1960,NL,1
9eada6e5,NL,2,NL,NL,0,Western,2,1952,2,1,1931,1914,NL,1
9eae9733,France,1,NL,NL,0,Western,2,1981,2,1,1954,1958,France,0
9eb8885b,US,1,NL,NL,0,Western,2,1985,2,1,1964,1957,US,0
9ec4629a,NL,-,US,NL,1,Western,0,1957,2,1,1929,1924,NL,1
9ec4f0f8,NL,2,NL,NL,0,Western,0,1953,2,1,1921,1920,NL,1
9ec8abbd,NL,2,NL,NL,0,Western,2,1986,2,-,1965,1953,NL,1
9ecc49d9,NL,1,France,NL,1,Western,1,1992,2,1,1966,1967,NL,1
9edd67ee,NL,1,NL,NL,0,Western,1,1987,2,1,1961,1962,NL,1
9ee4e52e,NL,-,France,NL,1,Western,0,1981,2,1,1949,1957,NL,1
9ee6ee6e,NL,1,NL,NL,0,Western,2,1957,2,1,1922,1920,NL,1
9eeb0678,NL,1,NL,NL,0,Western,2,1987,2,1,1967,1967,NL,1
9eec9fd1,NL,2,NL,NL,0,Western,2,1966,2,1,1942,1940,NL,1
9eecf537,NL,2,NL,NL,0,Western,1,1965,2,1,1934,1929,NL,1
9eedca4b,NL,2,France,NL,1,Western,0,1997,2,1,1962,1971,NL,1
9ef98acd,NL,1,NL,NL,0,Western,0,1994,2,1,1955,1962,NL,1
9efc5e9b,NL,1,NL,NL,0,Western,1,1991,2,1,1966,1967,NL,1
9efd7fa5,NL,2,NL,France,1,Western,0,1984,2,1,1962,1964,NL,1
9f0c7ab6,France,1,NL,NL,0,Western,2,1988,2,1,1968,1954,France,0
9f0ed95a,NL,1,France,France,2,Western,0,1992,2,1,1956,1963,NL,1
9f10c257,NL,1,NL,France,1,Western,1,1996,2,1,1967,1957,NL,1
9f14b5dd,NL,1,Egypt,NL,1,Western,1,1993,2,1,1957,1962,NL,1
9f189c0f,NL,1,NL,NL,0,Western,2,1961,2,1,1927,1930,NL,1
9f2a65e9,NL,1,NL,US,1,Western,2,1991,2,1,1968,1968,NL,1
9f34547f,NL,1,NL,NL,0,Western,1,1983,2,1,1950,1959,NL,1
9f3cc1c6,NL,2,NL,NL,0,Western,1,1995,2,1,1972,1956,NL,1
9f3e401c,France,1,NL,France,1,Western,1,1990,2,1,1958,1957,France,0
9f476436,NL,1,France,NL,1,Western,1,1980,2,1,1949,1954,NL,1
9f4a216e,NL,2,NL,NL,0,Western,1,1996,2,1,1968,1971,NL,1
9f4a305f,France,1,France,NL,1,Western,0,1986,2,1,1950,1950,France,0
9f4ec41a,NL,1,NL,France,1,Western,1,1956,-,1,1917,1933,NL,1
9f4ed8c0,NL,1,NL,NL,0,Western,1,1953,2,1,1925,1915,NL,1
9f537b53,NL,1,NL,NL,0,Western,0,1990,2,1,1969,1967,NL,1
9f53a181,NL,2,France,NL,1,Western,0,1982,2,1,1948,1948,NL,1
9f56c7ff,NL,1,NL,NL,0,Western,0,1950,2,1,1918,1924,NL,1
9f5c265d,NL,2,NL,US,1,Western,1,1980,2,1,1953,1950,NL,1
9f5cba62,NL,2,NL,France,1,Western,2,1997,2,2,1975,1964,NL,1
9f5e7455,NL,2,France,NL,1,Western,0,1957,2,1,1926,1935,NL,1
9f636db8,NL,2,NL,NL,0,Western,0,1951,2,1,1915,1918,NL,1
9f69a70c,NL,1,NL,NL,0,Western,2,1999,2,1,1976,1971,NL,1
9f6cf031,NL,1,NL,France,1,Western,2,1962,2,1,1936,1933,NL,1
9f76cc8e,NL,2,NL,NL,0,Western,2,1997,2,1,1963,1973,NL,1
9f7a28f1,NL,1,NL,NL,0,Western,1,1990,2,1,1955,1969,NL,1
9f7adefc,NL,2,NL,France,1,Western,0,1980,2,1,1957,1950,NL,1
9f7ce1d3,NL,2,NL,NL,0,Western,1,1970,2,1,1934,1945,NL,1
9f856eeb,NL,2,NL,NL,0,Western,2,1988,2,1,1957,1953,NL,1
9f8e41bb,NL,2,NL,NL,0,Western,2,1983,2,1,1959,1949,NL,1
9f972f08,France,1,NL,France,1,Western,1,1987,2,1,1963,1958,France,0
9f98c753,NL,2,NL,France,1,Western,1,1980,2,1,1957,1941,NL,1
9fab9d12,NL,2,NL,France,1,Western,-,1959,2,1,1923,1925,NL,1
9fb6a02a,NL,2,NL,NL,0,Western,0,1966,2,1,1936,1938,NL,1
9fba2967,France,2,NL,NL,0,Western,0,1985,2,1,1965,1948,France,0
9fc5bcbb,NL,1,NL,NL,0,Western,2,1990,2,1,1964,1959,NL,1
9fc76206,France,2,NL,NL,0,Western,1,1989,2,1,1951,1954,France,0
9fcb4487,France,2,NL,NL,0,Western,2,1960,2,1,1925,1935,France,0
9fcb4c8b,France,1,NL,NL,0,Western,0,1962,2,1,1935,1938,France,0
9fd0df45,NL,2,France,NL,1,Western,1,1986,2,1,1952,1959,NL,1
9fd251de,NL,1,NL,Egypt,1,Western,2,1963,2,1,1931,1936,NL,1
9fd4e78b,NL,1,NL,NL,0,Western,2,1991,2,1,1969,1952,NL,1
9fd7099d,NL,2,France,NL,1,Western,0,1994,2,1,1960,1957,NL,1
9ff1b8eb,NL,2,NL,NL,0,Western,2,1957,2,1,1921,1920,NL,1
9ff39a60,NL,1,NL,France,1,Western,0,1955,2,1,1925,1933,NL,1
a00ca1ba,NL,2,NL,France,1,Western,1,1953,2,1,1916,1933,NL,1
a00ea521,NL,2,France,NL,1,Western,0,1967,2,1,1929,1930,NL,1
a00f3488,NL,1,NL,NL,0,Western,1,1990,2,1,1967,1958,NL,1
a00f5bd1,NL,1,NL,US,1,Western,2,1985,2,1,1963,1946,NL,1
a00fb271,NL,2,NL,NL,0,Western,0,1957,2,1,1921,1920,NL,1
a011d73d,NL,1,NL,NL,0,Western,1,1959,2,1,1921,1923,NL,1
a01281b7,France,1,NL,NL,0,Western,0,1951,2,1,1926,1924,France,0
a016c557,NL,1,NL,France,1,Western,1,1966,2,1,1937,1932,NL,1
a0175581,NL,2,NL,NL,0,Western,0,1988,2,1,1958,1957,NL,1
a017f472,NL,1,Egypt,NL,1,Western,2,1986,2,1,1964,1949,NL,1
a0186322,NL,1,France,NL,1,Western,0,1986,2,1,1952,1947,NL,1
a02ae577,NL,2,NL,NL,0,Western,0,1967,2,1,1933,1928,NL,1
a02d8062,France,2,NL,NL,0,Western,0,1964,2,1,1939,1937,France,0
a02e97b6,US,1,NL,NL,0,Western,2,1952,2,1,1914,1929,US,0
a0304e6c,NL,1,NL,France,1,Western,1,1986,2,1,1955,1954,NL,1
a0339a95,France,1,NL,NL,0,Western,2,1965,2,1,1934,1938,France,0
a035521a,NL,1,NL,NL,0,Western,0,1969,2,1,1949,1934,NL,1
a03ad846,NL,2,NL,NL,0,Western,0,1953,2,1,1917,1920,NL,1
a0485d74,NL,2,NL,NL,0,Western,0,1981,2,1,1945,1945,NL,1
a04f90c3,NL,2,NL,NL,0,Western,2,1982,2,1,1951,1958,NL,1
a0508ff8,NL,2,France,NL,1,Western,0,1988,2,1,1960,1960,NL,1
a050d207,NL,2,NL,France,1,Western,0,1964,2,1,1928,1932,NL,1
a0606e26,NL,1,NL,NL,0,Western,1,1986,2,1,1950,1953,NL,1
a061f1a8,NL,2,NL,NL,0,Western,2,1992,2,1,1971,1953,NL,1
a0654b82,NL,2,NL,France,1,Western,1,1991,2,1,1966,1959,NL,1
a06d7583,NL,1,France,NL,1,Western,2,1993,-,1,1954,1962,NL,1
a07178a5,NL,2,NL,France,1,Western,-,1993,2,1,1969,1973,NL,1
a071c412,NL,2,Egypt,NL,1,Western,0,1991,2,1,1954,1968,NL,1
a074bfcc,NL,2,NL,NL,0,Western,2,1958,2,1,1923,1930,NL,1
a0790b00,US,2,NL,NL,0,Western,1,1990,2,1,1968,1957,US,0
a07b9387,US,1,France,NL,1,Western,2,1967,2,1,1938,1947,US,0
a081f4bb,NL,1,NL,NL,0,Western,1,1992,2,1,1958,1968,NL,1
a083e975,NL,-,NL,France,1,Western,0,1991,2,1,1968,1967,NL,1
a0865b25,NL,1,Egypt,NL,1,Western,1,1987,2,1,1957,1950,NL,1
a089c76d,NL,1,France,France,2,Western,2,1982,2,1,1951,1946,NL,1
a0934be0,NL,1,NL,France,1,Western,1,1991,2,1,1964,1958,NL,1
a095d3a9,NL,1,NL,NL,0,Western,1,1982,2,1,1949,1946,NL,1
a096041d,NL,2,NL,France,1,Western,1,1992,2,1,1970,1963,NL,1
a0962931,NL,2,NL,NL,0,Western,0,1969,2,1,1932,1946,NL,1
a09844fd,NL,1,France,France,2,Western,1,1986,2,1,1966,1961,NL,1
a0a3524d,NL,2,NL,France,1,Western,1,1983,2,1,1952,1945,NL,1
a0a950f2,NL,2,NL,NL,0,Western,1,1983,2,1,1945,1944,NL,1
a0b1584c,NL,1,France,France,2,Western,1,1989,2,1,1954,1950,NL,1
a0b49884,NL,2,NL,NL,0,Western,1,1970,2,1,1941,1940,NL,1
a0b8be93,NL,1,NL,NL,0,Western,0,1952,2,1,1923,1920,NL,1
a0bfc4a1,NL,1,NL,NL,0,Western,2,1985,2,1,1956,1958,NL,1
a0bffc79,NL,2,NL,NL,0,Western,1,1997,2,1,1959,1959,NL,1
a0c5e7e8,France,2,NL,France,1,Western,0,1950,2,1,1930,1925,France,0
a0cbb498,NL,2,NL,NL,0,Western,0,1964,2,1,1929,1927,NL,1
a0cf5fe8,NL,2,NL,NL,0,Western,1,1998,2,1,1974,1971,NL,1
a0cf7a95,NL,2,NL,NL,0,Western,1,1998,2,1,1977,1962,NL,1
a0d0ff14,NL,1,NL,NL,0,Western,1,1986,2,1,1951,1964,NL,1
a0d71700,NL,1,NL,NL,0,Western,0,1956,2,1,1919,1932,NL,1
a0d8ec9a,NL,2,NL,NL,0,Western,2,1952,2,1,1930,1919,NL,1
a0dd7248,France,2,NL,NL,0,Western,1,1980,2,1,1960,1953,France,0
a0dfe8ee,NL,1,NL,NL,0,Western,0,1964,2,1,1928,1926,NL,1
a0e072b6,NL,1,NL,NL,0,Western,2,1959,2,1,1932,1921,NL,1
a0e615eb,NL,1,NL,NL,0,Western,0,1991,2,1,1962,1962,NL,1
a0ef0abf,NL,1,NL,NL,0,Western,1,1967,2,1,1947,1936,NL,1
a0f64ff0,NL,1,NL,NL,0,Western,1,1965,2,1,1933,1942,NL,1
a0f99654,NL,1,NL,US,1,Western,2,1967,2,1,1937,1936,NL,1
a0fbecbe,NL,1,France,NL,1,Western,2,1984,2,1,1949,1960,NL,1
a105023e,Egypt,2,NL,NL,0,Non-Western,0,1955,2,1,1921,1922,Egypt,0
a116b834,NL,1,France,NL,1,Western,2,1956,2,-,1936,1934,NL,1
a118efbd,NL,2,NL,France,1,Western,0,1965,2,1,1935,1937,NL,1
a11db89e,NL,2,NL,NL,0,Western,2,1989,2,1,1965,1953,NL,1
a1278422,France,2,France,France,2,Western,1,1989,2,1,1954,1960,France,0
a12a7dfb,NL,2,NL,NL,0,Western,2,1990,2,1,1954,1961,NL,1
a12a8f76,NL,1,NL,NL,0,Western,0,1959,2,1,1932,1923,NL,1
a12c3e36,NL,1,US,NL,1,Western,1,1992,2,1,1960,1957,NL,1
a12d3305,Egypt,2,NL,NL,0,Non-Western,2,1983,2,1,1952,1956,Egypt,0
a12e6078,NL,1,NL,NL,0,Western,1,1969,2,1,1945,1946,NL,1
a135d43c,NL,2,NL,NL,0,Western,1,1961,2,1,1927,1924,NL,1
a137610e,NL,1,NL,NL,0,Western,1,1964,2,1,1942,1929,NL,1
a13b4df5,NL,-,NL,NL,0,Western,1,1967,2,1,1937,1937,NL,1
a13ea5d0,NL,1,NL,France,1,Western,0,1994,2,1,1958,1965,NL,1
a14b4431,NL,2,NL,NL,0,Western,1,1999,2,1,1973,1971,NL,1
a151f3b1,NL,2,France,France,2,Western,2,1996,2,1,1962,1968,NL,1
a1587ac2,NL,1,NL,NL,0,Western,0,1994,2,1,1959,1957,NL,1
a15b3fbe,NL,1,NL,France,1,Western,2,1989,2,1,1955,1963,NL,1
a16249cb,NL,1,France,NL,1,Western,2,1989,2,1,1964,1964,NL,1
a16b1009,NL,2,France,US,2,Western,0,1956,2,1,1922,1922,NL,1
a16fd47f,NL,2,NL,Egypt,1,Western,0,1957,2,1,1937,1923,NL,1
a17280dc,France,2,US,NL,1,Western,1,1950,2,1,1919,1924,France,0
a175478f,NL,1,NL,NL,0,Western,1,1987,2,1,1960,1960,NL,1
a176e24a,NL,2,France,NL,1,Western,1,1964,2,1,1940,1935,NL,1
a17c2163,NL,1,NL,US,1,Western,1,1998,2,1,1973,1977,NL,1
a17d3594,NL,1,NL,NL,0,Western,0,1988,2,1,1966,1957,NL,1
a1926c99,NL,1,France,France,2,Western,2,1954,-,1,1934,1923,NL,1
a194a32e,NL,2,NL,France,1,Western,1,1996,2,1,1961,1975,NL,1
a19ef81b,NL,1,NL,NL,0,Western,0,1953,2,2,1929,1931,NL,1
a1a36a12,NL,1,NL,NL,0,Western,1,1958,2,1,1933,1924,NL,1
a1a4a3ea,NL,2,NL,France,1,Western,0,1999,2,1,1975,1979,NL,1
a1a7be0e,NL,2,NL,NL,0,Western,0,1983,2,1,1950,1959,NL,1
a1af0ec9,NL,2,France,NL,1,Western,1,1983,2,1,1960,1958,NL,1
a1b0ec38,NL,2,NL,France,1,Western,0,1964,2,1,1931,1944,NL,1
a1b6ebf3,NL,2,NL,NL,0,Western,1,1984,2,1,1954,1960,NL,1
a1b99d9a,NL,2,NL,NL,0,Western,0,1991,2,1,1968,1970,NL,1
a1c8748c,NL,2,NL,NL,0,Western,1,1961,2,1,1927,1940,NL,1
a1c8d962,NL,2,France,NL,1,Western,2,1969,2,1,1949,1948,NL,1
a1cb2ca9,NL,-,NL,NL,0,Western,1,1983,2,1,1953,1950,NL,1
a1d4ff95,NL,2,NL,NL,0,Western,2,1986,2,1,1952,1953,NL,1
a1d7e0a5,NL,2,NL,NL,0,Western,1,1966,2,1,1934,1945,NL,1
a1dd57a6,NL,2,NL,France,1,Western,2,1999,2,1,1977,1976,NL,1
a1dd59e0,NL,-,NL,NL,0,Western,2,1982,2,1,1962,1946,NL,1
a1e586a4,Egypt,2,NL,NL,0,Non-Western,1,1957,2,1,1934,1919,Egypt,0
a1e6f699,NL,2,NL,NL,0,Western,2,1986,2,1,1949,1961,NL,1
a1efc36e,NL,2,NL,NL,0,Western,1,1996,2,1,1967,1965,NL,1
a1f264f1,NL,1,France,NL,1,Western,1,1952,2,1,1922,1932,NL,1
a1f5b9c3,NL,1,NL,NL,0,Western,1,1991,2,1,1958,1967,NL,1
a1fc84e5,NL,1,NL,NL,0,Western,2,1964,2,1,1932,1943,NL,1
a1fe8238,NL,1,NL,NL,0,Western,2,1956,2,1,1921,1927,NL,1
a2045b80,NL,2,NL,NL,0,Western,1,1960,2,1,1924,1938,NL,1
a2057316,NL,1,NL,NL,0,Western,1,1990,2,1,1953,1962,NL,1
a2057550,NL,2,NL,NL,0,Western,0,1954,2,1,1917,1919,NL,1
a20902bc,NL,2,NL,NL,0,Western,2,1952,2,-,1926,1932,NL,1
a20e8d6e,NL,2,NL,NL,0,Western,2,1991,2,1,1968,1968,NL,1
a213102c,France,1,NL,NL,0,Western,1,1984,2,1,1952,1956,France,0
a215c48c,NL,1,NL,France,1,Western,2,1956,2,1,1920,1926,NL,1
a222669e,NL,2,NL,Egypt,1,Western,1,1952,2,1,1927,1920,NL,1
a2228d62,NL,2,NL,France,1,Western,0,1989,2,1,1969,1965,NL,1
a222985a,NL,1,NL,France,1,Western,2,1999,2,1,1968,1979,NL,1
a2235af1,NL,2,France,France,2,Western,0,1999,2,1,1979,1978,NL,1
a22b0d7c,NL,1,France,NL,1,Western,2,1982,2,1,1961,1955,NL,1
a22fee9b,NL,1,France,NL,1,Western,2,1995,2,-,1960,1970,NL,1
a23244cb,NL,-,NL,NL,0,Western,0,1960,2,1,1931,1927,NL,1
a241caff,NL,2,NL,NL,0,Western,1,1970,2,1,1939,1931,NL,1
a2432fd5,NL,2,NL,NL,0,Western,2,1951,2,1,1929,1931,NL,1
a2493780,NL,1,France,NL,1,Western,0,1955,2,1,1923,1924,NL,1
a24d0ac1,NL,2,NL,NL,0,Western,1,1999,2,1,1967,1978,NL,1
a24f7e5f,NL,1,NL,NL,0,Western,1,1968,2,1,1930,1945,NL,1
a253ebb3,NL,2,France,NL,1,Western,2,1988,2,1,1960,1957,NL,1
a2563a6c,NL,2,NL,Egypt,1,Western,1,1993,2,1,1969,1973,NL,1
a268c9db,NL,2,NL,NL,0,Western,0,1952,2,1,1917,1931,NL,1
a26bafb5,NL,1,NL,NL,0,Western,0,1998,2,1,1975,1964,NL,1
a270bce6,NL,1,NL,France,1,Western,1,1987,2,1,1958,1957,NL,1
a275827f,NL,1,NL,NL,0,Western,2,1990,2,1,1951,1954,NL,1
a27a297e,NL,2,NL,NL,0,Western,1,1962,2,1,1923,1930,NL,1
a27a42a4,France,1,NL,NL,0,Western,1,1970,2,1,1950,1934,France,0
a27dd996,NL,1,NL,NL,0,Western,2,1995,2,-,1972,1972,NL,1
a27e306a,NL,2,France,NL,1,Western,1,1970,2,1,1945,1937,NL,1
a280f7c5,NL,1,NL,NL,0,Western,1,1964,2,1,1939,1939,NL,1
a2812181,NL,1,France,NL,1,Western,1,1956,2,1,1934,1936,NL,1
a2814ac4,NL,2,NL,NL,0,Western,0,1985,2,1,1949,1954,NL,1
a28d0c62,France,2,NL,NL,0,Western,0,1984,2,1,1960,1950,France,0
a290305f,NL,1,NL,NL,0,Western,1,1986,2,1,1966,1951,NL,1
a294007e,NL,1,NL,France,1,Western,0,1967,2,1,1937,1935,NL,1
a2a7c5c0,NL,1,NL,NL,0,Western,2,1968,2,1,1942,1943,NL,1
a2b6ffa5,NL,2,NL,NL,0,Western,0,1963,2,1,1937,1929,NL,1
a2bd50c3,NL,1,France,NL,1,Western,2,1995,2,1,1968,1961,NL,1
a2bfa471,NL,2,NL,NL,0,Western,1,1980,2,1,1951,1947,NL,1
a2c56567,NL,1,NL,NL,0,Western,0,1990,2,1,1960,1963,NL,1
a2ca4094,NL,2,NL,NL,0,Western,1,1981,2,1,1954,1954,NL,1
a2ccce26,France,2,NL,NL,0,Western,0,1964,2,1,1942,1930,France,0
a2d1e476,NL,1,NL,NL,0,Western,0,1984,2,1,1957,1950,NL,1
a2d2d040,NL,1,NL,NL,0,Western,0,1959,2,-,1937,1936,NL,1
a2d9fed1,NL,2,NL,NL,0,Western,2,1961,2,1,1925,1928,NL,1
a2dab002,NL,1,NL,France,1,Western,2,1994,2,1,1974,1972,NL,1
a2e26d02,NL,2,NL,US,1,Western,2,1998,2,1,1960,1959,NL,1
a2e2eaff,NL,2,NL,NL,0,Western,2,1999,2,1,1960,1967,NL,1
a2e827f0,NL,1,NL,NL,0,Western,0,1995,2,1,1966,1956,NL,1
a2e8b5b0,NL,2,NL,NL,0,Western,0,1950,2,1,1927,1921,NL,1
a2ee3cf5,NL,1,NL,NL,0,Western,2,1961,2,1,1922,1931,NL,1
a2f2e13b,NL,2,France,NL,1,Western,1,1953,2,1,1920,1917,NL,1
a2f54275,NL,2,NL,NL,0,Western,-,1987,2,1,1962,1966,NL,1
a2f787b5,NL,2,NL,NL,0,Western,1,1990,2,1,1961,1962,NL,1
a2f98f1d,NL,2,NL,NL,0,Western,1,1994,2,1,1964,1970,NL,1
a2fbcd74,NL,2,NL,NL,0,Western,1,1996,2,1,1966,1976,NL,1
a2fe1894,NL,1,US,France,2,Western,1,1983,2,1,1949,1958,NL,1
a3014fb1,NL,1,France,France,2,Western,0,1970,2,1,1943,1935,NL,1
a3043b92,France,1,NL,France,1,Western,0,1953,2,1,1933,1916,France,0
a3056bcf,NL,1,NL,NL,0,Western,0,1981,2,1,1944,1959,NL,1
a3062d60,NL,2,NL,NL,0,Western,1,1966,2,1,1935,1938,NL,1
a311ebc9,NL,2,France,NL,1,Western,2,1981,2,1,1959,1946,NL,1
a31be060,NL,2,US,NL,1,Western,2,1981,2,1,1944,1943,NL,1
a3289706,NL,2,France,NL,1,Western,1,1959,2,1,1927,1927,NL,1
a32bf007,NL,1,NL,NL,0,Western,1,1959,2,1,1938,1932,NL,1
a3300d0c,NL,1,NL,France,1,Western,2,1960,2,1,1933,1925,NL,1
a33b1d13,NL,1,NL,NL,0,Western,2,1952,2,1,1927,1932,NL,1
a34928ac,France,1,NL,NL,0,Western,2,1984,2,1,1961,1948,France,0
a3509d92,France,1,France,NL,1,Western,1,1950,2,1,1914,1918,France,0
a353a575,NL,2,NL,NL,0,Western,1,1964,2,1,1937,1929,NL,1
a3540603,NL,2,NL,NL,0,Western,1,1980,2,1,1960,1955,NL,1
a3570f3d,NL,2,NL,NL,0,Western,1,1953,2,1,1921,1918,NL,1
a3580fa4,NL,2,NL,NL,0,Western,1,1984,2,1,1948,1957,NL,1
a3581a64,NL,2,NL,NL,0,Western,2,1984,2,1,1950,1945,NL,1
a360c8e9,NL,2,NL,NL,0,Western,2,1966,2,1,1934,1938,NL,1
a36579a4,NL,2,NL,US,1,Western,0,1969,2,1,1944,1930,NL,1
a37137a4,NL,2,NL,NL,0,Western,1,1988,2,2,1960,1965,NL,1
a3753e02,NL,1,NL,NL,0,Western,2,1959,2,1,1921,1926,NL,1
a37fa0cc,France,1,France,NL,1,Western,2,1964,2,1,1925,1939,France,0
a3843aee,NL,1,NL,NL,0,Western,2,1985,2,1,1952,1952,NL,1
a38c6b4d,NL,2,NL,NL,0,Western,0,1984,2,1,1949,1961,NL,1
a39065bf,NL,2,NL,NL,0,Western,1,1980,2,1,1959,1957,NL,1
a390f0f4,NL,-,NL,France,1,Western,1,1959,2,1,1928,1933,NL,1
a3a95b1a,NL,2,NL,NL,0,Western,0,1959,2,1,1939,1921,NL,1
a3b3a9ec,NL,-,NL,NL,0,Western,1,1966,2,1,1934,1927,NL,1
a3b4d85f,NL,2,NL,France,1,Western,0,1988,2,1,1958,1957,NL,1
a3bd237a,NL,1,NL,NL,0,Western,1,1952,2,1,1928,1931,NL,1
a3be3f38,France,2,NL,NL,0,Western,1,1966,2,1,1934,1939,France,0
a3c72708,US,1,NL,NL,0,Western,2,1988,2,1,1960,1960,US,0
a3ca8d15,NL,2,NL,France,1,Western,2,1997,2,1,1958,1960,NL,1
a3cc5ac9,NL,1,NL,NL,0,Western,2,1984,2,1,1945,1964,NL,1
a3d384f2,NL,1,NL,NL,0,Western,1,1982,2,1,1960,1946,NL,1
a3d567dc,NL,2,NL,Egypt,1,Western,2,1993,2,1,1966,1970,NL,1
a3d59df8,France,1,NL,NL,0,Western,1,1988,2,1,1963,1961,France,0
a3dbf7ac,France,1,France,NL,1,Western,0,1983,2,1,1946,1948,France,0
a3dd742e,NL,1,France,NL,1,Western,0,1969,2,1,1931,1933,NL,1
a3e74547,NL,2,NL,NL,0,Western,1,1987,2,1,1949,1961,NL,1
a3ec8810,NL,2,NL,NL,0,Western,0,1954,2,1,1928,1924,NL,1
a3ede384,NL,2,France,France,2,Western,2,1982,2,1,1952,1957,NL,1
a3fe4d1c,NL,1,US,NL,1,Western,1,1992,2,1,1965,1966,NL,1
a4018b70,NL,1,NL,France,1,Western,1,1958,2,1,1929,1930,NL,1
a4083fe4,NL,2,Egypt,NL,1,Western,0,1969,2,1,1941,1940,NL,1
a40f44bf,NL,1,NL,NL,0,Western,1,1991,2,1,1957,1959,NL,1
a41a9c3d,NL,2,NL,NL,0,Western,2,1969,2,1,1934,1940,NL,1
a41c74d2,NL,2,NL,France,1,Western,2,1965,2,1,1927,1926,NL,1
a41efaa2,NL,1,NL,Egypt,1,Western,1,1981,2,1,1960,1956,NL,1
a42a5d9d,NL,-,France,France,2,Western,2,1963,2,1,1937,1929,NL,1
a42e9a2e,NL,2,NL,NL,0,Western,2,1969,2,1,1947,1943,NL,1
a4363790,NL,2,France,NL,1,Western,1,1991,2,1,1971,1959,NL,1
a4432990,NL,2,NL,NL,0,Western,0,1999,2,1,1978,1968,NL,1
a4462b3c,NL,2,NL,NL,0,Western,1,1998,2,1,1964,1964,NL,1
a449ad34,NL,1,France,NL,1,Western,2,1952,2,1,1929,1921,NL,1
a45480f2,NL,2,NL,France,1,Western,2,1984,2,1,1945,1950,NL,1
a45e93ac,NL,1,France,NL,1,Western,1,1987,2,1,1959,1957,NL,1
a4698814,France,1,NL,NL,0,Western,0,1963,2,1,1927,1942,France,0
a46b7fbc,NL,1,France,NL,1,Western,0,1969,2,1,1941,1933,NL,1
a46e1321,NL,1,NL,NL,0,Western,2,1958,1,1,1922,1920,NL,1
a46e1c28,NL,2,NL,France,1,Western,2,1989,2,1,1957,1962,NL,1
a47e32fe,NL,2,NL,France,1,Western,1,1967,2,1,1945,1928,NL,1
a47e6a69,NL,2,NL,NL,0,Western,2,1998,2,1,1963,1977,NL,1
a4846853,NL,1,NL,NL,0,Western,1,1969,2,1,1937,1944,NL,1
a48730e5,NL,2,France,France,2,Western,0,1994,2,1,1965,1964,NL,1
a4878f8b,France,2,NL,France,1,Western,0,1982,2,1,1944,1948,France,0
a488c5df,NL,2,NL,NL,0,Western,0,1982,2,1,1960,1953,NL,1
a49bd1fc,NL,1,NL,NL,0,Western,1,1988,2,1,1957,1949,NL,1
a49e3288,NL,1,NL,NL,0,Western,1,1996,1,1,1965,1961,NL,1
a4a08ce5,NL,1,France,France,2,Western,0,1982,2,1,1950,1951,NL,1
a4a0c34f,NL,1,France,NL,1,Western,2,1984,2,1,1958,1946,NL,1
a4a5e9c3,NL,2,NL,NL,0,Western,1,1951,2,1,1920,1931,NL,1
a4b4cf8f,NL,2,NL,NL,0,Western,2,1969,2,1,1947,1939,NL,1
a4b832d2,NL,2,NL,NL,0,Western,1,1952,2,1,1927,1928,NL,1
a4be2f99,France,1,NL,France,1,Western,2,1980,2,1,1954,1960,France,0
a4cd7ce3,NL,1,NL,NL,0,Western,1,1966,2,1,1941,1944,NL,1
a4d17dea,France,2,France,NL,1,Western,0,1982,2,1,1949,1947,France,0
a4d29918,NL,2,NL,NL,0,Western,2,1966,2,1,1941,1929,NL,1
a4d2f8b1,NL,2,Egypt,NL,1,Western,0,1953,2,1,1918,1923,NL,1
a4d31ac3,NL,1,France,NL,1,Western,1,1965,2,1,1928,1941,NL,1
a4d584f1,NL,2,US,NL,1,Western,2,1953,1,1,1914,1923,NL,1
a4dab095,NL,1,NL,NL,0,Western,0,1983,2,1,1945,1944,NL,1
a4dfddac,NL,2,NL,Egypt,1,Western,1,1956,2,1,1917,1936,NL,1
a4f25734,NL,2,NL,NL,0,Western,2,1954,2,1,1928,1932,NL,1
a4f5cf18,NL,2,NL,France,1,Western,2,1965,2,1,1926,1939,NL,1
a4fb9d89,NL,1,NL,NL,0,Western,2,1997,2,1,1965,1963,NL,1
a5054379,NL,2,NL,NL,0,Western,0,1995,2,1,1970,1962,NL,1
a50f73c9,NL,-,NL,NL,0,Western,0,1969,2,1,1945,1931,NL,1
a51adaec,NL,1,Egypt,France,2,Western,0,1969,2,1,1939,1933,NL,1
a5286d91,NL,2,NL,Egypt,1,Western,1,1999,2,1,1974,1979,NL,1
a52b0470,NL,2,NL,NL,0,Western,2,1994,2,1,1962,1956,NL,1
a52b9e9e,NL,2,NL,US,1,Western,2,1988,2,1,1965,1955,NL,1
a52f1824,NL,1,France,NL,1,Western,1,1997,2,1,1961,1974,NL,1
a5300877,NL,2,NL,France,1,Western,1,1964,2,1,1931,1932,NL,1
a53078da,NL,1,NL,NL,0,Western,1,1990,2,1,1964,1965,NL,1
a5371112,US,1,France,NL,1,Western,0,1961,2,1,1938,1924,US,0
a537b2e0,NL,1,France,NL,1,Western,1,1951,2,1,1924,1922,NL,1
a53e80cc,NL,2,NL,NL,0,Western,1,1962,2,1,1926,1926,NL,1
a53ec3ca,NL,1,NL,NL,0,Western,1,1983,2,1,1958,1955,NL,1
a5497a8a,NL,1,France,NL,1,Western,0,1959,2,1,1936,1929,NL,1
a5527f3f,NL,1,Egypt,NL,1,Western,0,1988,2,1,1961,1957,NL,1
a55645c4,NL,2,NL,NL,0,Western,1,1954,2,1,1931,1934,NL,1
a557b13f,NL,1,NL,France,1,Western,1,1983,2,1,1961,1950,NL,1
a557dabb,NL,1,NL,NL,0,Western,0,1960,2,1,1928,1937,NL,1
a5583283,NL,1,NL,NL,0,Western,1,1965,2,1,1927,1931,NL,1
a55a121e,NL,1,NL,NL,0,Western,1,1994,2,1,1970,1964,NL,1
a55a9c87,NL,1,NL,NL,0,Western,1,1980,2,1,1953,1947,NL,1
a55b5343,NL,2,France,NL,1,Western,2,1950,2,1,1927,1928,NL,1
a55e6296,NL,2,NL,NL,0,Western,1,1999,2,1,1973,1973,NL,1
a55e8514,NL,1,NL,France,1,Western,1,1954,2,1,1920,1934,NL,1
a56098a5,NL,2,NL,NL,0,Western,0,1985,2,1,1953,1963,NL,1
a562adad,NL,2,NL,France,1,Western,1,1991,2,1,1956,1953,NL,1
a566d014,NL,1,NL,NL,0,Western,2,1957,2,1,1924,1923,NL,1
a56900d0,NL,1,France,NL,1,Western,0,1990,2,1,1970,1956,NL,1
a569e192,France,1,NL,NL,0,Western,2,1982,2,1,1957,1952,France,0
a5739ab3,NL,1,NL,France,1,Western,0,1981,2,1,1942,1943,NL,1
a574988c,NL,1,NL,NL,0,Western,1,1996,2,1,1963,1958,NL,1
a576cfca,NL,2,NL,NL,0,Western,0,1964,2,1,1935,1943,NL,1
a579cdd0,France,2,France,NL,1,Western,2,1989,2,1,1962,1953,France,0
a583dffa,NL,2,NL,NL,0,Western,0,1989,2,1,1956,1952,NL,1
a58689af,NL,2,NL,NL,0,Western,1,1954,2,1,1917,1931,NL,1
a58b15de,NL,1,France,France,2,Western,0,1960,2,1,1922,1934,NL,1
a58f2a09,NL,2,NL,NL,0,Western,2,1965,2,1,1935,1941,NL,1
a590d8a5,NL,1,NL,NL,0,Western,2,1951,2,1,1929,1925,NL,1
a59c07ce,NL,1,NL,France,1,Western,1,1994,2,1,1969,1956,NL,1
a5a2e4fb,France,1,US,NL,1,Western,2,1961,2,1,1939,1928,France,0
a5afaf4f,NL,1,France,NL,1,Western,1,1950,2,1,1929,1913,NL,1
a5b17aae,US,2,NL,NL,0,Western,1,1953,2,1,1923,1922,US,0
a5bb11ea,NL,1,NL,NL,0,Western,0,1992,2,1,1957,1953,NL,1
a5bb817c,NL,1,France,NL,1,Western,2,1953,2,1,1917,1915,NL,1
a5bf19b2,NL,-,France,NL,1,Western,2,1951,2,1,1912,1914,NL,1
a5c03771,NL,1,NL,NL,0,Western,2,1965,2,1,1939,1934,NL,1
a5c24622,NL,2,NL,France,1,Western,1,1953,2,1,1925,1922,NL,1
a5c25c92,NL,1,NL,NL,0,Western,2,1997,2,1,1975,1966,NL,1
a5c3b2c6,NL,1,NL,NL,0,Western,-,1986,2,1,1950,1959,NL,1
a5c74295,France,2,France,NL,1,Western,1,1980,2,1,1957,1944,France,0
a5cd8e98,NL,1,NL,NL,0,Western,2,1982,-,1,1954,1949,NL,1
a5e31363,France,1,NL,NL,0,Western,2,1962,2,1,1935,1940,France,0
a5e3c714,France,1,NL,NL,0,Western,1,1966,2,1,1931,1932,France,0
a5e41803,NL,2,NL,NL,0,Western,1,1982,2,1,1954,1957,NL,1
a5e696d4,France,2,NL,NL,0,Western,1,1985,2,1,1959,1962,France,0
a5ec3200,NL,2,NL,France,1,Western,0,1955,2,1,1921,1922,NL,1
a5f0c64f,NL,2,France,US,2,Western,1,1968,2,1,1945,1948,NL,1
a5f2863b,NL,2,NL,France,1,Western,0,1980,2,1,1942,1954,NL,1
a5f726e1,NL,1,NL,France,1,Western,0,1954,2,1,1915,1931,NL,1
a5fac204,NL,2,NL,France,1,Western,0,1995,2,1,1958,1961,NL,1
a5fe553b,NL,1,NL,France,1,Western,0,1967,2,1,1938,1943,NL,1
a6015273,NL,2,NL,NL,0,Western,0,1984,2,1,1945,1949,NL,1
a60b0103,France,2,France,France,2,Western,1,1987,2,1,1963,1953,France,0
a611486a,NL,1,US,NL,1,Western,1,1990,2,1,1958,1954,NL,1
a616fe81,NL,1,NL,NL,0,Western,2,1954,2,1,1927,1918,NL,1
a6198868,France,2,NL,NL,0,Western,1,1956,2,1,1934,1919,France,0
a61ccf9f,NL,2,NL,NL,0,Western,2,1959,2,1,1929,1937,NL,1
a61db1e6,US,1,NL,US,1,Western,1,1970,2,1,1947,1938,US,0
a6200c41,NL,1,NL,NL,0,Western,0,1955,2,1,1934,1932,NL,1
a625b20d,NL,2,France,US,2,Western,1,1991,2,1,1957,1955,NL,1
a6313c68,NL,1,France,NL,1,Western,2,1991,2,1,1966,1954,NL,1
a6370dec,NL,1,NL,NL,0,Western,1,1989,2,1,1967,1968,NL,1
a63bb118,NL,2,France,NL,1,Western,1,1960,2,1,1933,1931,NL,1
a6434ad1,NL,2,NL,NL,0,Western,1,1992,2,1,1967,1953,NL,1
a64ba58b,NL,1,NL,NL,0,Western,2,1961,2,1,1926,1926,NL,1
a65000dd,France,1,NL,NL,0,Western,1,1968,2,1,1948,1930,France,0
a656ca24,NL,1,NL,NL,0,Western,0,1985,2,1,1946,1948,NL,1
a658b0a4,France,1,NL,US,1,Western,2,1955,2,1,1931,1928,France,0
a65ce5ec,NL,1,US,NL,1,Western,1,1959,2,1,1937,1937,NL,1
a660706a,NL,1,NL,NL,0,Western,2,1988,2,1,1966,1967,NL,1
a6682dc3,NL,1,NL,NL,0,Western,1,1951,2,1,1924,1928,NL,1
a66a819b,NL,1,NL,France,1,Western,1,1980,2,1,1953,1950,NL,1
a67593f1,NL,2,NL,NL,0,Western,2,1955,2,1,1919,1922,NL,1
a6808a07,NL,1,France,France,2,Western,0,1964,2,1,1928,1940,NL,1
a6838729,NL,2,NL,NL,0,Western,1,1962,2,1,1940,1940,NL,1
a695d29d,France,2,NL,NL,0,Western,2,1951,2,1,1925,1913,France,0
a69bf0a7,NL,1,France,NL,1,Western,1,1960,2,1,1933,1933,NL,1
a6a7da2d,NL,1,NL,NL,0,Western,0,1998,2,1,1959,1970,NL,1
a6a7f283,NL,2,NL,NL,0,Western,2,1983,2,1,1953,1949,NL,1
a6afc8fc,France,1,NL,NL,0,Western,0,1957,2,1,1928,1920,France,0
a6b06ee6,NL,1,NL,NL,0,Western,0,1989,2,1,1961,1962,NL,1
a6b850ae,NL,1,Egypt,NL,1,Western,2,1980,2,1,1960,1947,NL,1
a6bcc05b,NL,2,NL,NL,0,Western,0,1996,2,1,1963,1963,NL,1
a6bccabe,NL,1,NL,NL,0,Western,1,1994,2,1,1959,1969,NL,1
a6be9d51,NL,1,US,NL,1,Western,1,1999,2,1,1978,1967,NL,1
a6c6e75d,NL,2,NL,NL,0,Western,2,1999,2,1,1979,1977,NL,1
a6cb9e02,NL,2,NL,France,1,Western,2,1983,2,1,1963,1946,NL,1
a6cffb07,NL,1,France,NL,1,Western,0,1969,2,1,1935,1938,NL,1
a6d08b90,NL,1,NL,NL,0,Western,0,1993,2,1,1960,1957,NL,1
a6d6429e,NL,2,NL,NL,0,Western,1,1991,2,1,1956,1965,NL,1
a6d9b92c,NL,2,NL,France,1,Western,1,1990,2,1,1969,1951,NL,1
a6dc4e67,NL,1,NL,France,1,Western,1,1950,2,1,1925,1911,NL,1
a6de93fb,NL,2,NL,NL,0,Western,2,1991,2,1,1967,1953,NL,1
a6e1b225,Egypt,2,NL,NL,0,Non-Western,2,1952,2,1,1929,1932,Egypt,0
a6e42865,NL,1,NL,NL,0,Western,2,1969,2,1,1936,1933,NL,1
a6e6912e,NL,2,NL,France,1,Western,2,1992,2,1,1971,1953,NL,1
a6e94b9f,NL,1,NL,France,1,Western,1,1987,2,1,1964,1959,NL,1
a6f5b55c,NL,2,NL,NL,0,Western,2,1959,2,1,1933,1926,NL,1
a6f93c7c,NL,1,NL,France,1,Western,2,1966,2,1,1932,1942,NL,1
a6ffcdb1,NL,1,NL,NL,0,Western,0,1996,2,1,1966,1964,NL,1
a707cb6d,NL,-,NL,France,1,Western,1,1967,2,1,1928,1936,NL,1
a70853ac,NL,2,NL,NL,0,Western,0,1965,2,1,1927,1930,NL,1
a7191e1a,NL,2,NL,NL,0,Western,0,1970,2,1,1931,1932,NL,1
a71e5354,NL,2,NL,France,1,Western,1,1953,2,1,1919,1924,NL,1
a72011df,NL,2,NL,France,1,Western,0,1982,1,1,1961,1959,NL,1
a720cf24,NL,2,NL,NL,0,Western,0,1970,2,1,1944,1940,NL,1
a72841b6,NL,1,France,NL,1,Western,0,1982,2,1,1958,1955,NL,1
a7398c12,NL,2,France,France,2,Western,2,1960,2,1,1937,1929,NL,1
a73a15ba,NL,1,NL,NL,0,Western,1,1982,2,1,1951,1952,NL,1
a73f6a52,NL,2,NL,NL,0,Western,2,1958,2,1,1927,1928,NL,1
a75576ae,NL,1,NL,NL,0,Western,2,1991,2,1,1955,1953,NL,1
a75bbc29,NL,2,NL,NL,0,Western,1,1989,2,1,1964,1969,NL,1
a75db4fc,NL,1,NL,NL,0,Western,2,1981,2,1,1943,1948,NL,1
a7644c21,NL,1,NL,NL,0,Western,0,1955,2,1,1924,1927,NL,1
a7688af0,NL,2,France,NL,1,Western,0,1969,2,1,1933,1946,NL,1
a7721970,NL,2,NL,NL,0,Western,1,1968,2,1,1932,1932,NL,1
a77dd615,NL,1,NL,NL,0,Western,1,1983,2,1,1962,1950,NL,1
a78045dc,NL,1,NL,NL,0,Western,0,1989,2,1,1969,1956,NL,1
a782f418,France,1,France,NL,1,Western,1,1967,2,1,1946,1938,France,0
a78a6cc0,NL,2,NL,NL,0,Western,0,1954,2,1,1926,1921,NL,1
a79054af,NL,2,Egypt,NL,1,Western,1,1998,2,1,1959,1969,NL,1
a790d001,France,1,NL,NL,0,Western,0,1983,2,1,1953,1960,France,0
a791e8a1,NL,2,NL,NL,0,Western,1,1953,2,1,1933,1923,NL,1
a7963263,NL,1,NL,NL,0,Western,1,1965,2,-,1941,1937,NL,1
a7975abc,NL,2,US,NL,1,Western,2,1955,2,1,1930,1931,NL,1
a79e7c68,NL,2,NL,NL,0,Western,1,1997,2,1,1971,1973,NL,1
a7a29ef0,NL,2,NL,NL,0,Western,1,1980,2,1,1956,1953,NL,1
a7a4df0a,France,1,France,France,2,Western,1,1958,2,1,1922,1919,France,0
a7aef821,NL,2,NL,NL,0,Western,2,1999,2,1,1978,1966,NL,1
a7b10401,NL,2,Egypt,NL,1,Western,1,1985,2,1,1950,1955,NL,1
a7baa863,NL,2,France,NL,1,Western,2,1969,2,1,1935,1944,NL,1
a7bb17f1,NL,2,NL,NL,0,Western,1,1984,2,1,1958,1963,NL,1
a7bcc6ea,NL,1,France,NL,1,Western,1,1981,2,1,1950,1944,NL,1
a7bd557a,NL,1,NL,NL,0,Western,2,1956,2,1,1934,1925,NL,1
a7c49d23,NL,1,France,NL,1,Western,1,1995,2,1,1970,1960,NL,1
a7c655c5,NL,2,NL,France,1,Western,0,1997,2,1,1974,1977,NL,1
a7d221c1,NL,1,France,NL,1,Western,2,1985,2,1,1963,1963,NL,1
a7dbe469,NL,1,NL,NL,0,Western,1,1994,2,1,1964,1971,NL,1
a7dcf8a2,NL,1,NL,NL,0,Western,1,1996,-,1,1972,1962,NL,1
a7e375e9,NL,2,NL,NL,0,Western,0,1989,2,1,1965,1951,NL,1
a7ef779f,NL,1,NL,NL,0,Western,2,1981,1,1,1944,1943,NL,1
a802887f,NL,2,France,France,2,Western,1,1955,2,1,1918,1927,NL,1
a8167862,Egypt,2,NL,France,1,Non-Western,1,1964,2,1,1927,1939,Egypt,0
a81f793b,US,1,NL,NL,0,Western,2,1956,2,1,1931,1927,US,0
a82187ec,NL,2,Egypt,NL,1,Western,2,1961,2,1,1923,1938,NL,1
a82bd908,US,2,France,NL,1,Western,1,1960,2,1,1927,1923,US,0
a82e2bb6,NL,1,France,NL,1,Western,2,1967,1,1,1945,1937,NL,1
a839ad91,NL,1,France,France,2,Western,1,1990,2,1,1957,1966,NL,1
a83cca46,NL,1,NL,NL,0,Western,-,1969,2,1,1936,1945,NL,1
a83f1543,NL,2,NL,NL,0,Western,1,1954,2,1,1918,1918,NL,1
a8418d0d,NL,1,NL,NL,0,Western,0,1983,2,1,1944,1961,NL,1
a846e54a,NL,2,France,NL,1,Western,1,1991,2,1,1969,1964,NL,1
a8490fea,NL,2,NL,NL,0,Western,2,1970,2,1,1950,1950,NL,1
a853b7bc,NL,2,NL,France,1,Western,2,1970,2,1,1939,1931,NL,1
a85a5152,NL,1,France,France,2,Western,2,1991,2,1,1956,1954,NL,1
a85db627,NL,1,NL,NL,0,Western,1,1984,2,1,1964,1961,NL,1
a85e8b5d,NL,1,NL,NL,0,Western,1,1992,2,1,1972,1968,NL,1
a86664f7,NL,2,NL,US,1,Western,1,1970,2,1,1938,1944,NL,1
a8683e6b,NL,1,France,France,2,Western,1,1991,2,1,1953,1967,NL,1
a8685efd,NL,1,NL,NL,0,Western,0,1964,2,1,1930,1932,NL,1
a8728491,NL,2,France,NL,1,Western,0,1987,2,1,1952,1964,NL,1
a87285f6,US,2,NL,NL,0,Western,2,1970,2,1,1940,1944,US,0
a8753b17,NL,2,NL,France,1,Western,1,1967,2,1,1933,1928,NL,1
a877f863,NL,2,NL,NL,0,Western,2,1985,2,1,1952,1964,NL,1
a88c4d86,France,2,NL,NL,0,Western,1,1952,2,1,1927,1914,France,0
a890f397,NL,1,NL,France,1,Western,0,1950,2,1,1930,1914,NL,1
a8980fb5,NL,1,NL,NL,0,Western,0,1953,2,1,1922,1929,NL,1
a89ac803,NL,1,NL,France,1,Western,2,1964,2,1,1936,1939,NL,1
a8a00301,NL,2,NL,NL,0,Western,2,1984,2,1,1949,1949,NL,1
a8abd066,NL,2,NL,NL,0,Western,1,1990,2,1,1954,1959,NL,1
a8acc0d0,NL,2,NL,France,1,Western,0,1997,2,1,1968,1960,NL,1
a8b0764f,NL,1,NL,NL,0,Western,0,1992,2,1,1967,1955,NL,1
a8b16126,France,1,France,France,2,Western,1,1981,2,1,1944,1950,France,0
a8b5c230,NL,2,NL,NL,0,Western,1,1956,2,1,1930,1920,NL,1
a8b7794e,NL,2,NL,NL,0,Western,0,1991,2,1,1960,1968,NL,1
a8b8f28a,NL,2,France,NL,1,Western,1,1994,2,1,1955,1969,NL,1
a8b958fb,NL,1,NL,NL,0,Western,1,1968,2,1,1941,1945,NL,1
a8bf5888,NL,2,NL,NL,0,Western,0,1997,2,-,1961,1970,NL,1
a8c2eea4,NL,2,NL,NL,0,Western,1,1962,1,1,1924,1925,NL,1
a8cbb239,NL,1,NL,France,1,Western,0,1981,2,1,1956,1944,NL,1
a8d3b789,NL,2,NL,NL,0,Western,0,1995,2,1,1957,1959,NL,1
a8da455d,France,1,NL,NL,0,Western,1,1980,2,1,1948,1942,France,0
a8df3c47,NL,2,NL,NL,0,Western,0,1988,2,2,1966,1961,NL,1
a8e9597a,France,2,NL,NL,0,Western,0,1966,2,1,1938,1927,France,0
a8e9d683,France,1,NL,NL,0,Western,2,1987,2,1,1963,1965,France,0
a8ecf966,NL,2,NL,NL,0,Western,1,1996,2,1,1957,1975,NL,1
a8f1f5f9,NL,2,Egypt,Egypt,2,Western,2,1985,2,1,1964,1965,NL,1
a8f38600,NL,2,NL,France,1,Western,2,1996,2,1,1965,1962,NL,1
a8f50c33,NL,1,NL,NL,0,Western,1,1954,2,1,1932,1918,NL,1
a9017338,Egypt,1,NL,NL,0,Non-Western,1,1986,2,1,1960,1957,Egypt,0
a906b6a4,Egypt,2,NL,NL,0,Non-Western,0,1980,2,1,1956,1952,Egypt,0
a9087424,NL,1,NL,NL,0,Western,2,1988,2,1,1955,1950,NL,1
a90901db,NL,2,Egypt,NL,1,Western,2,1953,2,1,1918,1927,NL,1
a90cd8e0,NL,2,NL,NL,0,Western,0,1990,2,1,1963,1970,NL,1
a90db6b0,US,1,NL,France,1,Western,0,1966,2,1,1941,1927,US,0
a9122bb6,NL,2,NL,NL,0,Western,1,1984,2,1,1963,1956,NL,1
a9188920,NL,2,NL,France,1,Western,0,1959,2,1,1937,1929,NL,1
a91e6e1f,France,2,NL,NL,0,Western,0,1961,2,1,1931,1936,France,0
a91f9d76,NL,1,NL,NL,0,Western,0,1950,2,1,1915,1923,NL,1
a924cf0d,NL,1,NL,NL,0,Western,1,1987,2,1,1962,1963,NL,1
a93284c3,NL,1,NL,NL,0,Western,1,1982,2,1,1953,1958,NL,1
a934b58b,NL,1,NL,NL,0,Western,2,1950,2,1,1914,1913,NL,1
a935b6f4,NL,2,NL,France,1,Western,0,1994,2,1,1973,1966,NL,1
a938c3d3,NL,1,NL,NL,0,Western,1,1997,2,1,1973,1959,NL,1
a93b2410,NL,1,NL,NL,0,Western,0,1994,2,1,1958,1958,NL,1
a940331c,NL,2,NL,NL,0,Western,0,1990,2,1,1966,1960,NL,1
a943f31c,NL,2,France,NL,1,Western,1,1960,2,1,1935,1922,NL,1
a9484679,NL,1,NL,NL,0,Western,0,1988,2,1,1964,1949,NL,1
a94869e8,NL,2,France,NL,1,Western,0,1998,2,1,1972,1977,NL,1
a9492b6e,NL,2,NL,NL,0,Western,2,1986,2,1,1954,1954,NL,1
a94d2c29,NL,2,NL,NL,0,Western,0,1965,2,1,1942,1928,NL,1
a958e0b3,France,2,France,NL,1,Western,0,1981,2,1,1956,1957,France,0
a9642c38,NL,1,NL,NL,0,Western,2,1953,2,1,1933,1926,NL,1
a96488e8,NL,2,NL,NL,0,Western,2,1996,2,1,1965,1971,NL,1
a96f518a,NL,1,NL,France,1,Western,1,1970,2,1,1942,1940,NL,1
a9712957,NL,1,Egypt,NL,1,Western,2,1959,2,1,1925,1926,NL,1
a975d909,NL,2,NL,France,1,Western,1,1989,2,1,1953,1966,NL,1
a97833ae,NL,1,NL,NL,0,Western,1,1987,2,1,1967,1961,NL,1
a978d5d2,Egypt,2,NL,NL,0,Non-Western,1,1969,2,1,1938,1944,Egypt,0
a97ab716,NL,1,NL,NL,0,Western,0,1964,2,1,1929,1927,NL,1
a98571e9,NL,2,NL,NL,0,Western,0,1983,2,1,1962,1953,NL,1
a99620d1,NL,2,NL,NL,0,Western,1,1997,2,1,1958,1968,NL,1
a9a21d65,NL,1,NL,NL,0,Western,1,1991,2,1,1970,1957,NL,1
a9a5b15a,NL,1,NL,NL,0,Western,0,1989,2,1,1959,1960,NL,1
a9a647aa,NL,2,NL,NL,0,Western,1,1995,2,1,1964,1967,NL,1
a9a8b947,NL,2,NL,US,1,Western,2,1994,2,1,1969,1963,NL,1
a9a8fa79,NL,2,NL,France,1,Western,2,1955,2,1,1920,1919,NL,1
a9af7605,NL,2,NL,NL,0,Western,1,1993,2,1,1973,1967,NL,1
a9b80728,NL,1,France,France,2,Western,1,1981,2,1,1943,1944,NL,1
a9ba283b,France,2,NL,Egypt,1,Western,1,1953,2,1,1919,1916,France,0
a9bb9a9c,France,1,France,NL,1,Western,0,1962,2,1,1939,1938,France,0
a9c507f5,NL,1,NL,NL,0,Western,0,1951,2,1,1923,1919,NL,1
a9cbb0bc,Egypt,2,France,NL,1,Non-Western,1,1963,2,1,1937,1935,Egypt,0
a9cc5c3f,NL,1,France,NL,1,Western,2,1964,2,1,1935,1934,NL,1
a9d26399,NL,1,NL,NL,0,Western,-,1958,2,1,1931,1932,NL,1
a9d4a81b,NL,2,NL,NL,0,Western,1,1988,2,1,1956,1967,NL,1
a9d4f3fa,France,1,NL,NL,0,Western,1,1969,2,1,1930,1934,France,0
a9dca62f,NL,1,France,NL,1,Western,1,1992,2,1,1962,1953,NL,1
a9e1fd5c,NL,2,NL,NL,0,Western,0,1970,2,1,1942,1949,NL,1
a9e4b6d2,NL,2,NL,NL,0,Western,2,1985,2,1,1958,1962,NL,1
a9f6924e,NL,1,NL,NL,0,Western,1,1999,2,1,1966,1972,NL,1
a9f6a1dd,NL,2,NL,France,1,Western,2,1989,2,1,1960,1951,NL,1
a9fd9957,NL,2,France,NL,1,Western,0,1953,2,1,1914,1924,NL,1
aa00dd6a,NL,2,France,NL,1,Western,0,1985,2,1,1948,1947,NL,1
aa08e9ed,NL,1,NL,France,1,Western,1,1981,2,1,1957,1951,NL,1
aa0bfb4d,France,2,France,NL,1,Western,0,1966,2,1,1928,1945,France,0
aa0fba78,France,2,France,NL,1,Western,2,1966,2,1,1931,1929,France,0
aa1cb405,France,2,NL,NL,0,Western,1,1955,2,1,1930,1932,France,0
aa23c1ea,NL,2,NL,NL,0,Western,2,1956,2,1,1922,1918,NL,1
aa35ecc1,NL,2,France,NL,1,Western,0,1995,2,1,1971,1971,NL,1
aa3ac383,Egypt,1,NL,NL,0,Non-Western,1,1952,2,1,1917,1931,Egypt,0
aa3db7f4,NL,1,France,NL,1,Western,1,1951,2,1,1913,1912,NL,1
aa40ff55,NL,2,France,NL,1,Western,0,1969,2,1,1938,1931,NL,1
aa43510a,NL,-,NL,US,1,Western,1,1968,2,1,1946,1938,NL,1
aa4a745e,NL,1,US,NL,1,Western,0,1987,2,1,1952,1959,NL,1
aa4ceb67,NL,2,NL,Egypt,1,Western,0,1956,2,1,1930,1928,NL,1
aa52e832,NL,1,NL,France,1,Western,1,1996,2,1,1967,1971,NL,1
aa53ad4f,NL,1,NL,NL,0,Western,2,1955,2,1,1921,1935,NL,1
aa54efde,NL,2,NL,NL,0,Western,0,1980,2,1,1950,1949,NL,1
aa599daf,NL,1,NL,NL,0,Western,1,1984,2,1,1949,1954,NL,1
aa5a92d1,France,2,NL,France,1,Western,0,1953,2,1,1920,1927,France,0
aa5b8463,NL,1,NL,NL,0,Western,0,1984,2,1,1957,1956,NL,1
aa63848b,France,1,NL,NL,0,Western,0,1966,2,1,1935,1943,France,0
aa686ab3,NL,1,NL,NL,0,Western,2,1983,2,1,1956,1960,NL,1
aa6dddbd,NL,2,NL,France,1,Western,1,1960,2,1,1933,1926,NL,1
aa713c59,Egypt,2,France,NL,1,Non-Western,1,1990,2,1,1966,1955,Egypt,0
aa74c3d1,NL,1,NL,NL,0,Western,1,1969,2,1,1936,1939,NL,1
aa764da3,NL,1,NL,France,1,Western,1,1989,2,1,1969,1959,NL,1
aa801f61,NL,2,NL,NL,0,Western,1,1986,2,1,1962,1953,NL,1
aa86df73,NL,1,NL,NL,0,Western,2,1985,2,1,1965,1950,NL,1
aa8fa891,NL,1,NL,NL,0,Western,2,1960,2,1,1927,1930,NL,1
aa905a5b,NL,1,NL,France,1,Western,2,1984,2,1,1949,1962,NL,1
aa9384ca,NL,2,France,NL,1,Western,0,1958,2,1,1925,1919,NL,1
aa9ded28,NL,2,NL,NL,0,Western,2,1953,2,1,1931,1914,NL,1
aa9f3692,NL,1,US,NL,1,Western,2,1988,2,1,1962,1960,NL,1
aaa23244,NL,2,France,NL,1,Western,1,1984,2,1,1948,1947,NL,1
aab17b9a,NL,1,NL,NL,0,Western,1,1992,2,1,1960,1963,NL,1
aac299c2,NL,2,France,NL,1,Western,1,1950,2,1,1923,1911,NL,1
aac44b0d,NL,1,NL,NL,0,Western,0,1986,2,1,1954,1949,NL,1
aac6f300,France,2,NL,France,1,Western,2,1966,2,1,1946,1928,France,0
aac93c9d,France,1,NL,NL,0,Western,1,1983,2,1,1951,1955,France,0
aaccbb3b,NL,2,NL,NL,0,Western,1,1996,2,1,1965,1957,NL,1
aadcb85d,NL,2,NL,NL,0,Western,2,1956,2,1,1925,1923,NL,1
aaddd1b2,NL,2,NL,Egypt,1,Western,1,1996,2,1,1970,1957,NL,1
aadf5531,NL,2,NL,US,1,Western,1,1963,2,1,1928,1937,NL,1
aae04153,US,2,NL,NL,0,Western,2,1981,2,1,1949,1948,US,0
aae1b438,NL,1,NL,NL,0,Western,0,1952,2,1,1931,1932,NL,1
aae2eeb2,NL,1,Egypt,NL,1,Western,0,1954,2,1,1919,1932,NL,1
aae88f14,NL,1,NL,NL,0,Western,2,1959,2,1,1930,1923,NL,1
aaeca513,NL,1,France,NL,1,Western,2,1988,1,1,1955,1960,NL,1
aaedd8c2,NL,1,NL,NL,0,Western,2,1951,2,1,1922,1921,NL,1
aaee1497,NL,1,NL,NL,0,Western,2,1960,2,1,1932,1922,NL,1
aaf59459,NL,1,NL,NL,0,Western,0,1954,2,1,1928,1920,NL,1
aafe0934,NL,2,NL,NL,0,Western,1,1960,2,1,1931,1931,NL,1
aafe445e,France,-,France,NL,1,Western,0,1970,2,1,1950,1940,France,0
aaffb4cd,NL,1,NL,NL,0,Western,2,1953,2,1,1933,1933,NL,1
ab000810,NL,2,France,NL,1,Western,2,1981,2,1,1960,1949,NL,1
ab042d65,NL,1,NL,NL,0,Western,2,1956,2,1,1929,1929,NL,1
ab07e9d0,NL,1,NL,NL,0,Western,1,1962,2,1,1933,1926,NL,1
ab09fb21,France,2,NL,NL,0,Western,0,1981,2,1,1956,1953,France,0
ab0cad3f,NL,1,France,NL,1,Western,1,1985,2,1,1963,1956,NL,1
ab10b1ad,NL,1,NL,NL,0,Western,1,1958,2,1,1926,1920,NL,1
ab116012,NL,1,NL,NL,0,Western,0,1964,2,1,1933,1943,NL,1
ab18b4db,NL,1,NL,NL,0,Western,2,1989,2,1,1954,1954,NL,1
ab1c7887,NL,1,France,NL,1,Western,0,1989,2,1,1957,1950,NL,1
ab1c9f91,NL,1,NL,NL,0,Western,0,1953,2,1,1932,1921,NL,1
ab25bbdb,NL,2,France,NL,1,Western,1,1999,2,1,1978,1971,NL,1
ab2e7052,NL,1,NL,NL,0,Western,2,1987,2,1,1957,1963,NL,1
ab31ea98,NL,1,NL,France,1,Western,2,1956,2,1,1920,1923,NL,1
ab323cbc,NL,2,France,NL,1,Western,2,1956,2,1,1926,1926,NL,1
ab4101dc,NL,2,NL,France,1,Western,2,1966,2,1,1937,1931,NL,1
ab541c46,NL,1,NL,NL,0,Western,1,1986,2,1,1947,1950,NL,1
ab58fd5b,NL,1,NL,NL,0,Western,0,1963,2,1,1931,1926,NL,1
ab5c1e74,NL,1,NL,NL,0,Western,0,1958,2,1,1919,1921,NL,1
ab5c35a1,NL,2,NL,NL,0,Western,0,1967,2,1,1929,1941,NL,1
ab5febf2,France,1,France,Egypt,2,Western,1,1981,2,1,1942,1942,France,0
ab621318,NL,1,NL,NL,0,Western,1,1999,2,1,1960,1965,NL,1
ab6dddc7,NL,2,NL,NL,0,Western,0,1961,2,1,1934,1928,NL,1
ab73a6f5,NL,2,NL,France,1,Western,0,1954,2,1,1931,1921,NL,1
ab779e7f,NL,2,NL,NL,0,Western,2,1982,2,1,1962,1955,NL,1
ab81d031,NL,2,NL,NL,0,Western,0,1950,2,1,1914,1926,NL,1
ab846108,NL,2,NL,NL,0,Western,2,1956,2,1,1927,1918,NL,1
ab89e81f,NL,1,NL,NL,0,Western,1,1958,2,1,1921,1922,NL,1
ab8b03fb,NL,1,Egypt,NL,1,Western,1,1950,2,1,1921,1925,NL,1
ab8b283e,NL,2,France,France,2,Western,0,1992,2,1,1957,1967,NL,1
ab914925,NL,2,NL,NL,0,Western,2,1968,2,1,1948,1948,NL,1
ab94c0b2,NL,1,NL,NL,0,Western,1,1991,2,1,1956,1956,NL,1
ab957c44,France,1,France,NL,1,Western,0,1962,2,1,1929,1935,France,0
ab9788be,US,2,NL,NL,0,Western,2,1961,2,1,1937,1922,US,0
ab97ba9a,NL,-,NL,NL,0,Western,0,1995,2,1,1969,1962,NL,1
ab9dda0d,NL,2,NL,NL,0,Western,0,1981,2,1,1954,1947,NL,1
ab9e43d1,NL,1,NL,France,1,Western,2,1994,2,1,1955,1962,NL,1
aba0c3fb,France,2,NL,NL,0,Western,0,1989,2,1,1961,1959,France,0
abb2f2f1,NL,1,NL,NL,0,Western,0,1961,2,1,1938,1933,NL,1
abb83f8f,NL,1,NL,NL,0,Western,1,1954,2,1,1921,1930,NL,1
abbba6c1,NL,2,NL,NL,0,Western,0,1998,2,1,1971,1977,NL,1
abbbbd07,NL,1,France,NL,1,Western,1,1956,2,1,1919,1920,NL,1
abbe1c19,France,2,NL,NL,0,Western,2,1983,2,1,1944,1953,France,0
abbf5c24,NL,2,NL,NL,0,Western,2,1990,2,1,1953,1957,NL,1
abcbb466,NL,1,NL,NL,0,Western,1,1991,2,1,1962,1959,NL,1
abccdb48,NL,1,NL,NL,0,Western,1,1982,2,1,1950,1955,NL,1
abdf982e,NL,2,NL,NL,0,Western,1,1999,2,1,1964,1962,NL,1
abe0eb20,NL,2,NL,France,1,Western,2,1962,2,1,1937,1938,NL,1
abe6e716,NL,2,NL,NL,0,Western,2,1965,2,1,1944,1940,NL,1
abf513ff,NL,2,NL,NL,0,Western,1,1952,2,1,1930,1918,NL,1
abf9f261,NL,2,NL,NL,0,Western,1,1992,2,2,1966,1967,NL,1
abfb790a,NL,1,NL,NL,0,Western,0,1960,2,1,1931,1928,NL,1
ac02e009,NL,1,NL,NL,0,Western,1,1984,2,1,1949,1949,NL,1
ac0d4254,NL,1,NL,NL,0,Western,0,1981,2,1,1958,1953,NL,1
ac101a60,NL,2,NL,France,1,Western,1,1960,2,1,1937,1936,NL,1
ac151a25,NL,1,NL,NL,0,Western,1,1999,2,1,1966,1969,NL,1
ac1f2a5b,NL,2,NL,NL,0,Western,1,1959,2,1,1939,1934,NL,1
ac2f7c82,NL,1,France,NL,1,Western,2,1990,2,1,1951,1960,NL,1
ac38c274,NL,1,NL,NL,0,Western,0,1956,2,1,1933,1922,NL,1
ac3a11e8,NL,1,France,NL,1,Western,2,1958,2,1,1926,1920,NL,1
ac4d2ba5,NL,1,NL,NL,0,Western,1,1994,2,1,1957,1963,NL,1
ac4dd4a5,NL,2,NL,NL,0,Western,1,1982,2,1,1945,1956,NL,1
ac5b76fa,NL,1,NL,NL,0,Western,1,1963,2,1,1937,1943,NL,1
ac5c14bc,France,2,NL,France,1,Western,1,1987,2,1,1952,1956,France,0
ac5e008b,NL,2,NL,NL,0,Western,0,1983,2,1,1959,1950,NL,1
ac7c9b43,NL,2,NL,NL,0,Western,1,1985,2,1,1964,1946,NL,1
ac7e3b90,NL,2,France,NL,1,Western,1,1993,2,1,1973,1954,NL,1
ac7f9979,NL,1,NL,NL,0,Western,0,1991,2,1,1954,1968,NL,1
ac82b69e,NL,1,NL,NL,0,Western,2,1991,2,1,1955,1964,NL,1
ac8821cb,NL,2,NL,NL,0,Western,1,1969,2,1,1938,1938,NL,1
ac8d19b5,NL,2,NL,NL,0,Western,1,1992,2,1,1966,1962,NL,1
ac8f8a51,US,1,NL,NL,0,Western,1,1957,2,2,1921,1936,US,0
ac988907,US,1,NL,NL,0,Western,1,1984,2,1,1947,1958,US,0
ac9e32be,NL,2,NL,NL,0,Western,2,1989,2,1,1963,1963,NL,1
acb7b920,NL,2,NL,NL,0,Western,0,1989,2,1,1952,1963,NL,1
acbc2661,NL,2,NL,NL,0,Western,0,1953,2,1,1925,1928,NL,1
acc927fa,NL,2,NL,NL,0,Western,1,1956,2,1,1924,1921,NL,1
accc9b11,France,1,NL,France,1,Western,0,1990,2,1,1963,1951,France,0
acce37d0,NL,1,NL,NL,0,Western,2,1970,2,1,1943,1936,NL,1
acd3f438,NL,1,NL,NL,0,Western,1,1956,2,1,1927,1917,NL,1
acd4d64e,NL,1,NL,NL,0,Western,1,1983,2,1,1956,1952,NL,1
acd66806,NL,1,NL,NL,0,Western,1,1986,2,1,1961,1956,NL,1
acda6be4,NL,1,NL,NL,0,Western,2,1991,2,1,1957,1964,NL,1
acdcab63,France,1,NL,NL,0,Western,1,1981,2,1,1950,1959,France,0
ace34169,NL,1,France,NL,1,Western,2,1999,2,1,1961,1971,NL,1
ace67ffd,France,1,NL,NL,0,Western,1,1980,2,1,1942,1948,France,0
acf0920f,NL,2,NL,NL,0,Western,1,1968,2,1,1942,1937,NL,1
acf7d6d5,NL,1,NL,NL,0,Western,2,1983,2,-,1955,1945,NL,1
acf83e04,France,1,NL,France,1,Western,2,1969,2,1,1939,1941,France,0
acfb4a47,France,1,NL,NL,0,Western,2,1961,2,1,1937,1926,France,0
acfc9b0c,France,1,NL,NL,0,Western,0,1970,2,1,1933,1943,France,0
ad025dfd,NL,2,NL,France,1,Western,1,1991,2,1,1968,1965,NL,1
ad0974d2,NL,1,NL,NL,0,Western,2,1999,2,1,1973,1974,NL,1
ad15be13,NL,1,NL,NL,0,Western,0,1957,2,1,1926,1931,NL,1
ad161025,NL,1,NL,NL,0,Western,1,1988,2,1,1953,1959,NL,1
ad18b098,NL,1,NL,NL,0,Western,1,1955,2,1,1922,1927,NL,1
ad1d07dd,NL,1,NL,NL,0,Western,0,1985,2,1,1956,1961,NL,1
ad287723,NL,2,NL,US,1,Western,0,1992,2,1,1971,1970,NL,1
ad2c7d6b,France,2,NL,NL,0,Western,2,1963,2,1,1938,1926,France,0
ad3571a7,NL,2,NL,NL,0,Western,0,1954,2,1,1927,1929,NL,1
ad3739de,NL,1,NL,NL,0,Western,2,1970,2,1,1932,1934,NL,1
ad4984ad,NL,1,NL,NL,0,Western,0,1950,2,1,1913,1928,NL,1
ad56315d,NL,1,NL,US,1,Western,1,1982,2,-,1956,1950,NL,1
ad598608,NL,1,NL,NL,0,Western,1,1962,2,1,1939,1939,NL,1
ad66e550,Egypt,1,NL,NL,0,Non-Western,2,1951,2,1,1919,1929,Egypt,0
ad673830,NL,1,France,NL,1,Western,0,1980,2,1,1943,1943,NL,1
ad67e181,NL,2,NL,NL,0,Western,1,1987,2,1,1955,1951,NL,1
ad706a25,NL,2,NL,France,1,Western,0,1998,2,1,1965,1977,NL,1
ad709ca4,NL,1,NL,France,1,Western,1,1987,2,1,1967,1954,NL,1
ad739188,NL,1,NL,France,1,Western,1,1989,2,1,1957,1953,NL,1
ad7510a3,NL,1,NL,NL,0,Western,2,1967,2,1,1942,1928,NL,1
ad7ca100,NL,1,NL,NL,0,Western,2,1953,2,1,1927,1923,NL,1
ad7f7cf9,NL,1,NL,NL,0,Western,1,1983,2,1,1955,1952,NL,1
ad829220,NL,2,NL,France,1,Western,2,1994,2,1,1969,1972,NL,1
ad8556a7,NL,1,Egypt,France,2,Western,1,1969,2,1,1937,1949,NL,1
ad943c7a,NL,1,NL,NL,0,Western,2,1997,2,1,1960,1960,NL,1
ad9af535,NL,1,NL,NL,0,Western,0,1991,2,1,1965,1965,NL,1
ad9ea233,NL,2,NL,NL,0,Western,1,1960,2,1,1929,1939,NL,1
ada5371c,NL,1,NL,NL,0,Western,0,1965,2,1,1939,1944,NL,1
ada87d91,US,1,NL,NL,0,Western,1,1982,2,1,1955,1960,US,0
adac0b61,NL,1,NL,Egypt,1,Western,2,1951,2,1,1920,1931,NL,1
adaf40e1,NL,1,NL,NL,0,Western,2,1964,2,1,1936,1941,NL,1
adafdb31,NL,1,NL,US,1,Western,0,1968,2,2,1945,1929,NL,1
adb0c024,NL,2,France,NL,1,Western,0,1951,2,1,1920,1922,NL,1
adb412dd,NL,1,NL,NL,0,Western,1,1990,2,1,1970,1963,NL,1
adb57969,NL,1,NL,NL,0,Western,0,1988,2,1,1968,1967,NL,1
adbef22a,US,1,NL,NL,0,Western,0,1986,2,1,1948,1958,US,0
adca935b,NL,1,NL,France,1,Western,1,1953,2,1,1920,1923,NL,1
add0452f,NL,1,France,NL,1,Western,1,1966,2,1,1944,1941,NL,1
add05ce7,France,2,NL,NL,0,Western,1,1964,2,1,1930,1942,France,0
add17882,France,1,France,NL,1,Western,2,1957,2,1,1926,1921,France,0
adda263f,NL,1,NL,NL,0,Western,-,1983,2,1,1948,1944,NL,1
adda9b9d,France,1,NL,NL,0,Western,1,1982,2,1,1945,1962,France,0
adec799d,NL,1,NL,NL,0,Western,1,1995,2,1,1967,1969,NL,1
adf5766c,NL,1,NL,NL,0,Western,1,1957,2,1,1920,1936,NL,1
adfbc3a5,NL,2,NL,NL,0,Western,2,1999,2,1,1965,1975,NL,1
ae04c9f8,NL,1,France,NL,1,Western,2,1958,2,1,1938,1920,NL,1
ae15dd38,NL,2,NL,NL,0,Western,1,1982,2,1,1950,1953,NL,1
ae16b5df,Egypt,2,France,NL,1,Non-Western,1,1951,2,1,1912,1921,Egypt,0
ae1cac78,NL,2,NL,NL,0,Western,1,1980,2,1,1960,1950,NL,1
ae269164,NL,2,NL,NL,0,Western,2,1969,2,1,1930,1938,NL,1
ae283959,France,2,NL,NL,0,Western,1,1985,2,1,1954,1961,France,0
ae35aef4,NL,2,NL,NL,0,Western,0,1989,2,1,1957,1955,NL,1
ae35cfa5,NL,1,NL,NL,0,Western,0,1970,2,1,1931,1940,NL,1
ae363595,France,2,NL,France,1,Western,1,1990,2,1,1969,1970,France,0
ae3dba8c,NL,1,France,Egypt,2,Western,2,1957,2,1,1931,1918,NL,1
ae3e6c83,NL,1,NL,NL,0,Western,2,1954,2,1,1921,1925,NL,1
ae45674d,NL,1,US,NL,1,Western,0,1990,2,1,1956,1960,NL,1
ae5cea82,US,2,NL,NL,0,Western,0,1953,2,1,1919,1928,US,0
ae5e8294,NL,1,NL,France,1,Western,0,1991,2,1,1958,1964,NL,1
ae6a9623,NL,2,NL,NL,0,Western,2,1958,2,1,1932,1935,NL,1
ae6e283d,NL,1,NL,NL,0,Western,1,1998,2,1,1965,1977,NL,1
ae700f7c,NL,2,NL,France,1,Western,0,1963,2,1,1925,1928,NL,1
ae746095,NL,1,NL,NL,0,Western,2,1954,2,1,1929,1919,NL,1
ae746907,NL,2,NL,NL,0,Western,1,1999,2,1,1960,1961,NL,1
ae778d91,France,1,France,NL,1,Western,1,1983,2,1,1953,1961,France,0
ae7ff7e7,NL,2,France,NL,1,Western,1,1990,2,1,1958,1959,NL,1
ae85d9ad,NL,2,NL,NL,0,Western,2,1956,2,1,1921,1935,NL,1
ae8bb73f,NL,1,NL,France,1,Western,0,1986,2,1,1962,1962,NL,1
ae8d6599,France,2,NL,France,1,Western,1,1986,2,1,1959,1948,France,0
ae8e259d,NL,1,NL,NL,0,Western,0,1988,2,1,1962,1962,NL,1
ae94ab40,NL,2,France,NL,1,Western,2,1982,2,1,1956,1943,NL,1
ae97a293,Egypt,2,NL,US,1,Non-Western,2,1984,2,1,1960,1945,Egypt,0
ae9f186f,NL,1,NL,NL,0,Western,0,1988,1,1,1962,1951,NL,1
aea0aeb5,NL,1,France,NL,1,Western,0,1980,2,1,1959,1941,NL,1
aea0d85d,France,1,Egypt,NL,1,Western,1,1969,2,1,1937,1935,France,0
aea71af3,NL,2,NL,France,1,Western,1,1985,2,1,1958,1958,NL,1
aeab816e,NL,-,France,NL,1,Western,0,1988,2,1,1955,1962,NL,1
aeadea1d,NL,1,NL,France,1,Western,2,1987,2,1,1957,1953,NL,1
aeb2a037,NL,1,NL,US,1,Western,0,1968,2,1,1945,1938,NL,1
aeb2ec43,NL,1,NL,France,1,Western,2,1957,2,1,1923,1918,NL,1
aebb7b9c,NL,1,France,NL,1,Western,2,1960,2,1,1939,1940,NL,1
aebf0d7e,NL,2,NL,NL,0,Western,1,1952,2,1,1918,1920,NL,1
aec23272,NL,2,NL,France,1,Western,1,1982,2,1,1958,1953,NL,1
aec4bb37,NL,2,Egypt,NL,1,Western,1,1982,2,1,1961,1943,NL,1
aec8f6db,NL,2,NL,NL,0,Western,1,1963,2,1,1934,1934,NL,1
aecb42bc,NL,2,NL,NL,0,Western,2,1957,2,1,1928,1925,NL,1
aecbbccc,NL,1,NL,France,1,Western,1,1955,2,1,1918,1928,NL,1
aecc840d,NL,1,NL,NL,0,Western,1,1992,2,1,1962,1972,NL,1
aed11bf5,NL,1,NL,NL,0,Western,0,1987,2,1,1954,1949,NL,1
aed7c947,NL,1,NL,NL,0,Western,2,1953,2,1,1920,1920,NL,1
aee3b088,NL,2,NL,France,1,Western,1,1969,2,1,1946,1943,NL,1
aee897f0,NL,2,US,NL,1,Western,0,1986,2,1,1956,1956,NL,1
aefdacbd,NL,1,France,NL,1,Western,0,1961,2,1,1923,1926,NL,1
af0f6b28,NL,2,NL,NL,0,Western,1,1982,2,1,1946,1954,NL,1
af20aa1c,NL,1,France,NL,1,Western,0,1993,2,2,1963,1973,NL,1
af27384d,NL,2,NL,France,1,Western,0,1982,2,1,1961,1950,NL,1
af38aeb3,France,2,France,NL,1,Western,2,1981,2,1,1946,1956,France,0
af3c5559,NL,2,France,NL,1,Western,1,1986,2,1,1960,1964,NL,1
af42e8e1,NL,1,NL,NL,0,Western,1,1983,2,1,1945,1962,NL,1
af469ec4,NL,2,NL,NL,0,Western,0,1966,2,1,1943,1946,NL,1
af4c28d3,France,1,NL,NL,0,Western,0,1980,2,1,1944,1951,France,0
af57e1f4,US,1,NL,France,1,Western,2,1960,2,1,1938,1924,US,0
af57e26d,NL,1,NL,France,1,Western,2,1990,2,1,1969,1957,NL,1
af673408,NL,1,NL,NL,0,Western,2,1953,2,1,1916,1929,NL,1
af6c7e1f,NL,1,NL,NL,0,Western,2,1984,2,1,1963,1962,NL,1
af6df4e2,NL,2,NL,NL,0,Western,0,1988,2,1,1961,1962,NL,1
af6e8ade,NL,1,NL,NL,0,Western,0,1991,2,1,1958,1964,NL,1
af6ee36a,NL,2,NL,NL,0,Western,1,1966,2,1,1944,1944,NL,1
af6f77a4,NL,2,France,NL,1,Western,1,1963,2,1,1934,1935,NL,1
af733f1e,NL,1,France,NL,1,Western,2,1952,2,1,1917,1918,NL,1
af73669c,NL,1,NL,NL,0,Western,1,1961,2,1,1931,1932,NL,1
af77f0cd,NL,1,NL,NL,0,Western,1,1965,1,1,1944,1933,NL,1
af781065,NL,2,NL,France,1,Western,0,1992,2,1,1959,1953,NL,1
af789078,NL,2,NL,NL,0,Western,2,1988,2,1,1954,1954,NL,1
af7a128d,US,1,NL,NL,0,Western,2,1961,2,1,1924,1924,US,0
af9d3dea,Egypt,1,NL,France,1,Non-Western,0,1966,2,1,1940,1929,Egypt,0
afa14be4,NL,2,NL,NL,0,Western,2,1959,1,1,1929,1938,NL,1
afa595de,NL,2,NL,NL,0,Western,0,1950,2,1,1912,1922,NL,1
afac640c,NL,2,NL,NL,0,Western,0,1982,2,1,1945,1953,NL,1
afc0fa25,NL,2,NL,NL,0,Western,1,1999,2,1,1961,1960,NL,1
afc21f95,NL,1,NL,NL,0,Western,2,1988,2,1,1967,1968,NL,1
afc9ea0a,NL,2,NL,NL,0,Western,1,1952,2,1,1925,1924,NL,1
afcab3c3,NL,2,NL,NL,0,Western,0,1950,2,1,1924,1913,NL,1
afcf2f1c,NL,2,NL,NL,0,Western,1,1958,2,1,1935,1920,NL,1
afe217b9,NL,1,NL,NL,0,Western,1,1959,2,1,1934,1931,NL,1
afe36961,NL,1,NL,NL,0,Western,2,1993,2,1,1961,1958,NL,1
afe3b915,NL,1,NL,France,1,Western,2,1963,2,1,1942,1927,NL,1
afe8a1b7,NL,2,NL,NL,0,Western,0,1955,2,1,1924,1925,NL,1
aff6faca,NL,1,NL,NL,0,Western,1,1955,2,1,1935,1922,NL,1
affa50d5,NL,1,France,France,2,Western,0,1953,2,1,1929,1919,NL,1
affc4266,NL,2,NL,NL,0,Western,1,1983,2,1,1947,1962,NL,1
b0009e63,NL,2,NL,NL,0,Western,0,1982,2,1,1948,1947,NL,1
b003387f,NL,1,NL,NL,0,Western,2,1980,2,1,1947,1949,NL,1
b005a945,NL,2,NL,NL,0,Western,0,1956,2,2,1927,1918,NL,1
b0083e62,NL,1,NL,NL,0,Western,2,1964,2,1,1938,1930,NL,1
b00a41b4,France,2,NL,NL,0,Western,2,1987,2,1,1964,1961,France,0
b00d2277,NL,2,NL,NL,0,Western,2,1984,2,1,1951,1960,NL,1
b00e6283,NL,1,NL,France,1,Western,2,1952,2,1,1917,1923,NL,1
b017166f,NL,1,NL,NL,0,Western,1,1968,2,1,1946,1936,NL,1
b019e02a,NL,-,NL,NL,0,Western,0,1981,2,1,1944,1958,NL,1
b02000d9,NL,1,France,NL,1,Western,1,1997,2,1,1961,1973,NL,1
b0264001,NL,2,NL,NL,0,Western,0,1955,2,1,1916,1935,NL,1
b035bbda,NL,1,NL,NL,0,Western,2,1952,2,1,1929,1922,NL,1
b0398097,NL,1,NL,NL,0,Western,0,1993,2,1,1969,1967,NL,1
b04314f6,NL,2,France,NL,1,Western,2,1958,2,1,1936,1923,NL,1
b0468c27,NL,2,NL,NL,0,Western,0,1951,2,1,1919,1912,NL,1
b0508011,NL,2,NL,NL,0,Western,2,1995,2,1,1970,1964,NL,1
b05df8d3,NL,2,NL,NL,0,Western,0,1991,2,1,1956,1956,NL,1
b0612e0d,NL,1,NL,NL,0,Western,1,1983,2,1,1960,1961,NL,1
b061cf82,NL,1,NL,NL,0,Western,2,1988,2,1,1963,1962,NL,1
b06302f5,NL,1,NL,NL,0,Western,0,1962,2,1,1942,1932,NL,1
b06c4d45,France,2,NL,NL,0,Western,2,1980,2,1,1956,1952,France,0
b0740b12,NL,1,France,NL,1,Western,2,1990,2,1,1961,1953,NL,1
b076e239,NL,1,NL,NL,0,Western,0,1953,2,2,1917,1924,NL,1
b076f436,France,1,France,France,2,Western,0,1950,2,1,1924,1916,France,0
b07a0855,NL,2,Egypt,NL,1,Western,1,1988,2,1,1966,1963,NL,1
b085fcef,NL,1,NL,France,1,Western,1,1966,2,1,1936,1930,NL,1
b088073f,NL,1,NL,NL,0,Western,1,1965,2,1,1939,1942,NL,1
b08bf123,NL,2,NL,NL,0,Western,1,1956,2,1,1936,1924,NL,1
b08db802,NL,2,NL,NL,0,Western,0,1987,2,1,1963,1949,NL,1
b094fb19,NL,2,NL,NL,0,Western,2,1962,2,1,1929,1933,NL,1
b09cc077,NL,1,France,NL,1,Western,2,1993,2,1,1954,1971,NL,1
b09e0892,NL,2,NL,NL,0,Western,1,1958,2,1,1921,1927,NL,1
b0a04a19,NL,1,NL,NL,0,Western,1,1981,2,1,1950,1951,NL,1
b0a1d978,NL,1,NL,NL,0,Western,2,1987,2,1,1955,1959,NL,1
b0a65a4a,NL,1,NL,France,1,Western,0,1957,2,1,1926,1930,NL,1
b0a925fc,NL,2,NL,NL,0,Western,1,1970,2,1,1943,1938,NL,1
b0b50524,NL,2,France,NL,1,Western,0,1998,2,1,1969,1961,NL,1
b0b5565f,France,2,France,NL,1,Western,2,1950,2,1,1915,1915,France,0
b0b57ce0,NL,1,NL,NL,0,Western,0,1966,2,1,1945,1933,NL,1
b0be1332,NL,1,NL,NL,0,Western,1,1996,2,1,1973,1973,NL,1
b0be63da,NL,1,NL,NL,0,Western,0,1950,2,1,1922,1914,NL,1
b0c4104a,NL,1,France,France,2,Western,2,1988,2,1,1953,1959,NL,1
b0c55a73,NL,2,NL,NL,0,Western,1,1994,2,1,1966,1957,NL,1
b0c6ae94,NL,1,France,NL,1,Western,0,1969,2,1,1936,1932,NL,1
b0ccb031,NL,1,France,NL,1,Western,1,1965,-,1,1928,1928,NL,1
b0cd335f,NL,2,NL,NL,0,Western,1,1995,2,1,1956,1973,NL,1
b0ce753e,NL,1,France,NL,1,Western,0,1957,2,1,1922,1928,NL,1
b0db7427,NL,1,NL,NL,0,Western,0,1969,2,1,1934,1946,NL,1
b0e297cd,NL,1,France,NL,1,Western,2,1987,2,1,1961,1965,NL,1
b0eb6d02,NL,2,NL,France,1,Western,0,1950,2,1,1925,1925,NL,1
b0ec5f76,France,1,NL,NL,0,Western,0,1982,2,1,1957,1944,France,0
b0ee6e3b,NL,2,NL,NL,0,Western,0,1958,2,1,1922,1931,NL,1
b0eef841,NL,1,NL,NL,0,Western,0,1958,2,1,1937,1933,NL,1
b0f8c87c,NL,2,NL,NL,0,Western,-,1991,2,1,1959,1964,NL,1
b0fbac78,NL,1,France,France,2,Western,1,1950,2,1,1913,1913,NL,1
b1003cdd,NL,2,NL,US,1,Western,1,1959,2,1,1920,1932,NL,1
b111cb46,NL,1,US,NL,1,Western,2,1965,2,1,1943,1942,NL,1
b1131b9c,France,2,NL,NL,0,Western,2,1987,2,1,1956,1951,France,0
b11abde0,NL,1,France,NL,1,Western,1,1965,2,1,1940,1942,NL,1
b11e2102,NL,1,US,France,2,Western,0,1958,2,1,1938,1931,NL,1
b12778ef,NL,2,NL,NL,0,Western,2,1959,2,1,1920,1936,NL,1
b12de7f2,France,2,NL,NL,0,Western,2,1962,2,1,1939,1929,France,0
b131f4fa,NL,2,NL,NL,0,Western,1,1981,2,1,1952,1947,NL,1
b13a29cf,US,1,NL,France,1,Western,2,1988,2,1,1958,1964,US,0
b13b39e2,Egypt,1,France,France,2,Non-Western,1,1960,2,1,1924,1935,Egypt,0
b14507f0,NL,1,France,NL,1,Western,1,1992,2,1,1966,1970,NL,1
b1497c99,US,1,NL,NL,0,Western,1,1969,2,1,1940,1947,US,0
b14db24b,NL,1,NL,NL,0,Western,1,1968,2,1,1931,1948,NL,1
b155d3eb,NL,2,France,NL,1,Western,1,1964,2,1,1925,1937,NL,1
b15a1391,NL,2,France,NL,1,Western,1,1967,2,1,1943,1938,NL,1
b15d7a73,NL,1,NL,NL,0,Western,2,1964,2,1,1929,1938,NL,1
b1637b6b,NL,2,NL,NL,0,Western,1,1987,2,1,1959,1959,NL,1
b1674c3f,NL,2,France,France,2,Western,0,1966,2,1,1937,1927,NL,1
b16bd846,France,1,NL,NL,0,Western,1,1963,2,1,1934,1939,France,0
b17ad483,NL,1,France,NL,1,Western,1,1983,2,1,1959,1956,NL,1
b181e646,NL,2,NL,NL,0,Western,2,1962,-,1,1925,1925,NL,1
b1821d29,NL,2,NL,NL,0,Western,2,1959,2,1,1926,1923,NL,1
b1879acb,NL,1,NL,NL,0,Western,1,1953,2,1,1931,1933,NL,1
b1938141,NL,2,NL,NL,0,Western,0,1993,2,1,1970,1959,NL,1
b197ab3d,NL,1,US,France,2,Western,1,1981,2,1,1957,1954,NL,1
b19e0675,France,2,NL,France,1,Western,1,1988,2,1,1966,1967,France,0
b1a8dcda,NL,2,NL,NL,0,Western,2,1966,2,1,1939,1939,NL,1
b1ac28fc,NL,-,NL,NL,0,Western,1,1999,2,1,1960,1972,NL,1
b1adbee1,Egypt,1,NL,NL,0,Non-Western,1,1983,2,1,1944,1955,Egypt,0
b1bc87af,Egypt,1,NL,NL,0,Non-Western,1,1970,2,1,1932,1934,Egypt,0
b1bed7b4,NL,2,NL,France,1,Western,1,1993,2,1,1972,1959,NL,1
b1c07481,US,1,France,NL,1,Western,0,1969,2,1,1948,1938,US,0
b1cad1fe,NL,2,NL,NL,0,Western,0,1982,2,1,1951,1959,NL,1
b1d4b4ea,NL,1,NL,NL,0,Western,1,1967,2,1,1935,1942,NL,1
b1d9cecc,NL,2,NL,NL,0,Western,0,1992,2,1,1966,1963,NL,1
b1e400cf,France,2,NL,France,1,Western,2,1954,2,1,1918,1930,France,0
b1e55d3a,France,2,NL,France,1,Western,1,1984,2,1,1962,1962,France,0
b1e8b979,NL,1,NL,France,1,Western,0,1984,2,1,1950,1954,NL,1
b1e93546,NL,1,NL,NL,0,Western,1,1997,2,1,1973,1971,NL,1
b1ee60fd,NL,1,NL,NL,0,Western,0,1983,2,1,1958,1961,NL,1
b1ef6f9e,NL,1,NL,France,1,Western,0,1960,2,1,1932,1934,NL,1
b1f6f0e7,France,1,NL,US,1,Western,0,1969,2,1,1943,1939,France,0
b20a2cba,NL,1,NL,France,1,Western,2,1959,2,1,1927,1923,NL,1
b20b93b2,France,2,NL,NL,0,Western,1,1982,2,1,1962,1956,France,0
b2139f66,NL,2,NL,NL,0,Western,2,1996,2,1,1963,1966,NL,1
b21bd1a3,NL,-,Egypt,NL,1,Western,0,1996,2,1,1967,1957,NL,1
b21c3dfd,NL,1,NL,Egypt,1,Western,0,1961,2,1,1925,1940,NL,1
b224c2da,NL,2,NL,NL,0,Western,2,1988,2,1,1966,1968,NL,1
b22ffceb,US,1,NL,NL,0,Western,0,1986,2,1,1949,1965,US,0
b233c6a2,NL,2,NL,NL,0,Western,2,1994,2,1,1973,1959,NL,1
b2365092,NL,1,NL,France,1,Western,0,1950,2,1,1923,1911,NL,1
b23ab92b,NL,2,NL,NL,0,Western,2,1968,2,1,1943,1934,NL,1
b23e8a01,NL,1,US,NL,1,Western,2,1958,2,1,1930,1936,NL,1
b2407858,NL,1,NL,NL,0,Western,2,1996,2,2,1972,1974,NL,1
b244ee57,NL,2,NL,NL,0,Western,2,1994,2,1,1958,1972,NL,1
b2451551,NL,2,NL,France,1,Western,1,1998,2,1,1968,1965,NL,1
b249fdc0,France,1,NL,France,1,Western,1,1983,2,1,1950,1946,France,0
b25aafab,NL,1,NL,NL,0,Western,2,1985,2,1,1951,1961,NL,1
b260acdb,NL,2,NL,NL,0,Western,2,1989,2,1,1964,1959,NL,1
b277a57b,NL,1,France,NL,1,Western,1,1960,2,1,1926,1927,NL,1
b283ede3,US,2,NL,NL,0,Western,0,1950,2,1,1919,1923,US,0
b28732f1,NL,1,NL,NL,0,Western,1,1987,2,1,1965,1951,NL,1
b293e6d8,NL,2,NL,NL,0,Western,1,1991,2,1,1969,1956,NL,1
b296dda4,Egypt,2,NL,NL,0,Non-Western,1,1985,2,1,1960,1963,Egypt,0
b29b135b,NL,1,NL,NL,0,Western,2,1958,2,1,1926,1937,NL,1
b29e8232,NL,2,NL,NL,0,Western,1,1963,2,1,1929,1938,NL,1
b29fa46a,France,1,NL,NL,0,Western,2,1985,2,1,1954,1954,France,0
b2a4b525,NL,2,NL,NL,0,Western,1,1995,2,1,1957,1960,NL,1
b2bc6c7d,Egypt,1,NL,NL,0,Non-Western,2,1983,2,1,1947,1954,Egypt,0
b2be0ab3,NL,1,NL,NL,0,Western,0,1950,2,1,1926,1924,NL,1
b2c2c9d2,NL,1,France,NL,1,Western,0,1962,2,1,1936,1938,NL,1
b2c461e7,NL,2,NL,NL,0,Western,0,1956,2,1,1923,1932,NL,1
b2c5828e,NL,1,France,NL,1,Western,1,1999,2,1,1979,1970,NL,1
b2d28bc0,NL,1,NL,NL,0,Western,1,1965,2,1,1936,1926,NL,1
b2d2cd68,NL,2,NL,NL,0,Western,1,1968,2,1,1929,1946,NL,1
b2d72390,NL,2,France,NL,1,Western,1,1990,2,1,1961,1954,NL,1
b2d98f23,France,1,France,NL,1,Western,2,1961,2,1,1930,1922,France,0
b2de3fa5,NL,2,France,NL,1,Western,1,1990,2,1,1969,1952,NL,1
b2ee130d,NL,2,NL,NL,0,Western,0,1991,2,1,1960,1971,NL,1
b2f1cc4c,US,2,Egypt,NL,1,Western,2,1966,2,1,1932,1927,US,0
b2f3aa9e,NL,1,NL,France,1,Western,2,1989,2,1,1962,1954,NL,1
b2fe9cdc,NL,2,NL,NL,0,Western,0,1985,2,1,1958,1962,NL,1
b2fe9ebd,NL,2,Egypt,NL,1,Western,2,1982,2,1,1945,1950,NL,1
b3004456,NL,2,NL,NL,0,Western,1,1964,2,1,1931,1930,NL,1
b3006552,NL,1,NL,NL,0,Western,1,1994,2,1,1959,1966,NL,1
b3024a2e,NL,1,France,NL,1,Western,1,1952,2,1,1917,1919,NL,1
b304a2e8,NL,2,NL,NL,0,Western,1,1953,2,1,1914,1925,NL,1
b312fd80,NL,2,NL,NL,0,Western,1,1961,2,1,1929,1929,NL,1
b31d4f2a,NL,1,NL,NL,0,Western,1,1959,2,1,1922,1923,NL,1
b31f4fea,US,1,NL,NL,0,Western,1,1954,2,1,1934,1925,US,0
b32054c5,US,1,NL,NL,0,Western,1,1964,2,1,1926,1940,US,0
b320af6f,France,1,US,NL,1,Western,1,1963,2,1,1938,1942,France,0
b322dfd5,NL,2,NL,NL,0,Western,0,1982,2,1,1960,1962,NL,1
b323baf4,NL,1,NL,NL,0,Western,1,1992,1,1,1958,1957,NL,1
b32bdf6b,NL,2,Egypt,NL,1,Western,1,1984,2,1,1950,1957,NL,1
b32f946b,NL,1,NL,NL,0,Western,2,1958,2,1,1928,1935,NL,1
b3356cbe,NL,1,NL,NL,0,Western,0,1982,2,1,1960,1947,NL,1
b33a174e,NL,2,US,NL,1,Western,1,1987,2,1,1958,1963,NL,1
b33dd2d5,NL,1,NL,NL,0,Western,2,1980,2,1,1948,1952,NL,1
b33dde3e,France,1,NL,NL,0,Western,1,1965,2,1,1941,1945,France,0
b33effad,NL,2,NL,NL,0,Western,2,1961,2,1,1925,1923,NL,1
b34892e3,France,1,NL,NL,0,Western,1,1963,2,1,1936,1940,France,0
b357c6ab,NL,1,NL,NL,0,Western,2,1981,2,1,1946,1950,NL,1
b35e008f,NL,1,NL,NL,0,Western,2,1994,2,1,1964,1971,NL,1
b36de1d7,NL,2,NL,NL,0,Western,1,1985,2,1,1965,1946,NL,1
b36f228e,NL,2,NL,Egypt,1,Western,1,1954,2,1,1933,1921,NL,1
b374b66a,NL,2,NL,NL,0,Western,1,1953,2,1,1929,1914,NL,1
b380d5ae,NL,1,NL,NL,0,Western,0,1982,2,1,1944,1955,NL,1
b3811e54,NL,1,NL,NL,0,Western,1,1987,2,1,1948,1961,NL,1
b384eeae,Egypt,2,NL,NL,0,Non-Western,2,1960,2,1,1926,1937,Egypt,0
b3897a0b,NL,1,NL,NL,0,Western,0,1994,2,1,1974,1958,NL,1
b38e5e49,NL,2,NL,NL,0,Western,1,1970,2,1,1936,1945,NL,1
b394bcac,NL,1,US,France,2,Western,1,1992,2,1,1955,1954,NL,1
b39d5074,NL,2,NL,NL,0,Western,2,1960,2,1,1932,1937,NL,1
b3a0387e,France,1,NL,France,1,Western,2,1981,2,1,1952,1947,France,0
b3ab78f7,NL,2,US,NL,1,Western,1,1961,2,-,1939,1934,NL,1
b3b52fbd,France,2,NL,US,1,Western,1,1952,2,1,1918,1932,France,0
b3bac667,NL,1,NL,NL,0,Western,0,1954,2,1,1926,1930,NL,1
b3bd7323,NL,1,NL,France,1,Western,1,1957,2,1,1933,1925,NL,1
b3c6e21e,NL,2,NL,NL,0,Western,0,1953,2,1,1926,1931,NL,1
b3c6e2fc,NL,1,NL,US,1,Western,1,1994,2,1,1971,1958,NL,1
b3cfb1a6,NL,1,NL,NL,0,Western,2,1967,2,1,1933,1942,NL,1
b3d72454,France,2,France,NL,1,Western,0,1961,2,1,1927,1927,France,0
b3e3386e,NL,1,NL,NL,0,Western,2,1981,2,1,1948,1951,NL,1
b3e64dd5,NL,1,NL,NL,0,Western,1,1999,2,1,1975,1979,NL,1
b3ec5acb,NL,2,NL,NL,0,Western,1,1986,2,1,1963,1949,NL,1
b3ee6ae8,NL,2,NL,NL,0,Western,1,1959,2,1,1930,1928,NL,1
b3f16d72,US,1,NL,NL,0,Western,1,1967,2,1,1937,1940,US,0
b3f2cc46,NL,2,US,US,2,Western,1,1980,2,1,1956,1954,NL,1
b3f72736,France,2,NL,NL,0,Western,1,1961,2,1,1938,1936,France,0
b3fbce26,NL,2,NL,NL,0,Western,0,1983,2,1,1944,1960,NL,1
b414ea12,NL,1,NL,NL,0,Western,1,1966,2,1,1945,1946,NL,1
b418a785,NL,2,NL,NL,0,Western,2,1956,2,1,1932,1926,NL,1
b41abdd9,NL,1,France,NL,1,Western,2,1951,2,1,1919,1915,NL,1
b421dda1,US,2,NL,NL,0,Western,1,1958,2,1,1938,1928,US,0
b421f795,NL,1,NL,NL,0,Western,2,1954,2,1,1916,1915,NL,1
b42505a9,NL,2,NL,France,1,Western,1,1953,2,1,1931,1933,NL,1
b42878e2,NL,1,NL,NL,0,Western,2,1970,2,1,1943,1935,NL,1
b42c29cc,NL,1,NL,NL,0,Western,0,1992,2,1,1967,1966,NL,1
b42cd849,NL,2,NL,US,1,Western,1,1988,2,1,1966,1958,NL,1
b42dae1d,France,2,NL,France,1,Western,1,1988,2,1,1950,1960,France,0
b42df27b,NL,2,NL,NL,0,Western,2,1962,2,1,1925,1923,NL,1
b42fb108,NL,-,US,NL,1,Western,1,1981,2,1,1953,1955,NL,1
b4301288,NL,1,NL,NL,0,Western,2,1961,2,1,1922,1929,NL,1
b4370be4,NL,1,NL,NL,0,Western,1,1984,2,1,1955,1964,NL,1
b4398079,NL,-,NL,NL,0,Western,0,1952,2,1,1914,1932,NL,1
b439b82d,NL,1,NL,NL,0,Western,0,1983,2,1,1948,1954,NL,1
b455ad6f,NL,2,NL,NL,0,Western,2,1988,2,1,1950,1953,NL,1
b45752bc,France,2,France,France,2,Western,1,1954,2,1,1930,1928,France,0
b45a3fd4,NL,2,NL,NL,0,Western,1,1961,2,1,1931,1930,NL,1
b45fbaca,NL,1,France,NL,1,Western,1,1995,2,1,1960,1971,NL,1
b460a652,NL,2,NL,NL,0,Western,0,1995,2,1,1972,1961,NL,1
b479f098,NL,2,NL,NL,0,Western,2,1968,2,1,1929,1937,NL,1
b4855f89,NL,1,NL,NL,0,Western,1,1953,2,1,1919,1933,NL,1
b485bc14,NL,2,NL,NL,0,Western,0,1950,2,1,1927,1924,NL,1
b487ea66,NL,2,NL,France,1,Western,2,1970,2,1,1944,1943,NL,1
b488cee6,France,2,NL,France,1,Western,0,1986,2,1,1960,1954,France,0
b49c8714,NL,1,NL,NL,0,Western,2,1964,2,1,1925,1926,NL,1
b4a7f202,US,2,NL,NL,0,Western,1,1959,1,1,1936,1926,US,0
b4aa36d8,NL,1,NL,NL,0,Western,1,1954,2,1,1933,1925,NL,1
b4b00c72,NL,1,NL,NL,0,Western,1,1986,2,1,1956,1966,NL,1
b4c1d40d,NL,2,NL,France,1,Western,1,1967,2,1,1939,1946,NL,1
b4d07594,NL,2,NL,NL,0,Western,0,1954,2,1,1926,1932,NL,1
b4d30906,France,2,NL,NL,0,Western,2,1982,2,1,1962,1953,France,0
b4d4a67a,NL,1,NL,France,1,Western,0,1952,2,1,1929,1922,NL,1
b4d74152,NL,1,NL,NL,0,Western,0,1997,2,1,1962,1976,NL,1
b4e193e8,US,1,France,NL,1,Western,0,1963,2,1,1924,1924,US,0
b4e52bf4,US,2,NL,NL,0,Western,2,1952,2,1,1920,1930,US,0
b4e750e7,NL,2,NL,NL,0,Western,2,1950,2,1,1929,1918,NL,1
b4e96eaf,NL,2,NL,NL,0,Western,0,1997,2,1,1976,1971,NL,1
b4e9d255,NL,1,NL,NL,0,Western,1,1965,2,1,1927,1929,NL,1
b4ed114a,NL,2,NL,NL,0,Western,1,1956,2,1,1920,1927,NL,1
b502189d,NL,1,NL,France,1,Western,1,1990,2,1,1966,1958,NL,1
b509c993,NL,1,NL,NL,0,Western,1,1987,2,1,1956,1967,NL,1
b510920e,NL,2,NL,NL,0,Western,2,1995,2,1,1966,1970,NL,1
b516c619,France,2,NL,NL,0,Western,2,1956,2,1,1923,1928,France,0
b5173edc,NL,2,NL,NL,0,Western,2,1988,2,1,1968,1962,NL,1
b517b2ff,NL,2,NL,NL,0,Western,1,1951,-,1,1916,1923,NL,1
b517efb3,France,2,NL,NL,0,Western,2,1989,2,1,1965,1963,France,0
b518be7d,NL,1,NL,NL,0,Western,0,1954,2,1,1930,1934,NL,1
b51a6a9e,NL,1,NL,NL,0,Western,1,1950,2,1,1917,1911,NL,1
b51eaa04,NL,1,NL,US,1,Western,2,1956,2,1,1928,1923,NL,1
b52045c5,NL,1,NL,NL,0,Western,1,1958,2,1,1923,1931,NL,1
b5211b75,NL,-,NL,NL,0,Western,1,1989,2,1,1956,1965,NL,1
b52bb48e,France,1,NL,NL,0,Western,0,1968,2,1,1938,1934,France,0
b52c33e1,NL,1,France,NL,1,Western,1,1992,2,-,1960,1955,NL,1
b52ead58,NL,1,NL,France,1,Western,1,1987,2,1,1961,1962,NL,1
b53311b8,NL,2,US,NL,1,Western,2,1986,2,1,1950,1964,NL,1
b53b816b,NL,1,France,France,2,Western,1,1950,2,1,1918,1925,NL,1
b541561a,NL,2,NL,NL,0,Western,0,1988,2,1,1958,1956,NL,1
b551dab1,NL,2,NL,France,1,Western,0,1997,2,1,1972,1970,NL,1
b5532414,NL,1,France,NL,1,Western,2,1996,2,1,1964,1976,NL,1
b56c783e,US,2,NL,NL,0,Western,0,1968,2,1,1934,1931,US,0
b56cd4fe,France,1,NL,NL,0,Western,1,1953,2,1,1932,1933,France,0
b56e6331,France,2,NL,NL,0,Western,1,1958,2,1,1935,1935,France,0
b5792382,NL,2,NL,NL,0,Western,2,1988,2,1,1968,1955,NL,1
b58355fe,Egypt,1,NL,NL,0,Non-Western,1,1986,2,1,1947,1947,Egypt,0
b5867227,NL,2,NL,NL,0,Western,0,1965,2,1,1945,1926,NL,1
b589f4cd,NL,2,NL,NL,0,Western,0,1966,-,1,1935,1939,NL,1
b58b170b,NL,1,NL,NL,0,Western,2,1966,2,1,1927,1933,NL,1
b58da2a8,NL,2,NL,NL,0,Western,0,1993,2,1,1960,1962,NL,1
b59103cf,NL,1,NL,NL,0,Western,-,1958,2,1,1930,1928,NL,1
b5919b1c,US,2,NL,US,1,Western,0,1983,2,1,1962,1946,US,0
b5993ba1,NL,1,NL,NL,0,Western,2,1989,2,1,1969,1955,NL,1
b59a9ed0,NL,1,NL,NL,0,Western,2,1963,2,1,1930,1934,NL,1
b59f376e,France,1,NL,NL,0,Western,0,1989,2,1,1964,1954,France,0
b59f9f36,NL,2,NL,NL,0,Western,1,1982,2,1,1954,1960,NL,1
b5a84277,NL,2,NL,NL,0,Western,2,1994,2,1,1963,1971,NL,1
b5adc614,NL,2,NL,NL,0,Western,2,1988,2,1,1953,1964,NL,1
b5b19166,NL,2,France,France,2,Western,1,1961,2,1,1929,1934,NL,1
b5b3a394,NL,1,France,France,2,Western,2,1966,2,1,1941,1928,NL,1
b5b59232,NL,2,NL,NL,0,Western,1,1958,2,1,1936,1932,NL,1
b5bba579,France,2,NL,NL,0,Western,1,1988,2,1,1953,1966,France,0
b5beb66a,NL,2,NL,Egypt,1,Western,0,1960,2,1,1925,1938,NL,1
b5c18755,NL,1,NL,NL,0,Western,1,1959,2,1,1921,1932,NL,1
b5c6b5c0,France,1,NL,NL,0,Western,0,1958,2,1,1924,1931,France,0
b5cf3287,NL,2,NL,US,1,Western,2,1953,2,1,1922,1925,NL,1
b5d88d53,NL,2,Egypt,NL,1,Western,1,1981,2,1,1960,1960,NL,1
b5e7141a,NL,-,NL,NL,0,Western,1,1952,2,1,1927,1917,NL,1
b5f40a12,NL,1,NL,NL,0,Western,1,1966,2,1,1927,1945,NL,1
b60d214c,NL,1,France,NL,1,Western,2,1966,2,1,1945,1937,NL,1
b616549e,NL,1,NL,France,1,Western,2,1965,2,1,1939,1940,NL,1
b61aace6,France,2,France,NL,1,Western,0,1970,2,1,1932,1942,France,0
b6203837,NL,2,NL,NL,0,Western,1,1967,2,1,1944,1934,NL,1
b623b185,NL,2,NL,NL,0,Western,2,1991,2,1,1965,1958,NL,1
b62b0acf,NL,1,France,France,2,Western,0,1952,2,1,1913,1920,NL,1
b62f9bb5,NL,1,NL,NL,0,Western,2,1967,2,1,1937,1940,NL,1
b630a925,NL,1,NL,NL,0,Western,1,1968,2,1,1946,1940,NL,1
b63502de,NL,2,NL,NL,0,Western,1,1988,2,1,1968,1952,NL,1
b6352504,NL,1,NL,NL,0,Western,0,1959,2,1,1937,1920,NL,1
b644d3c6,NL,1,NL,NL,0,Western,1,1985,2,1,1964,1953,NL,1
b645c79b,NL,1,NL,NL,0,Western,1,1991,2,1,1963,1960,NL,1
b64666b3,NL,2,NL,NL,0,Western,1,1987,2,1,1949,1955,NL,1
b646e742,NL,1,France,Egypt,2,Western,0,1992,2,1,1959,1960,NL,1
b64c1cf9,NL,1,NL,NL,0,Western,1,1961,2,1,1928,1929,NL,1
b651d13a,NL,2,NL,France,1,Western,0,1959,-,1,1937,1928,NL,1
b652ce5c,NL,2,NL,NL,0,Western,0,1981,2,1,1942,1950,NL,1
b6597d6a,France,2,Egypt,France,2,Western,2,1984,2,1,1957,1950,France,0
b65bec72,NL,1,NL,France,1,Western,-,1956,2,1,1935,1924,NL,1
b66026e5,NL,2,NL,France,1,Western,0,1984,2,1,1953,1954,NL,1
b668c12b,NL,-,NL,France,1,Western,2,1999,2,1,1976,1979,NL,1
b669e493,NL,1,NL,NL,0,Western,0,1993,2,1,1961,1957,NL,1
b66d8eb3,NL,1,NL,NL,0,Western,1,1951,2,1,1925,1921,NL,1
b67f1759,France,1,NL,NL,0,Western,1,1964,2,1,1943,1933,France,0
b68139cf,NL,1,NL,NL,0,Western,1,1982,2,1,1953,1955,NL,1
b6848f60,NL,1,NL,NL,0,Western,2,1985,2,1,1962,1958,NL,1
b6859b91,NL,1,NL,NL,0,Western,2,1988,2,1,1952,1960,NL,1
b690cc45,NL,2,NL,NL,0,Western,2,1997,2,1,1976,1966,NL,1
b6917ade,NL,1,NL,NL,0,Western,2,1954,2,1,1928,1933,NL,1
b6950ce1,NL,1,NL,NL,0,Western,1,1965,2,1,1940,1935,NL,1
b6952514,NL,2,NL,NL,0,Western,2,1998,-,1,1974,1977,NL,1
b697658f,NL,1,NL,NL,0,Western,2,1952,2,1,1916,1926,NL,1
b6976d6c,France,1,NL,France,1,Western,2,1954,2,1,1922,1925,France,0
b6a5e5c8,NL,-,NL,France,1,Western,1,1985,2,1,1953,1962,NL,1
b6a949ed,NL,2,NL,NL,0,Western,0,1995,2,1,1965,1957,NL,1
b6bb3d28,NL,1,NL,NL,0,Western,1,1994,2,1,1974,1957,NL,1
b6ce85af,NL,1,NL,NL,0,Western,2,1959,2,1,1926,1937,NL,1
b6d69e60,NL,1,NL,NL,0,Western,0,1958,2,1,1925,1922,NL,1
b6d97137,NL,1,NL,NL,0,Western,0,1994,2,1,1960,1969,NL,1
b6e3312f,NL,1,NL,NL,0,Western,1,1984,2,1,1958,1945,NL,1
b6e5196a,NL,1,NL,Egypt,1,Western,0,1991,2,1,1964,1970,NL,1
b6f42f55,NL,2,NL,NL,0,Western,1,1958,2,1,1927,1926,NL,1
b6fedb6e,NL,1,NL,NL,0,Western,1,1982,2,1,1946,1960,NL,1
b707e0bf,NL,1,France,NL,1,Western,0,1984,2,1,1945,1954,NL,1
b7160d07,NL,2,NL,France,1,Western,0,1999,2,1,1974,1971,NL,1
b71bd983,NL,1,NL,NL,0,Western,1,1985,2,1,1946,1963,NL,1
b71cdd97,NL,2,NL,France,1,Western,2,1967,2,1,1931,1930,NL,1
b7209950,NL,1,NL,NL,0,Western,2,1963,2,1,1927,1927,NL,1
b72c59eb,NL,2,NL,France,1,Western,0,1987,2,1,1965,1951,NL,1
b7347a2c,France,1,France,NL,1,Western,1,1950,2,1,1930,1928,France,0
b7361aba,NL,2,France,NL,1,Western,0,1964,2,1,1927,1932,NL,1
b736ec96,US,2,NL,NL,0,Western,0,1952,2,1,1920,1918,US,0
b739315b,NL,1,NL,NL,0,Western,0,1984,2,1,1945,1953,NL,1
b73c673b,NL,2,NL,NL,0,Western,2,1999,2,1,1968,1974,NL,1
b7406027,NL,1,NL,France,1,Western,1,1999,2,1,1971,1963,NL,1
b7456874,NL,1,NL,NL,0,Western,0,1994,2,1,1958,1960,NL,1
b754239a,US,2,NL,France,1,Western,2,1983,2,1,1963,1957,US,0
b7578f29,Egypt,1,France,NL,1,Non-Western,2,1952,2,1,1917,1918,Egypt,0
b759a11a,France,1,NL,NL,0,Western,0,1969,2,1,1945,1942,France,0
b75d7717,NL,2,NL,France,1,Western,1,1991,2,1,1967,1959,NL,1
b774ba33,NL,2,France,NL,1,Western,1,1983,2,1,1956,1963,NL,1
b776069e,NL,2,NL,NL,0,Western,1,1995,2,1,1959,1959,NL,1
b77688eb,NL,1,NL,France,1,Western,1,1998,2,1,1959,1960,NL,1
b77b853b,NL,2,NL,NL,0,Western,1,1990,2,1,1963,1957,NL,1
b77eb838,NL,2,NL,NL,0,Western,2,1958,2,1,1933,1936,NL,1
b7876578,NL,1,US,NL,1,Western,0,1984,2,1,1949,1961,NL,1
b78e4f20,NL,-,NL,NL,0,Western,1,1988,2,1,1953,1964,NL,1
b790cf95,NL,2,NL,NL,0,Western,1,1964,2,1,1944,1925,NL,1
b7a1655f,NL,2,France,NL,1,Western,1,1952,2,1,1921,1926,NL,1
b7a3c8e4,NL,1,NL,NL,0,Western,0,1989,2,1,1960,1955,NL,1
b7a4c663,NL,1,NL,NL,0,Western,2,1956,2,1,1921,1927,NL,1
b7a8c816,NL,2,US,NL,1,Western,1,1980,2,1,1955,1960,NL,1
b7ab07de,NL,2,NL,NL,0,Western,2,1969,2,1,1930,1933,NL,1
b7ad92c3,NL,1,NL,NL,0,Western,1,1965,2,1,1929,1926,NL,1
b7aeb085,NL,2,NL,NL,0,Western,1,1970,2,1,1937,1938,NL,1
b7b16397,NL,1,NL,France,1,Western,0,1991,2,1,1963,1963,NL,1
b7bb0fb2,NL,1,NL,NL,0,Western,0,1993,2,1,1956,1964,NL,1
b7bc4c08,NL,2,NL,NL,0,Western,1,1950,2,1,1926,1912,NL,1
b7be5eea,NL,2,NL,NL,0,Western,-,1968,2,1,1929,1930,NL,1
b7c1f35b,NL,1,NL,NL,0,Western,2,1959,2,1,1931,1923,NL,1
b7c58314,NL,2,NL,NL,0,Western,1,1987,2,1,1953,1965,NL,1
b7c62340,NL,2,France,NL,1,Western,0,1989,2,1,1965,1957,NL,1
b7c9f2c4,NL,2,NL,NL,0,Western,1,1958,2,1,1936,1933,NL,1
b7ca5f93,NL,2,NL,France,1,Western,1,1989,2,1,1969,1953,NL,1
b7cae036,NL,1,NL,NL,0,Western,1,1963,2,1,1937,1925,NL,1
b7cd5b7b,NL,2,NL,NL,0,Western,2,1955,2,1,1921,1924,NL,1
b7dcbd46,NL,2,NL,NL,0,Western,2,1999,2,1,1966,1961,NL,1
b7e0eb91,France,1,NL,France,1,Western,0,1988,2,1,1968,1960,France,0
b7fa0286,NL,2,NL,NL,0,Western,1,1994,2,1,1966,1961,NL,1
b7fa8269,France,2,NL,NL,0,Western,1,1958,2,1,1922,1925,France,0
b7facd4a,NL,-,NL,NL,0,Western,0,1968,2,1,1930,1938,NL,1
b7fca06a,NL,2,NL,NL,0,Western,0,1962,2,1,1924,1927,NL,1
b7fdfe77,NL,2,NL,NL,0,Western,-,1988,2,1,1958,1968,NL,1
b8008a8d,NL,2,NL,NL,0,Western,2,1985,2,1,1955,1949,NL,1
b800aca8,NL,2,NL,NL,0,Western,1,1998,2,1,1960,1977,NL,1
b8053ffe,NL,1,NL,NL,0,Western,2,1951,2,1,1931,1925,NL,1
b806e1b7,NL,2,NL,France,1,Western,1,1962,2,1,1934,1932,NL,1
b80ab57f,NL,1,NL,NL,0,Western,2,1957,2,1,1920,1933,NL,1
b80d3005,NL,1,France,NL,1,Western,1,1983,2,-,1953,1956,NL,1
b80d3a21,NL,2,NL,NL,0,Western,0,1963,2,1,1943,1939,NL,1
b80fd966,NL,2,NL,NL,0,Western,2,1989,2,1,1952,1962,NL,1
b819ac96,NL,2,NL,NL,0,Western,2,1986,2,1,1961,1953,NL,1
b81e17ce,NL,2,NL,France,1,Western,2,1967,2,1,1941,1938,NL,1
b81fe184,NL,1,NL,NL,0,Western,0,1990,2,1,1969,1961,NL,1
b820cd9e,NL,1,NL,NL,0,Western,0,1984,2,1,1957,1954,NL,1
b8255a75,NL,2,US,NL,1,Western,2,1997,2,1,1974,1959,NL,1
b8335174,Egypt,1,NL,NL,0,Non-Western,1,1953,2,1,1915,1915,Egypt,0
b837b26d,NL,2,NL,NL,0,Western,2,1999,2,1,1964,1973,NL,1
b838626c,NL,1,NL,NL,0,Western,2,1955,2,1,1929,1925,NL,1
b838cc6d,NL,1,NL,NL,0,Western,0,1984,2,1,1959,1952,NL,1
b8390df1,NL,2,NL,France,1,Western,1,1959,2,1,1932,1920,NL,1
b8392d53,NL,2,NL,NL,0,Western,1,1998,2,1,1964,1972,NL,1
b839ab78,NL,2,NL,US,1,Western,0,1969,2,1,1945,1943,NL,1
b839da76,NL,2,France,France,2,Western,1,1964,2,1,1933,1935,NL,1
b83e8b6d,NL,1,NL,NL,0,Western,0,1970,2,1,1947,1936,NL,1
b8511ebe,France,1,US,France,2,Western,0,1980,2,1,1941,1958,France,0
b85a525c,NL,2,NL,NL,0,Western,2,1980,2,1,1948,1953,NL,1
b85bae6d,NL,2,NL,France,1,Western,0,1951,2,1,1930,1920,NL,1
b86ad059,France,1,NL,NL,0,Western,1,1955,2,1,1916,1918,France,0
b86bc4bc,France,1,NL,NL,0,Western,1,1990,2,1,1953,1963,France,0
b876b866,NL,2,France,NL,1,Western,0,1955,2,1,1932,1929,NL,1
b878d6bb,NL,1,NL,NL,0,Western,0,1960,2,1,1937,1936,NL,1
b886e730,NL,2,NL,France,1,Western,1,1953,2,1,1929,1920,NL,1
b887e158,NL,2,NL,NL,0,Western,0,1965,2,1,1943,1940,NL,1
b888e6e6,NL,1,NL,France,1,Western,0,1982,2,1,1945,1944,NL,1
b89bd33e,NL,1,NL,NL,0,Western,0,1964,2,1,1927,1939,NL,1
b89f2722,NL,2,NL,France,1,Western,1,1993,2,1,1958,1957,NL,1
b8a7f5ae,NL,2,NL,France,1,Western,2,1989,2,1,1951,1952,NL,1
b8ab3f88,France,2,France,NL,1,Western,0,1986,2,1,1948,1961,France,0
b8acb944,NL,2,NL,France,1,Western,1,1963,2,1,1935,1924,NL,1
b8add56a,NL,1,NL,NL,0,Western,2,1956,1,1,1925,1929,NL,1
b8adf560,NL,2,NL,US,1,Western,1,1967,2,1,1933,1944,NL,1
b8b1c9ea,NL,2,NL,NL,0,Western,2,1968,2,1,1939,1946,NL,1
b8b1f67d,NL,1,NL,NL,0,Western,1,1981,2,1,1949,1945,NL,1
b8b91aa0,France,2,NL,NL,0,Western,1,1985,2,1,1952,1949,France,0
b8bd5d30,France,1,NL,NL,0,Western,-,1956,2,1,1924,1924,France,0
b8c76a4a,NL,1,NL,NL,0,Western,0,1952,2,1,1916,1924,NL,1
b8c7babb,France,1,NL,NL,0,Western,1,1988,2,1,1967,1964,France,0
b8c86d90,NL,1,NL,NL,0,Western,1,1990,2,1,1966,1953,NL,1
b8cab7e5,NL,2,France,NL,1,Western,2,1981,2,1,1944,1949,NL,1
b8cb4b01,NL,1,NL,NL,0,Western,1,1970,2,1,1931,1932,NL,1
b8d4ace7,France,2,NL,NL,0,Western,1,1987,2,1,1960,1962,France,0
b8e2fcc6,US,2,NL,NL,0,Western,2,1965,2,1,1928,1934,US,0
b8e33fae,NL,2,NL,NL,0,Western,1,1962,2,1,1934,1933,NL,1
b8e75e99,NL,2,NL,France,1,Western,0,1993,2,1,1958,1970,NL,1
b8ebddec,NL,1,France,France,2,Western,0,1954,2,1,1921,1930,NL,1
b8fbcc39,NL,2,NL,US,1,Western,0,1983,2,1,1959,1947,NL,1
b90850c4,NL,2,NL,NL,0,Western,1,1992,2,1,1971,1970,NL,1
b9093f49,NL,2,NL,NL,0,Western,2,1967,2,1,1943,1946,NL,1
b90df145,NL,1,NL,NL,0,Western,0,1987,2,1,1965,1959,NL,1
b9105083,NL,2,NL,NL,0,Western,1,1988,2,1,1964,1961,NL,1
b9110b87,France,1,NL,NL,0,Western,1,1983,2,1,1958,1961,France,0
b918b021,NL,1,US,NL,1,Western,1,1952,2,1,1915,1915,NL,1
b918cda5,NL,2,NL,NL,0,Western,0,1992,2,1,1954,1970,NL,1
b92276e0,NL,2,NL,NL,0,Western,0,1986,2,1,1958,1951,NL,1
b926221c,NL,2,NL,NL,0,Western,2,1953,2,1,1925,1918,NL,1
b927eebb,France,1,France,US,2,Western,1,1985,2,1,1955,1949,France,0
b9298875,France,2,NL,France,1,Western,2,1955,2,1,1922,1916,France,0
b932c781,NL,2,France,NL,1,Western,2,1960,2,1,1923,1939,NL,1
b9337438,NL,2,NL,France,1,Western,1,1994,2,1,1973,1956,NL,1
b93db90a,NL,1,France,NL,1,Western,1,1961,2,1,1928,1938,NL,1
b9410abf,NL,2,NL,NL,0,Western,1,1967,2,1,1936,1933,NL,1
b947fecb,NL,2,NL,NL,0,Western,1,1997,2,1,1973,1972,NL,1
b94ba5ef,NL,2,France,NL,1,Western,1,1988,2,1,1959,1965,NL,1
b950e2a9,NL,2,NL,US,1,Western,1,1951,2,1,1928,1913,NL,1
b955a0d5,France,2,NL,NL,0,Western,0,1969,2,1,1947,1948,France,0
b9697322,NL,2,NL,NL,0,Western,0,1985,2,1,1953,1956,NL,1
b96a44fb,NL,2,US,NL,1,Western,1,1958,2,1,1925,1923,NL,1
b96a7ff7,NL,1,NL,NL,0,Western,1,1964,2,1,1930,1935,NL,1
b97f907c,NL,1,NL,NL,0,Western,2,1968,2,1,1932,1934,NL,1
b9822ff5,France,-,NL,NL,0,Western,1,1950,2,1,1925,1920,France,0
b98c22f6,NL,1,NL,NL,0,Western,1,1955,2,1,1917,1927,NL,1
b9935f69,NL,1,NL,France,1,Western,1,1969,2,1,1935,1933,NL,1
b996bfae,NL,2,NL,France,1,Western,2,1981,2,1,1960,1956,NL,1
b99738c4,NL,1,France,NL,1,Western,2,1963,2,1,1940,1925,NL,1
b99799ba,NL,2,NL,NL,0,Western,2,1997,2,1,1962,1967,NL,1
b9aa4d68,NL,2,NL,NL,0,Western,1,1958,2,1,1933,1928,NL,1
b9ac9b6a,France,2,NL,France,1,Western,2,1965,2,1,1945,1940,France,0
b9b12834,NL,1,US,France,2,Western,1,1963,2,1,1938,1942,NL,1
b9bad7b4,NL,1,NL,Egypt,1,Western,2,1965,2,1,1935,1930,NL,1
b9bb802c,NL,2,NL,NL,0,Western,0,1992,2,1,1958,1969,NL,1
b9bbdaff,France,2,NL,NL,0,Western,1,1970,2,1,1944,1942,France,0
b9bc1559,France,2,France,NL,1,Western,0,1984,2,1,1961,1947,France,0
b9be5054,France,1,US,NL,1,Western,0,1987,2,-,1960,1954,France,0
b9beb3c1,NL,2,France,NL,1,Western,1,1955,2,1,1928,1924,NL,1
b9c179c4,NL,1,NL,NL,0,Western,1,1950,2,1,1923,1924,NL,1
b9c26690,NL,-,NL,NL,0,Western,2,1957,2,1,1926,1930,NL,1
b9c50ce4,NL,2,France,France,2,Western,1,1981,2,1,1949,1960,NL,1
b9cc0875,NL,2,NL,NL,0,Western,1,1969,2,1,1946,1940,NL,1
b9cc742b,NL,2,NL,NL,0,Western,0,1980,2,1,1957,1957,NL,1
b9d55f21,NL,2,NL,NL,0,Western,1,1995,2,1,1965,1968,NL,1
b9d87962,NL,2,NL,Egypt,1,Western,1,1992,2,1,1958,1968,NL,1
b9db8e53,NL,1,NL,NL,0,Western,0,1966,2,1,1930,1927,NL,1
b9edebe4,France,2,France,NL,1,Western,0,1987,2,1,1949,1961,France,0
b9ef9002,NL,1,France,NL,1,Western,1,1980,2,1,1944,1953,NL,1
b9eff43a,NL,1,NL,NL,0,Western,2,1957,2,1,1936,1928,NL,1
b9f7f24b,NL,2,NL,NL,0,Western,2,1987,2,1,1965,1953,NL,1
b9f9edca,NL,1,France,NL,1,Western,0,1988,2,1,1949,1953,NL,1
b9fa1834,NL,1,NL,NL,0,Western,0,1950,2,1,1924,1927,NL,1
b9fa594e,NL,2,NL,NL,0,Western,0,1980,2,1,1951,1959,NL,1
ba05fb23,NL,1,NL,NL,0,Western,1,1961,2,1,1924,1930,NL,1
ba0f9f4f,US,2,NL,NL,0,Western,1,1983,2,1,1956,1956,US,0
ba11fb93,NL,1,NL,France,1,Western,1,1995,2,1,1960,1968,NL,1
ba16bb48,France,1,France,NL,1,Western,1,1968,2,1,1937,1929,France,0
ba17c8ea,NL,2,France,US,2,Western,1,1985,2,1,1955,1954,NL,1
ba1bedfc,France,1,NL,NL,0,Western,2,1980,2,1,1944,1951,France,0
ba1f3745,NL,2,NL,France,1,Western,1,1952,2,1,1920,1915,NL,1
ba272b7c,NL,1,NL,NL,0,Western,2,1957,2,1,1919,1928,NL,1
ba2c649a,France,1,NL,NL,0,Western,2,1980,2,1,1953,1953,France,0
ba326022,NL,1,France,NL,1,Western,1,1983,2,1,1959,1955,NL,1
ba358b24,NL,1,NL,NL,0,Western,2,1956,2,1,1920,1931,NL,1
ba38aaf5,NL,2,NL,NL,0,Western,0,1970,2,1,1949,1944,NL,1
ba3ddbab,NL,1,Egypt,NL,1,Western,1,1995,2,1,1957,1970,NL,1
ba4837c0,NL,1,NL,NL,0,Western,1,1960,2,1,1923,1934,NL,1
ba500dc3,US,2,US,NL,1,Western,2,1963,2,1,1932,1934,US,0
ba55d162,France,1,NL,NL,0,Western,1,1983,2,1,1949,1963,France,0
ba58efa3,NL,1,NL,NL,0,Western,2,1990,2,1,1968,1965,NL,1
ba5b1f85,France,2,NL,NL,0,Western,1,1989,2,1,1969,1969,France,0
ba62bbc6,NL,1,NL,NL,0,Western,2,1983,2,1,1959,1960,NL,1
ba672c99,NL,2,NL,NL,0,Western,1,1985,2,1,1957,1958,NL,1
ba6807e0,US,1,France,NL,1,Western,0,1988,2,1,1951,1960,US,0
ba69832a,NL,2,NL,NL,0,Western,2,1989,2,1,1956,1967,NL,1
ba6fbe13,NL,2,NL,NL,0,Western,1,1992,2,1,1960,1960,NL,1
ba70a771,NL,1,NL,NL,0,Western,2,1982,2,1,1955,1958,NL,1
ba73db66,NL,1,NL,NL,0,Western,1,1994,2,1,1974,1968,NL,1
ba785cd2,NL,2,NL,NL,0,Western,1,1963,2,1,1935,1931,NL,1
ba7f1298,NL,1,NL,NL,0,Western,0,1986,2,1,1955,1955,NL,1
ba8080b0,NL,2,NL,NL,0,Western,1,1964,2,1,1936,1925,NL,1
ba876c50,NL,2,France,France,2,Western,1,1984,2,1,1955,1958,NL,1
ba93d4a6,NL,2,NL,NL,0,Western,2,1991,1,1,1954,1964,NL,1
ba965bf9,NL,2,NL,France,1,Western,0,1970,2,1,1942,1933,NL,1
ba9af0e8,NL,1,NL,NL,0,Western,0,1987,2,1,1958,1952,NL,1
baa3a3c6,France,1,NL,NL,0,Western,1,1953,2,1,1928,1914,France,0
baacd764,NL,2,NL,NL,0,Western,1,1967,2,1,1942,1939,NL,1
bab34a14,NL,2,France,NL,1,Western,0,1970,2,1,1931,1945,NL,1
babe3b1f,NL,1,NL,NL,0,Western,0,1994,2,1,1973,1973,NL,1
bac85021,NL,2,France,NL,1,Western,1,1953,2,1,1926,1915,NL,1
bac90c55,NL,2,NL,NL,0,Western,0,1959,2,1,1939,1930,NL,1
bad42f89,NL,2,NL,NL,0,Western,2,1951,2,1,1914,1914,NL,1
bae347a7,NL,2,France,NL,1,Western,1,1989,2,1,1962,1968,NL,1
bae3c19f,NL,2,NL,NL,0,Western,1,1989,2,1,1966,1962,NL,1
bae73c40,NL,2,NL,NL,0,Western,2,1954,2,1,1929,1934,NL,1
baeb5352,NL,2,NL,NL,0,Western,0,1963,2,1,1939,1931,NL,1
baeb81ca,NL,1,NL,NL,0,Western,0,1964,2,1,1930,1938,NL,1
baf15777,NL,2,NL,NL,0,Western,1,1963,2,1,1924,1925,NL,1
baf1782a,NL,2,NL,NL,0,Western,0,1992,2,1,1961,1961,NL,1
baf638ee,NL,1,NL,NL,0,Western,1,1986,2,1,1964,1959,NL,1
bafafd70,NL,1,NL,NL,0,Western,1,1964,2,1,1939,1935,NL,1
bb054c36,NL,1,NL,NL,0,Western,0,1988,2,1,1964,1953,NL,1
bb0a1e9c,NL,2,NL,NL,0,Western,2,1994,2,1,1956,1964,NL,1
bb10fa4e,NL,2,NL,NL,0,Western,1,1970,2,1,1933,1944,NL,1
bb1431fe,France,1,NL,NL,0,Western,0,1968,2,1,1934,1939,France,0
bb17eb1e,NL,1,NL,US,1,Western,1,1962,2,1,1926,1935,NL,1
bb1d42a1,NL,1,NL,NL,0,Western,1,1957,2,1,1920,1919,NL,1
bb1e7e4e,NL,1,France,NL,1,Western,0,1992,2,1,1953,1962,NL,1
bb1ea38b,NL,2,NL,France,1,Western,1,1996,2,1,1976,1960,NL,1
bb28e396,NL,2,France,NL,1,Western,1,1963,2,1,1928,1939,NL,1
bb2bc64c,France,-,France,NL,1,Western,0,1985,2,1,1955,1959,France,0
bb32d214,NL,1,NL,NL,0,Western,1,1994,2,1,1965,1966,NL,1
bb40db8e,NL,2,NL,NL,0,Western,2,1998,2,1,1963,1964,NL,1
bb43ae4f,NL,2,NL,NL,0,Western,2,1954,2,1,1918,1918,NL,1
bb48747b,NL,2,NL,France,1,Western,0,1962,2,1,1934,1927,NL,1
bb48d716,NL,1,NL,NL,0,Western,2,1953,2,1,1926,1930,NL,1
bb4c2dc5,NL,1,NL,NL,0,Western,2,1996,2,2,1973,1968,NL,1
bb5a7561,NL,2,France,NL,1,Western,1,1951,2,1,1922,1927,NL,1
bb5c7dd1,France,1,NL,NL,0,Western,0,1983,2,1,1949,1959,France,0
bb5dcdfc,NL,1,Egypt,NL,1,Western,1,1964,2,1,1937,1932,NL,1
bb5f7782,NL,2,NL,NL,0,Western,0,1980,2,1,1951,1959,NL,1
bb6019e3,NL,2,NL,NL,0,Western,0,1999,2,1,1972,1978,NL,1
bb613166,NL,2,NL,NL,0,Western,1,1961,2,1,1938,1938,NL,1
bb75e0bd,NL,1,NL,NL,0,Western,1,1962,2,1,1927,1924,NL,1
bb7cf52b,NL,1,NL,NL,0,Western,1,1986,2,1,1950,1955,NL,1
bb84295b,NL,1,France,NL,1,Western,0,1958,2,1,1921,1937,NL,1
bb88b008,NL,2,NL,NL,0,Western,0,1989,-,1,1969,1960,NL,1
bb8934d7,France,2,NL,France,1,Western,1,1987,2,1,1964,1962,France,0
bb8979b3,NL,1,France,France,2,Western,2,1992,2,1,1956,1968,NL,1
bbabe46f,NL,2,NL,NL,0,Western,-,1950,2,1,1930,1920,NL,1
bbaf75ea,NL,2,NL,France,1,Western,0,1988,2,1,1952,1950,NL,1
bbb4f0f3,NL,1,NL,NL,0,Western,2,1986,2,1,1959,1960,NL,1
bbb686cd,NL,1,NL,NL,0,Western,1,1994,2,1,1966,1955,NL,1
bbb9bdd1,NL,1,France,NL,1,Western,1,1995,2,1,1958,1970,NL,1
bbbdbf53,NL,1,NL,NL,0,Western,0,1982,2,1,1952,1949,NL,1
bbbf306b,NL,2,NL,France,1,Western,1,1952,2,1,1920,1932,NL,1
bbc2233f,NL,1,France,NL,1,Western,1,1985,2,1,1950,1965,NL,1
bbc4a6cc,NL,1,NL,France,1,Western,2,1954,1,1,1915,1924,NL,1
bbcc6f87,France,2,NL,NL,0,Western,0,1952,2,1,1927,1928,France,0
bbd8c6e8,France,1,NL,France,1,Western,0,1951,2,1,1914,1929,France,0
bbdd94d2,NL,2,NL,NL,0,Western,0,1998,2,1,1963,1968,NL,1
bbddb58a,NL,1,France,NL,1,Western,1,1969,2,1,1940,1941,NL,1
bbe31066,NL,2,NL,NL,0,Western,0,1992,2,1,1971,1958,NL,1
bbe711a9,NL,1,NL,NL,0,Western,1,1961,2,1,1926,1933,NL,1
bbece88c,NL,2,NL,NL,0,Western,2,1968,-,1,1929,1931,NL,1
bbed3d8e,NL,1,NL,France,1,Western,1,1989,2,1,1960,1965,NL,1
bbf0846d,NL,2,NL,NL,0,Western,1,1987,2,1,1966,1964,NL,1
bbf0ca1d,NL,2,NL,US,1,Western,1,1997,-,1,1973,1959,NL,1
bbf2ce1f,NL,2,NL,NL,0,Western,1,1983,2,1,1960,1960,NL,1
bbf36bfe,NL,2,NL,NL,0,Western,1,1992,2,1,1963,1959,NL,1
bbf74893,NL,1,NL,NL,0,Western,1,1953,2,1,1932,1931,NL,1
bbfd8280,NL,2,NL,NL,0,Western,1,1990,2,1,1952,1963,NL,1
bc01ea7c,NL,1,NL,NL,0,Western,0,1991,2,1,1955,1967,NL,1
bc06abf5,France,2,NL,NL,0,Western,2,1964,2,1,1938,1934,France,0
bc077c03,NL,1,NL,France,1,Western,1,1992,2,1,1956,1967,NL,1
bc092588,NL,2,NL,NL,0,Western,1,1951,2,1,1917,1929,NL,1
bc099db3,NL,2,NL,NL,0,Western,0,1995,2,1,1961,1975,NL,1
bc09c79f,NL,1,NL,NL,0,Western,2,1950,2,1,1913,1923,NL,1
bc10fcd0,NL,2,NL,France,1,Western,1,1993,2,1,1962,1967,NL,1
bc11164d,NL,1,NL,NL,0,Western,2,1993,1,1,1965,1971,NL,1
bc18af68,NL,2,NL,NL,0,Western,1,1966,2,1,1939,1932,NL,1
bc19c3b0,US,2,NL,NL,0,Western,2,1955,2,1,1935,1926,US,0
bc1b5e8c,NL,2,NL,US,1,Western,1,1954,2,1,1921,1926,NL,1
bc1e2d78,NL,2,NL,NL,0,Western,2,1989,2,1,1958,1960,NL,1
bc1fded0,France,2,NL,US,1,Western,2,1967,-,1,1940,1945,France,0
bc2190d5,NL,1,France,NL,1,Western,0,1983,2,1,1959,1945,NL,1
bc226aaf,NL,2,NL,NL,0,Western,1,1964,2,1,1942,1932,NL,1
bc2d3b0e,NL,2,Egypt,NL,1,Western,2,1980,2,1,1942,1946,NL,1
bc382297,France,1,France,NL,1,Western,0,1982,2,1,1959,1960,France,0
bc3b33d7,NL,2,NL,NL,0,Western,0,1990,2,1,1965,1968,NL,1
bc3ec707,NL,1,NL,NL,0,Western,1,1966,2,1,1940,1946,NL,1
bc3fabd0,NL,2,NL,NL,0,Western,2,1984,2,1,1960,1949,NL,1
bc438a32,NL,1,NL,NL,0,Western,2,1999,2,1,1969,1969,NL,1
bc442791,NL,2,NL,NL,0,Western,1,1956,2,1,1930,1934,NL,1
bc5503fa,NL,1,NL,France,1,Western,2,1985,2,2,1954,1955,NL,1
bc566a00,US,2,France,NL,1,Western,2,1964,2,1,1931,1931,US,0
bc584739,NL,2,France,NL,1,Western,1,1956,2,1,1936,1936,NL,1
bc615110,NL,1,NL,US,1,Western,0,1982,2,1,1954,1948,NL,1
bc6f2865,NL,2,NL,France,1,Western,1,1960,2,1,1939,1930,NL,1
bc6f5fb9,NL,1,France,NL,1,Western,0,1983,2,1,1952,1954,NL,1
bc717ede,NL,1,NL,NL,0,Western,2,1982,2,1,1952,1959,NL,1
bc738b35,NL,1,NL,NL,0,Western,0,1951,2,1,1926,1925,NL,1
bc7dbfb2,NL,1,NL,NL,0,Western,1,1986,2,1,1950,1962,NL,1
bc84eae4,France,2,France,NL,1,Western,0,1965,2,1,1944,1935,France,0
bc8f9faf,NL,2,NL,France,1,Western,0,1991,2,1,1970,1954,NL,1
bc93f5ef,NL,2,NL,NL,0,Western,1,1962,2,1,1931,1927,NL,1
bc99dab3,NL,1,NL,NL,0,Western,1,1990,2,1,1956,1959,NL,1
bc9aa5aa,France,2,NL,NL,0,Western,0,1984,2,1,1963,1956,France,0
bc9e767e,NL,1,NL,NL,0,Western,0,1993,2,1,1967,1962,NL,1
bc9f8b3a,NL,1,NL,US,1,Western,0,1992,2,1,1958,1960,NL,1
bca466b6,NL,1,NL,NL,0,Western,1,1965,2,1,1942,1940,NL,1
bca60e31,NL,2,NL,NL,0,Western,1,1983,2,1,1957,1962,NL,1
bcba02ce,NL,2,NL,NL,0,Western,1,1989,2,1,1965,1959,NL,1
bcbc743f,France,1,NL,NL,0,Western,1,1967,2,1,1928,1932,France,0
bcbcda16,NL,1,NL,NL,0,Western,0,1990,2,1,1964,1951,NL,1
bcc27b24,NL,1,NL,France,1,Western,2,1969,1,1,1940,1936,NL,1
bcc3f65c,NL,1,NL,NL,0,Western,0,1960,2,1,1938,1928,NL,1
bcc741da,NL,1,NL,NL,0,Western,1,1958,2,2,1931,1936,NL,1
bccc5bc7,NL,2,NL,NL,0,Western,2,1999,2,1,1976,1977,NL,1
bcd0487c,NL,1,NL,NL,0,Western,2,1998,-,1,1976,1973,NL,1
bcd7c168,NL,2,France,NL,1,Western,0,1999,2,2,1971,1978,NL,1
bcd9f5e9,NL,2,NL,France,1,Western,1,1999,2,1,1966,1963,NL,1
bce69acf,NL,1,NL,France,1,Western,2,1967,2,1,1932,1946,NL,1
bce84169,NL,1,NL,France,1,Western,0,1989,2,1,1957,1955,NL,1
bceab024,NL,2,NL,NL,0,Western,1,1952,2,1,1913,1913,NL,1
bceae6e4,NL,1,France,NL,1,Western,0,1957,2,1,1921,1929,NL,1
bcf9442b,NL,2,NL,NL,0,Western,0,1968,2,1,1939,1932,NL,1
bcfc455d,NL,1,NL,France,1,Western,1,1984,2,1,1960,1955,NL,1
bcfea630,France,2,NL,France,1,Western,1,1957,2,1,1937,1928,France,0
bd01e0b9,NL,2,NL,US,1,Western,1,1987,2,1,1949,1957,NL,1
bd0419f8,NL,2,France,NL,1,Western,2,1951,2,1,1930,1925,NL,1
bd09f664,France,2,Egypt,NL,1,Western,1,1957,2,1,1921,1937,France,0
bd0b3303,NL,2,NL,France,1,Western,2,1990,2,1,1953,1953,NL,1
bd0fe369,NL,1,NL,NL,0,Western,0,1998,2,1,1959,1973,NL,1
bd1012f1,NL,1,France,NL,1,Western,0,1998,2,1,1964,1975,NL,1
bd1941be,NL,2,NL,NL,0,Western,1,1959,2,1,1932,1928,NL,1
bd20aff3,NL,2,NL,France,1,Western,0,1983,2,1,1948,1963,NL,1
bd244abf,US,2,NL,NL,0,Western,2,1990,2,1,1951,1967,US,0
bd2ecdf0,NL,1,France,France,2,Western,1,1957,2,1,1924,1918,NL,1
bd30b554,NL,1,NL,NL,0,Western,1,1967,2,1,1929,1943,NL,1
bd36d917,France,1,NL,US,1,Western,1,1968,2,1,1932,1942,France,0
bd3a139e,NL,2,NL,NL,0,Western,0,1990,2,1,1960,1955,NL,1
bd3ec48b,NL,1,NL,NL,0,Western,0,1966,2,1,1931,1943,NL,1
bd40c64a,NL,2,NL,NL,0,Western,0,1982,2,1,1947,1943,NL,1
bd502758,NL,2,NL,France,1,Western,1,1970,2,1,1938,1938,NL,1
bd508455,NL,1,NL,NL,0,Western,1,1956,2,1,1920,1933,NL,1
bd530f3b,NL,2,France,NL,1,Western,2,1966,2,1,1931,1946,NL,1
bd55a757,NL,2,NL,NL,0,Western,0,1964,2,1,1931,1943,NL,1
bd55da64,NL,1,NL,NL,0,Western,0,1954,2,1,1919,1922,NL,1
bd65957b,NL,1,NL,NL,0,Western,0,1991,2,1,1964,1966,NL,1
bd66d052,NL,2,NL,NL,0,Western,0,1993,2,1,1967,1960,NL,1
bd68d90f,NL,1,NL,NL,0,Western,1,1970,2,1,1942,1940,NL,1
bd6fd83d,NL,2,NL,NL,0,Western,1,1964,2,1,1926,1941,NL,1
bd717f5b,NL,1,NL,NL,0,Western,1,1959,2,1,1920,1933,NL,1
bd73a381,NL,1,NL,US,1,Western,1,1959,2,1,1931,1933,NL,1
bd8563d7,NL,1,NL,NL,0,Western,0,1999,2,1,1978,1972,NL,1
bd8acc6b,NL,1,France,NL,1,Western,1,1992,2,1,1959,1954,NL,1
bd8b21fe,NL,2,NL,NL,0,Western,0,1957,2,1,1923,1922,NL,1
bd93d12f,NL,1,NL,France,1,Western,0,1950,2,1,1921,1911,NL,1
bd9b721b,NL,1,NL,NL,0,Western,2,1955,2,1,1922,1934,NL,1
bdacca1a,NL,1,NL,NL,0,Western,1,1993,2,1,1961,1965,NL,1
bdafb5bd,NL,1,NL,France,1,Western,0,1997,2,1,1967,1973,NL,1
bdb0883d,NL,1,NL,NL,0,Western,0,1961,2,1,1934,1930,NL,1
bdb34964,NL,1,NL,NL,0,Western,1,1961,2,1,1933,1928,NL,1
bdba43ef,France,1,NL,NL,0,Western,1,1954,2,1,1927,1932,France,0
bdbbceb1,Egypt,2,NL,NL,0,Non-Western,2,1980,2,1,1957,1941,Egypt,0
bdbcd3df,NL,1,NL,NL,0,Western,2,1982,2,1,1953,1949,NL,1
bdbfaaf1,NL,1,NL,NL,0,Western,2,1963,2,1,1933,1930,NL,1
bdc8275d,NL,1,NL,NL,0,Western,1,1982,2,1,1957,1945,NL,1
bdcdc4c5,NL,2,NL,NL,0,Western,2,1967,2,1,1930,1939,NL,1
bdcf64dc,NL,1,NL,NL,0,Western,0,1997,2,1,1966,1972,NL,1
bdd1dc46,NL,1,France,NL,1,Western,0,1990,2,-,1957,1961,NL,1
bdd4b372,NL,1,NL,NL,0,Western,2,1966,2,1,1946,1937,NL,1
bdd76df2,NL,2,NL,NL,0,Western,1,1982,2,1,1947,1957,NL,1
bde5525b,NL,2,NL,NL,0,Western,2,1964,2,1,1930,1925,NL,1
bde6008c,NL,1,NL,NL,0,Western,0,1989,2,1,1964,1958,NL,1
bde97c1e,NL,1,NL,NL,0,Western,-,1961,2,1,1933,1931,NL,1
bdeda8a0,NL,2,NL,NL,0,Western,0,1953,2,1,1919,1922,NL,1
bdee747d,NL,2,NL,France,1,Western,0,1982,2,1,1957,1953,NL,1
bdef8fb1,NL,1,NL,NL,0,Western,0,1995,2,1,1969,1962,NL,1
bdff582c,NL,1,NL,NL,0,Western,2,1970,2,1,1947,1938,NL,1
be045d10,NL,1,France,NL,1,Western,1,1957,2,1,1927,1932,NL,1
be098ac4,NL,1,France,NL,1,Western,2,1986,2,1,1966,1956,NL,1
be0b33ee,Egypt,2,NL,NL,0,Non-Western,0,1952,2,1,1919,1915,Egypt,0
be0ef5ee,US,1,NL,NL,0,Western,2,1963,2,1,1932,1940,US,0
be0fb3d9,NL,1,NL,France,1,Western,0,1995,2,1,1973,1975,NL,1
be10ba82,NL,1,NL,NL,0,Western,0,1955,2,1,1921,1935,NL,1
be1d5213,NL,2,France,NL,1,Western,1,1996,2,-,1972,1974,NL,1
be1ff50e,NL,2,NL,NL,0,Western,2,1970,2,1,1937,1931,NL,1
be2d6a12,NL,1,NL,NL,0,Western,0,1982,2,1,1951,1946,NL,1
be3313f3,France,2,NL,NL,0,Western,1,1990,2,1,1954,1968,France,0
be33af47,NL,2,NL,France,1,Western,2,1968,2,1,1936,1931,NL,1
be3470ae,NL,1,NL,NL,0,Western,1,1985,2,1,1956,1964,NL,1
be38b4cf,NL,2,Egypt,France,2,Western,1,1980,2,1,1946,1956,NL,1
be4027d4,NL,2,NL,NL,0,Western,1,1997,2,1,1959,1965,NL,1
be4745a4,France,2,NL,NL,0,Western,1,1960,2,1,1927,1925,France,0
be4c4211,NL,1,NL,France,1,Western,1,1958,2,1,1920,1925,NL,1
be50906b,NL,2,NL,NL,0,Western,2,1995,2,1,1968,1974,NL,1
be57430a,NL,2,NL,NL,0,Western,1,1985,2,1,1947,1956,NL,1
be65c429,NL,2,NL,NL,0,Western,1,1980,2,1,1942,1960,NL,1
be76acd3,France,2,France,NL,1,Western,0,1966,2,1,1938,1939,France,0
be7b02b2,NL,1,NL,France,1,Western,1,1956,2,1,1923,1924,NL,1
be7d30d6,NL,-,NL,NL,0,Western,0,1960,2,1,1940,1930,NL,1
be7daf34,France,1,NL,NL,0,Western,1,1982,2,1,1948,1952,France,0
be7eecbf,NL,2,France,US,2,Western,0,1984,2,1,1955,1950,NL,1
be8211ee,NL,1,NL,NL,0,Western,2,1986,2,1,1957,1966,NL,1
be8508f4,NL,2,France,NL,1,Western,0,1970,2,1,1937,1950,NL,1
be8a2abe,NL,1,NL,NL,0,Western,1,1958,2,1,1936,1935,NL,1
be8fb00f,NL,1,NL,NL,0,Western,2,1980,2,1,1954,1959,NL,1
be9461a8,NL,2,NL,NL,0,Western,1,1968,2,1,1941,1932,NL,1
be9b34f4,NL,1,NL,NL,0,Western,1,1992,2,1,1954,1968,NL,1
bea1201c,NL,2,NL,France,1,Western,1,1980,2,1,1959,1958,NL,1
beab961b,NL,2,NL,France,1,Western,0,1966,2,1,1935,1943,NL,1
beadaef9,NL,1,NL,US,1,Western,1,1993,2,1,1960,1969,NL,1
beaefc02,NL,2,NL,NL,0,Western,2,1998,2,1,1972,1970,NL,1
beaf42df,NL,2,France,NL,1,Western,1,1962,2,1,1942,1927,NL,1
beb42795,NL,2,NL,NL,0,Western,1,1968,2,1,1947,1942,NL,1
bec14480,NL,2,NL,NL,0,Western,2,1980,2,1,1944,1945,NL,1
becac5bf,NL,1,NL,NL,0,Western,1,1957,2,1,1927,1928,NL,1
bed27c37,France,-,NL,NL,0,Western,0,1982,-,1,1959,1956,France,0
bed32293,NL,2,US,NL,1,Western,2,1969,2,1,1949,1939,NL,1
bedb5b22,NL,2,NL,NL,0,Western,2,1967,2,1,1936,1934,NL,1
bedbdf55,NL,1,NL,NL,0,Western,-,1951,2,1,1929,1921,NL,1
bee3b38b,NL,2,NL,NL,0,Western,2,1969,2,1,1938,1939,NL,1
bee537e3,NL,1,Egypt,France,2,Western,0,1957,2,1,1924,1936,NL,1
bef53272,NL,1,NL,NL,0,Western,2,1982,2,1,1955,1951,NL,1
bef7bdc3,NL,1,NL,NL,0,Western,2,1997,2,1,1965,1976,NL,1
befbd828,NL,1,NL,NL,0,Western,1,1991,2,1,1959,1960,NL,1
bf08b9ac,NL,2,NL,NL,0,Western,0,1955,2,1,1926,1933,NL,1
bf0ccaa9,NL,1,NL,NL,0,Western,0,1996,2,1,1965,1957,NL,1
bf0f2f3f,NL,2,NL,NL,0,Western,1,1988,2,1,1968,1965,NL,1
bf1cffa8,France,2,NL,NL,0,Western,2,1986,2,1,1956,1963,France,0
bf1e049d,NL,2,NL,NL,0,Western,1,1950,2,1,1914,1917,NL,1
bf31395f,NL,2,NL,NL,0,Western,0,1987,2,1,1958,1965,NL,1
bf344d39,NL,1,France,NL,1,Western,2,1962,2,1,1933,1934,NL,1
bf3b44f3,France,2,NL,NL,0,Western,1,1964,2,1,1932,1940,France,0
bf43e950,NL,1,NL,NL,0,Western,0,1993,2,1,1963,1962,NL,1
bf46eb7e,NL,1,NL,France,1,Western,1,1956,2,1,1922,1922,NL,1
bf48f2ec,NL,1,France,NL,1,Western,0,1959,2,1,1927,1938,NL,1
bf4a0612,NL,2,NL,NL,0,Western,0,1995,2,1,1963,1971,NL,1
bf4daef5,NL,-,NL,NL,0,Western,2,1960,2,1,1929,1938,NL,1
bf4f378e,NL,1,NL,NL,0,Western,0,1985,2,1,1950,1958,NL,1
bf52914e,NL,1,France,France,2,Western,2,1995,2,1,1965,1962,NL,1
bf55f5c6,NL,2,NL,France,1,Western,0,1991,2,1,1953,1966,NL,1
bf5b589d,NL,2,NL,NL,0,Western,1,1961,2,1,1941,1937,NL,1
bf5db533,NL,1,NL,NL,0,Western,0,1994,2,1,1961,1962,NL,1
bf68198a,NL,2,NL,France,1,Western,0,1957,2,1,1937,1935,NL,1
bf6896e7,NL,1,NL,NL,0,Western,0,1959,2,1,1932,1930,NL,1
bf6b642b,NL,1,NL,France,1,Western,0,1958,2,1,1931,1928,NL,1
bf6bc989,NL,1,Egypt,France,2,Western,2,1962,2,1,1942,1938,NL,1
bf6ebbec,NL,1,NL,France,1,Western,0,1990,2,1,1957,1962,NL,1
bf715a82,NL,-,NL,France,1,Western,1,1994,2,1,1968,1974,NL,1
bf774d2d,NL,2,NL,NL,0,Western,0,1994,2,1,1970,1961,NL,1
bf786e34,NL,2,NL,NL,0,Western,2,1952,2,1,1921,1925,NL,1
bf7db05b,NL,-,NL,NL,0,Western,2,1990,2,1,1954,1967,NL,1
bf8002b6,NL,1,NL,NL,0,Western,2,1981,2,1,1949,1953,NL,1
bf809739,NL,1,NL,NL,0,Western,0,1980,2,1,1943,1946,NL,1
bf8fe00a,NL,2,France,US,2,Western,1,1987,2,1,1950,1955,NL,1
bf98fb88,NL,1,France,France,2,Western,0,1953,2,1,1916,1926,NL,1
bf9f895b,NL,2,NL,NL,0,Western,1,1952,2,1,1926,1913,NL,1
bfa1db56,NL,1,NL,NL,0,Western,-,1998,2,1,1965,1967,NL,1
bfa5ed29,NL,1,NL,NL,0,Western,-,1984,2,1,1948,1959,NL,1
bfa70a57,NL,2,France,NL,1,Western,2,1951,2,1,1920,1929,NL,1
bfaa38f2,NL,2,NL,NL,0,Western,0,1957,2,1,1932,1926,NL,1
bfac71bd,NL,1,NL,Egypt,1,Western,2,1951,2,1,1913,1921,NL,1
bfb28bec,NL,2,NL,NL,0,Western,0,1995,2,1,1962,1970,NL,1
bfbd926c,France,2,France,NL,1,Western,0,1950,2,1,1920,1930,France,0
bfc8c7ac,NL,1,NL,NL,0,Western,0,1963,2,1,1928,1936,NL,1
bfca9f4f,US,1,Egypt,NL,1,Western,1,1969,2,1,1945,1931,US,0
bfceccf7,NL,2,Egypt,NL,1,Western,0,1981,2,1,1951,1960,NL,1
bfd7ec14,France,2,NL,NL,0,Western,2,1964,2,1,1931,1940,France,0
bfda0cc1,NL,1,NL,NL,0,Western,1,1994,2,1,1960,1957,NL,1
bfdc701a,NL,2,NL,NL,0,Western,0,1994,-,1,1957,1961,NL,1
bff10963,NL,2,France,NL,1,Western,0,1987,2,1,1967,1967,NL,1
bff1bad2,NL,2,NL,France,1,Western,1,1952,2,1,1932,1926,NL,1
bff203a1,NL,1,NL,NL,0,Western,2,1956,2,1,1917,1936,NL,1
bff436aa,NL,1,NL,NL,0,Western,1,1953,2,1,1914,1930,NL,1
bff58323,NL,1,NL,NL,0,Western,0,1994,2,1,1966,1966,NL,1
c0065e5c,France,2,NL,NL,0,Western,1,1951,2,1,1930,1918,France,0
c0100c4f,NL,1,NL,NL,0,Western,0,1965,2,1,1945,1928,NL,1
c0111478,NL,1,NL,France,1,Western,1,1965,2,1,1944,1943,NL,1
c011cd7b,NL,1,NL,NL,0,Western,1,1997,2,1,1971,1964,NL,1
c012ff37,NL,2,NL,NL,0,Western,0,1957,2,1,1934,1924,NL,1
c013e0f2,NL,1,NL,NL,0,Western,0,1961,2,1,1941,1925,NL,1
c01620da,NL,1,NL,NL,0,Western,2,1955,2,1,1928,1928,NL,1
c01af670,NL,2,NL,NL,0,Western,0,1990,2,1,1959,1962,NL,1
c01b00e0,France,2,France,NL,1,Western,2,1960,2,1,1937,1925,France,0
c01b441f,NL,1,NL,NL,0,Western,1,1992,2,1,1966,1957,NL,1
c01d2112,NL,2,NL,NL,0,Western,0,1997,2,1,1970,1965,NL,1
c02241ce,NL,2,NL,NL,0,Western,2,1970,2,1,1942,1931,NL,1
c02346bf,NL,2,NL,NL,0,Western,2,1966,2,1,1929,1938,NL,1
c024eaef,NL,2,France,NL,1,Western,0,1990,2,1,1955,1960,NL,1
c02a9ecf,NL,2,NL,NL,0,Western,1,1963,2,1,1942,1931,NL,1
c02d265f,NL,2,NL,NL,0,Western,1,1990,2,1,1955,1957,NL,1
c02d6d85,France,2,France,NL,1,Western,2,1959,2,1,1924,1922,France,0
c032de8b,NL,2,US,NL,1,Western,2,1968,2,1,1932,1945,NL,1
c03525b4,NL,2,NL,NL,0,Western,1,1963,2,1,1932,1924,NL,1
c0443d3e,France,1,France,NL,1,Western,0,1985,2,1,1950,1957,France,0
c044c7fc,NL,2,NL,France,1,Western,0,1962,2,1,1925,1939,NL,1
c048683c,NL,1,NL,France,1,Western,0,1962,2,1,1941,1928,NL,1
c04c119c,NL,1,NL,NL,0,Western,1,1961,2,1,1937,1941,NL,1
c05004a3,NL,2,NL,US,1,Western,1,1964,2,1,1943,1933,NL,1
c0506d7c,France,1,France,NL,1,Western,0,1989,2,1,1954,1969,France,0
c0541c10,Egypt,2,NL,US,1,Non-Western,0,1958,2,1,1928,1938,Egypt,0
c0665ec1,NL,2,NL,Egypt,1,Western,2,1980,2,1,1950,1951,NL,1
c06677f9,France,1,France,NL,1,Western,1,1981,2,1,1942,1959,France,0
c069cea8,NL,2,NL,NL,0,Western,0,1959,2,2,1936,1923,NL,1
c06c9928,NL,1,NL,France,1,Western,1,1988,2,1,1959,1960,NL,1
c072d0c7,US,1,France,NL,1,Western,1,1960,-,1,1933,1936,US,0
c07bdc7c,NL,2,NL,NL,0,Western,2,1956,2,1,1917,1935,NL,1
c0874ed5,NL,1,NL,NL,0,Western,0,1990,2,1,1963,1955,NL,1
c08dfc88,NL,1,NL,NL,0,Western,2,1989,2,1,1958,1952,NL,1
c08e0b92,NL,1,NL,NL,0,Western,2,1954,2,1,1921,1917,NL,1
c09885a1,NL,2,NL,NL,0,Western,0,1959,2,1,1932,1927,NL,1
c0a0807e,NL,2,NL,NL,0,Western,-,1985,2,1,1963,1948,NL,1
c0a70b78,NL,1,NL,NL,0,Western,1,1958,2,1,1934,1935,NL,1
c0ac5e62,NL,1,US,NL,1,Western,1,1965,2,1,1932,1945,NL,1
c0bf87c0,France,-,NL,NL,0,Western,2,1961,2,1,1928,1930,France,0
c0d0e9a1,NL,2,NL,NL,0,Western,0,1964,2,1,1925,1942,NL,1
c0d4b295,France,1,NL,NL,0,Western,2,1960,2,1,1936,1924,France,0
c0d4c362,NL,2,France,NL,1,Western,2,1994,1,1,1970,1960,NL,1
c0d4ef7a,NL,2,France,NL,1,Western,0,1982,2,1,1947,1952,NL,1
c0d68ffd,NL,1,Egypt,NL,1,Western,0,1968,2,1,1932,1936,NL,1
c0d6a5ff,NL,2,NL,France,1,Western,1,1987,2,1,1958,1965,NL,1
c0dc3f00,NL,2,NL,France,1,Western,0,1997,2,1,1958,1969,NL,1
c0e787fe,NL,2,NL,NL,0,Western,0,1986,2,1,1961,1951,NL,1
c0e818d0,France,2,NL,France,1,Western,2,1985,2,1,1949,1961,France,0
c0ef747b,NL,2,NL,NL,0,Western,1,1954,2,1,1917,1915,NL,1
c0fa9680,NL,1,NL,France,1,Western,1,1990,2,1,1954,1964,NL,1
c0ffbc97,NL,2,Egypt,NL,1,Western,0,1981,2,1,1942,1946,NL,1
c106344c,NL,2,NL,NL,0,Western,1,1951,2,1,1920,1915,NL,1
c107e96b,France,1,NL,NL,0,Western,0,1958,2,1,1934,1938,France,0
c11b2bcb,US,1,NL,NL,0,Western,0,1963,2,1,1937,1927,US,0
c12407df,NL,1,NL,NL,0,Western,2,1968,2,1,1930,1943,NL,1
c1278dc8,NL,2,NL,NL,0,Western,1,1950,2,1,1919,1924,NL,1
c130e718,US,1,France,NL,1,Western,1,1950,2,1,1912,1923,US,0
c13503ee,NL,2,NL,NL,0,Western,1,1966,2,1,1942,1941,NL,1
c135b2c4,NL,2,NL,NL,0,Western,2,1955,2,1,1918,1934,NL,1
c1369554,NL,2,NL,NL,0,Western,1,1960,2,1,1940,1939,NL,1
c13bb286,NL,1,NL,NL,0,Western,2,1998,2,1,1959,1965,NL,1
c14a22be,NL,2,NL,France,1,Western,1,1957,2,1,1921,1920,NL,1
c14cd39e,NL,1,NL,NL,0,Western,0,1988,2,1,1967,1961,NL,1
c14d204a,NL,2,NL,NL,0,Western,1,1969,2,1,1947,1949,NL,1
c14e857a,NL,2,NL,NL,0,Western,0,1966,2,1,1938,1933,NL,1
c15144ef,NL,1,NL,NL,0,Western,0,1996,2,1,1964,1957,NL,1
c15b8c40,NL,2,NL,NL,0,Western,1,1996,2,1,1968,1963,NL,1
c15db795,NL,1,NL,France,1,Western,1,1994,2,1,1958,1974,NL,1
c15f30c5,NL,2,NL,France,1,Western,0,1991,2,1,1963,1959,NL,1
c15f74fb,NL,2,NL,NL,0,Western,0,1954,2,1,1923,1929,NL,1
c1602074,NL,2,France,NL,1,Western,1,1958,2,1,1931,1926,NL,1
c162d60e,France,2,NL,NL,0,Western,1,1983,2,1,1959,1947,France,0
c164abb6,France,1,NL,NL,0,Western,0,1984,2,1,1961,1961,France,0
c177148f,NL,1,NL,NL,0,Western,0,1966,-,1,1934,1930,NL,1
c17b103c,NL,2,NL,NL,0,Western,1,1980,2,1,1959,1950,NL,1
c1835a6f,NL,2,NL,NL,0,Western,1,1988,2,1,1960,1958,NL,1
c18666da,NL,2,France,NL,1,Western,1,1962,2,1,1926,1938,NL,1
c18abdb6,NL,2,NL,US,1,Western,1,1999,2,1,1965,1963,NL,1
c18e8f28,NL,1,NL,NL,0,Western,0,1995,2,1,1959,1961,NL,1
c1941548,NL,1,NL,NL,0,Western,0,1989,2,1,1953,1969,NL,1
c1971242,NL,2,NL,NL,0,Western,2,1952,-,1,1919,1919,NL,1
c1983112,France,2,NL,NL,0,Western,2,1952,2,1,1921,1922,France,0
c1990376,NL,1,NL,NL,0,Western,1,1958,2,1,1925,1929,NL,1
c19c1bc4,NL,2,NL,NL,0,Western,0,1999,2,2,1964,1970,NL,1
c19cc1f8,US,2,NL,NL,0,Western,1,1980,2,1,1955,1941,US,0
c19d50a0,NL,2,NL,NL,0,Western,1,1987,2,1,1967,1952,NL,1
c19e379e,NL,1,NL,NL,0,Western,2,1952,2,1,1928,1917,NL,1
c1aa8168,NL,2,NL,NL,0,Western,1,1957,2,1,1936,1927,NL,1
c1ac189a,NL,2,NL,NL,0,Western,0,1950,2,1,1924,1912,NL,1
c1ac48a6,NL,2,NL,NL,0,Western,0,1951,2,1,1920,1920,NL,1
c1ad3c3c,NL,2,NL,France,1,Western,0,1956,2,1,1929,1923,NL,1
c1b403bf,NL,2,France,NL,1,Western,2,1970,2,1,1939,1946,NL,1
c1b72aab,NL,1,France,France,2,Western,0,1996,2,1,1967,1965,NL,1
c1b73e53,NL,2,NL,NL,0,Western,0,1984,2,1,1951,1956,NL,1
c1bc6239,NL,1,NL,NL,0,Western,2,1959,2,1,1926,1938,NL,1
c1be559f,NL,1,NL,NL,0,Western,0,1980,2,1,1958,1942,NL,1
c1c3fa59,NL,2,NL,NL,0,Western,0,1989,2,1,1955,1961,NL,1
c1c4dfec,NL,1,NL,NL,0,Western,1,1953,2,1,1930,1914,NL,1
c1cf89df,NL,1,NL,NL,0,Western,0,1990,2,1,1969,1966,NL,1
c1cfa38c,NL,2,Egypt,NL,1,Western,1,1958,2,1,1921,1929,NL,1
c1e13f52,NL,1,NL,NL,0,Western,-,1950,2,1,1920,1930,NL,1
c1e25e15,France,-,NL,NL,0,Western,2,1986,2,1,1948,1955,France,0
c1e2b901,NL,1,France,NL,1,Western,1,1993,2,1,1955,1970,NL,1
c1e563af,NL,2,NL,NL,0,Western,0,1981,2,1,1955,1946,NL,1
c1e8ec80,NL,2,NL,France,1,Western,0,1991,2,1,1959,1969,NL,1
c1efe2e5,NL,1,Egypt,France,2,Western,1,1982,2,1,1962,1957,NL,1
c1f48458,NL,2,NL,NL,0,Western,1,1992,2,1,1962,1971,NL,1
c1fbc1e1,NL,2,France,NL,1,Western,0,1968,2,1,1944,1937,NL,1
c1fde851,NL,2,France,NL,1,Western,1,1984,2,1,1952,1955,NL,1
c1fe5337,NL,1,NL,NL,0,Western,0,1952,2,1,1927,1925,NL,1
c2012f81,NL,2,NL,NL,0,Western,1,1991,1,1,1971,1956,NL,1
c208477b,NL,1,France,NL,1,Western,1,1952,2,1,1932,1914,NL,1
c20c49a3,France,1,NL,France,1,Western,1,1965,2,1,1932,1928,France,0
c2160788,France,1,NL,US,1,Western,2,1989,2,1,1953,1954,France,0
c21dc7ef,NL,1,France,NL,1,Western,1,1981,2,1,1946,1950,NL,1
c21f89e5,NL,2,NL,NL,0,Western,2,1986,2,1,1964,1953,NL,1
c2207648,NL,1,NL,NL,0,Western,2,1957,2,1,1919,1931,NL,1
c223ffad,NL,1,France,NL,1,Western,1,1986,2,1,1962,1962,NL,1
c22e18ca,NL,2,NL,NL,0,Western,2,1990,2,1,1968,1953,NL,1
c233c0ec,NL,1,NL,NL,0,Western,2,1965,2,1,1929,1942,NL,1
c2374eb2,NL,-,NL,France,1,Western,2,1990,2,-,1951,1967,NL,1
c24250c6,NL,1,France,NL,1,Western,1,1953,2,1,1928,1932,NL,1
c24de837,NL,2,NL,France,1,Western,0,1962,2,1,1927,1931,NL,1
c25796a8,NL,1,NL,NL,0,Western,2,1983,2,1,1945,1947,NL,1
c261bf5b,NL,2,NL,France,1,Western,0,1988,2,1,1949,1955,NL,1
c266fbd1,France,2,France,NL,1,Western,0,1981,2,1,1945,1942,France,0
c270c388,NL,2,NL,Egypt,1,Western,2,1998,2,1,1967,1959,NL,1
c2711779,NL,1,France,NL,1,Western,1,1953,2,1,1929,1922,NL,1
c2745dc1,NL,2,NL,NL,0,Western,1,1981,2,1,1961,1960,NL,1
c278a167,NL,1,France,NL,1,Western,1,1961,2,1,1930,1926,NL,1
c2814d40,France,2,NL,NL,0,Western,1,1962,2,1,1927,1942,France,0
c281aab2,France,1,NL,France,1,Western,0,1966,2,1,1927,1939,France,0
c2877d5d,NL,2,NL,NL,0,Western,0,1970,2,1,1948,1938,NL,1
c287f6ef,NL,1,NL,France,1,Western,1,1994,2,1,1964,1971,NL,1
c288bfdd,NL,1,NL,France,1,Western,0,1998,2,1,1965,1978,NL,1
c28b492f,NL,2,US,US,2,Western,1,1951,2,1,1918,1912,NL,1
c28d66ef,NL,2,NL,NL,0,Western,1,1967,2,1,1932,1929,NL,1
c291bcd4,NL,1,NL,NL,0,Western,1,1960,2,1,1931,1927,NL,1
c296bcad,NL,2,NL,NL,0,Western,2,1951,2,1,1929,1919,NL,1
c2a43233,NL,2,NL,US,1,Western,0,1996,2,1,1961,1972,NL,1
c2a79bc6,France,2,NL,Egypt,1,Western,2,1957,2,1,1933,1926,France,0
c2ab196e,NL,1,NL,NL,0,Western,2,1968,2,1,1941,1946,NL,1
c2ae8953,NL,2,NL,NL,0,Western,1,1985,2,1,1958,1946,NL,1
c2ae9e1a,NL,2,France,NL,1,Western,0,1964,2,-,1942,1926,NL,1
c2b1fccc,NL,2,NL,NL,0,Western,0,1981,2,1,1957,1954,NL,1
c2b793eb,NL,1,NL,US,1,Western,1,1991,2,1,1963,1954,NL,1
c2bee975,France,1,Egypt,NL,1,Western,1,1969,2,1,1948,1932,France,0
c2c42bb9,NL,2,NL,NL,0,Western,2,1970,2,1,1949,1937,NL,1
c2cc423f,NL,2,France,NL,1,Western,2,1990,2,1,1967,1962,NL,1
c2ce4cd2,NL,1,France,NL,1,Western,1,1984,2,1,1950,1946,NL,1
c2cf26cf,NL,2,NL,NL,0,Western,2,1956,2,1,1935,1928,NL,1
c2d6f7f4,NL,1,NL,France,1,Western,2,1989,2,1,1969,1951,NL,1
c2da49e1,France,1,NL,France,1,Western,2,1963,2,1,1942,1940,France,0
c2db4e0a,France,1,NL,NL,0,Western,2,1956,2,1,1923,1929,France,0
c2ddb424,NL,1,NL,NL,0,Western,2,1984,2,1,1957,1945,NL,1
c2df3576,France,1,France,NL,1,Western,1,1985,2,1,1958,1950,France,0
c2e44ead,NL,2,NL,NL,0,Western,2,1988,2,1,1966,1959,NL,1
c2eaa683,NL,1,NL,NL,0,Western,2,1964,2,1,1932,1942,NL,1
c2fb514a,NL,1,NL,NL,0,Western,0,1985,2,1,1962,1952,NL,1
c2ffbaca,NL,2,NL,NL,0,Western,1,1996,2,1,1964,1958,NL,1
c30246c4,US,1,NL,NL,0,Western,0,1984,2,1,1945,1950,US,0
c3029f8a,NL,2,NL,NL,0,Western,1,1970,2,1,1942,1950,NL,1
c30ed082,US,2,NL,NL,0,Western,2,1987,2,1,1961,1955,US,0
c312f1a2,France,2,NL,NL,0,Western,2,1985,2,1,1964,1955,France,0
c32badd1,US,2,France,NL,1,Western,1,1954,2,1,1922,1926,US,0
c3373d35,France,1,NL,NL,0,Western,1,1987,2,1,1957,1948,France,0
c33a41c7,NL,2,NL,NL,0,Western,2,1982,2,1,1958,1945,NL,1
c33a5e1c,NL,2,France,NL,1,Western,0,1984,2,1,1953,1949,NL,1
c3418f62,NL,2,NL,NL,0,Western,1,1999,2,1,1979,1978,NL,1
c3451161,NL,1,NL,NL,0,Western,0,1981,2,1,1952,1952,NL,1
c345e6a1,France,2,Egypt,NL,1,Western,1,1985,2,1,1963,1957,France,0
c348cd0d,NL,2,NL,NL,0,Western,2,1966,2,1,1931,1946,NL,1
c351baf8,NL,2,NL,NL,0,Western,2,1984,2,1,1958,1948,NL,1
c35933fb,NL,1,NL,France,1,Western,1,1982,2,1,1945,1951,NL,1
c35b33f1,NL,1,NL,NL,0,Western,1,1956,-,1,1928,1929,NL,1
c35d25a5,France,1,France,NL,1,Western,1,1953,2,1,1917,1933,France,0
c3620217,NL,1,NL,NL,0,Western,1,1989,2,1,1950,1950,NL,1
c3666760,Egypt,2,NL,NL,0,Non-Western,1,1956,2,1,1934,1921,Egypt,0
c370f6a8,NL,2,NL,France,1,Western,0,1951,2,1,1921,1924,NL,1
c37474a2,NL,2,France,NL,1,Western,2,1992,2,1,1965,1957,NL,1
c3781e76,NL,2,NL,NL,0,Western,0,1967,2,1,1936,1941,NL,1
c37c7538,France,2,NL,France,1,Western,1,1985,2,1,1958,1946,France,0
c37e0ad9,NL,2,NL,NL,0,Western,2,1952,2,1,1914,1921,NL,1
c381395d,NL,1,NL,NL,0,Western,2,1983,2,1,1946,1947,NL,1
c38406e9,NL,1,NL,NL,0,Western,0,1950,2,1,1923,1924,NL,1
c3890855,NL,2,France,NL,1,Western,0,1988,2,1,1954,1952,NL,1
c3892e98,NL,2,France,NL,1,Western,0,1956,2,1,1917,1923,NL,1
c389e8d0,France,1,NL,France,1,Western,0,1968,2,1,1945,1940,France,0
c390cc3d,NL,2,NL,France,1,Western,2,1983,2,1,1950,1952,NL,1
c3993b38,NL,2,France,NL,1,Western,2,1996,2,1,1975,1961,NL,1
c3a0ccba,NL,1,NL,NL,0,Western,0,1962,2,1,1930,1930,NL,1
c3a8e33e,NL,2,NL,NL,0,Western,0,1951,2,1,1928,1924,NL,1
c3b13776,Egypt,1,NL,NL,0,Non-Western,1,1985,2,1,1965,1958,Egypt,0
c3b4e0b1,NL,2,NL,NL,0,Western,1,1967,2,1,1945,1944,NL,1
c3b7066e,NL,1,NL,NL,0,Western,1,1952,2,1,1919,1915,NL,1
c3b71e82,NL,1,France,NL,1,Western,0,1994,2,1,1957,1965,NL,1
c3b8237d,NL,2,NL,France,1,Western,2,1992,2,1,1971,1962,NL,1
c3df4b28,NL,2,France,NL,1,Western,2,1963,2,1,1936,1927,NL,1
c3e37810,NL,1,NL,France,1,Western,1,1986,2,1,1949,1958,NL,1
c3e84077,Egypt,2,France,NL,1,Non-Western,0,1985,2,1,1960,1949,Egypt,0
c3ea00f8,NL,2,NL,NL,0,Western,1,1950,2,1,1928,1925,NL,1
c3eabbb1,NL,1,NL,NL,0,Western,2,1992,2,1,1956,1957,NL,1
c3ee527a,US,2,France,NL,1,Western,0,1959,2,1,1929,1938,US,0
c3f1ef85,NL,2,NL,NL,0,Western,2,1952,2,1,1921,1918,NL,1
c3f4a880,NL,2,NL,NL,0,Western,2,1986,2,1,1964,1950,NL,1
c3fafc41,NL,2,NL,NL,0,Western,1,1963,2,1,1929,1932,NL,1
c3fecf3f,NL,1,NL,NL,0,Western,2,1993,2,1,1958,1971,NL,1
c4013cb1,NL,1,US,NL,1,Western,0,1951,2,1,1921,1922,NL,1
c4050d7e,NL,1,NL,NL,0,Western,2,1991,2,1,1952,1965,NL,1
c40910e7,NL,1,NL,NL,0,Western,2,1997,2,1,1961,1973,NL,1
c41b8dd3,NL,2,NL,NL,0,Western,2,1985,2,1,1951,1961,NL,1
c41c5b1f,NL,2,NL,NL,0,Western,1,1951,2,1,1915,1913,NL,1
c42c1760,NL,1,NL,NL,0,Western,1,1987,2,1,1958,1964,NL,1
c43d6028,NL,2,NL,NL,0,Western,1,1966,2,1,1930,1942,NL,1
c43f135d,NL,1,NL,NL,0,Western,2,1969,2,1,1939,1938,NL,1
c4435c0c,NL,2,NL,NL,0,Western,1,1994,2,1,1965,1963,NL,1
c4473f75,NL,2,NL,France,1,Western,1,1956,2,1,1936,1925,NL,1
c4479281,France,1,NL,NL,0,Western,1,1967,2,1,1938,1928,France,0
c44e1747,NL,1,France,NL,1,Western,1,1995,2,1,1958,1960,NL,1
c4575642,NL,2,NL,NL,0,Western,1,1983,2,1,1945,1951,NL,1
c45b5d3e,NL,1,US,France,2,Western,1,1956,2,1,1928,1931,NL,1
c460e241,NL,2,NL,NL,0,Western,2,1952,2,1,1915,1917,NL,1
c470c721,NL,2,NL,NL,0,Western,2,1989,2,1,1966,1958,NL,1
c4757fdb,NL,2,NL,NL,0,Western,0,1995,2,1,1969,1973,NL,1
c477db35,France,2,NL,France,1,Western,2,1959,2,1,1934,1939,France,0
c47923f7,NL,2,NL,NL,0,Western,2,1962,2,1,1937,1939,NL,1
c47fbf9c,NL,1,NL,US,1,Western,2,1955,2,1,1924,1921,NL,1
c48b238c,NL,1,NL,NL,0,Western,2,1995,2,1,1962,1970,NL,1
c48b31c4,France,1,NL,NL,0,Western,1,1982,2,1,1944,1950,France,0
c48bad83,NL,1,NL,NL,0,Western,2,1960,-,1,1933,1931,NL,1
c48c9c3c,NL,2,NL,France,1,Western,2,1983,2,1,1945,1957,NL,1
c4946acc,NL,1,NL,US,1,Western,1,1994,2,1,1969,1961,NL,1
c49932db,NL,2,NL,NL,0,Western,2,1964,2,1,1939,1926,NL,1
c49bc2c2,NL,1,NL,NL,0,Western,1,1997,2,1,1971,1967,NL,1
c4a62afd,NL,1,US,NL,1,Western,2,1960,2,1,1937,1928,NL,1
c4ac9fde,NL,2,NL,NL,0,Western,0,1992,2,1,1957,1971,NL,1
c4af1475,NL,2,France,NL,1,Western,0,1993,2,1,1968,1965,NL,1
c4af870d,NL,1,NL,NL,0,Western,0,1970,2,1,1941,1949,NL,1
c4b28120,NL,2,NL,NL,0,Western,2,1951,-,1,1918,1921,NL,1
c4b99808,NL,2,NL,NL,0,Western,1,1959,2,1,1935,1937,NL,1
c4baa3e8,NL,2,NL,France,1,Western,2,1989,2,1,1969,1963,NL,1
c4be026c,NL,1,NL,France,1,Western,2,1968,2,1,1941,1942,NL,1
c4c16c18,NL,1,NL,NL,0,Western,0,1970,2,1,1940,1948,NL,1
c4c3f358,France,2,NL,NL,0,Western,2,1956,2,1,1929,1932,France,0
c4c88119,France,1,NL,NL,0,Western,1,1951,2,-,1915,1926,France,0
c4ca329f,NL,1,NL,NL,0,Western,0,1950,2,1,1925,1918,NL,1
c4d6836d,NL,1,France,NL,1,Western,2,1991,2,1,1962,1954,NL,1
c4dab7cf,France,1,France,US,2,Western,1,1955,2,1,1926,1929,France,0
c4fa678c,NL,2,France,NL,1,Western,0,1980,2,1,1959,1959,NL,1
c4fa79b3,NL,2,NL,NL,0,Western,0,1955,2,1,1931,1920,NL,1
c4fe9549,NL,2,France,NL,1,Western,0,1994,2,1,1961,1962,NL,1
c50761d7,NL,2,NL,NL,0,Western,2,1994,2,1,1959,1958,NL,1
c50f778c,NL,1,NL,NL,0,Western,1,1994,2,1,1974,1961,NL,1
c50f9378,NL,1,France,NL,1,Western,0,1960,2,1,1921,1938,NL,1
c519e4cd,NL,2,NL,NL,0,Western,2,1951,2,1,1929,1927,NL,1
c51e1132,NL,1,NL,France,1,Western,1,1981,2,1,1946,1946,NL,1
c52143a3,NL,2,NL,France,1,Western,1,1990,2,1,1961,1966,NL,1
c525b883,NL,1,NL,NL,0,Western,1,1987,2,1,1963,1953,NL,1
c527ceac,Egypt,1,NL,France,1,Non-Western,0,1959,2,1,1936,1923,Egypt,0
c528063d,NL,2,US,NL,1,Western,1,1968,2,1,1944,1931,NL,1
c5294589,NL,1,NL,NL,0,Western,2,1951,2,1,1927,1917,NL,1
c52d2368,NL,1,NL,France,1,Western,0,1963,2,1,1943,1930,NL,1
c52df48a,NL,1,NL,NL,0,Western,1,1970,2,1,1933,1940,NL,1
c5329399,NL,1,France,NL,1,Western,0,1997,2,1,1970,1962,NL,1
c534d7b4,NL,2,NL,France,1,Western,1,1955,2,1,1932,1928,NL,1
c538e834,NL,1,NL,NL,0,Western,1,1963,2,1,1942,1928,NL,1
c53c0571,NL,2,NL,France,1,Western,2,1986,2,1,1953,1947,NL,1
c547cd32,NL,1,NL,France,1,Western,0,1989,2,1,1967,1954,NL,1
c5496726,NL,2,NL,NL,0,Western,0,1960,2,1,1932,1938,NL,1
c5500650,NL,2,NL,NL,0,Western,0,1992,2,1,1967,1972,NL,1
c5509d3e,NL,2,NL,NL,0,Western,1,1955,2,1,1919,1921,NL,1
c5599522,NL,2,France,NL,1,Western,2,1965,2,1,1942,1939,NL,1
c55997b2,NL,1,NL,NL,0,Western,0,1956,2,1,1921,1920,NL,1
c5619202,NL,2,NL,NL,0,Western,1,1999,-,1,1961,1963,NL,1
c5681c07,NL,1,NL,NL,0,Western,1,1982,2,1,1960,1948,NL,1
c56878e2,NL,2,NL,France,1,Western,0,1952,2,1,1932,1914,NL,1
c56b41d3,US,2,NL,NL,0,Western,2,1963,2,1,1941,1927,US,0
c5700f99,NL,2,NL,NL,0,Western,2,1953,2,1,1929,1919,NL,1
c570884e,Egypt,1,NL,NL,0,Non-Western,1,1966,2,1,1946,1931,Egypt,0
c57b9f06,NL,2,France,NL,1,Western,0,1989,2,1,1951,1960,NL,1
c58723e3,NL,1,NL,NL,0,Western,1,1981,2,1,1957,1947,NL,1
c587d487,NL,1,France,NL,1,Western,1,1986,2,1,1963,1955,NL,1
c58a2f05,France,1,NL,NL,0,Western,1,1985,2,1,1955,1950,France,0
c58bc629,NL,2,NL,NL,0,Western,1,1957,2,1,1928,1935,NL,1
c59148ee,NL,1,NL,NL,0,Western,2,1987,2,1,1949,1958,NL,1
c59189fb,NL,2,NL,NL,0,Western,1,1966,2,1,1931,1939,NL,1
c593c604,NL,2,Egypt,NL,1,Western,0,1980,2,1,1952,1947,NL,1
c59b782a,NL,2,NL,NL,0,Western,2,1953,2,1,1920,1931,NL,1
c5a88400,NL,1,NL,NL,0,Western,0,1956,2,1,1926,1917,NL,1
c5af5a02,France,1,NL,NL,0,Western,1,1961,2,1,1928,1937,France,0
c5b14a28,NL,2,NL,NL,0,Western,1,1989,-,1,1968,1969,NL,1
c5b485b3,NL,2,NL,NL,0,Western,2,1994,2,1,1969,1963,NL,1
c5c6e23a,NL,2,NL,NL,0,Western,0,1987,2,1,1957,1959,NL,1
c5cb5b33,NL,2,NL,France,1,Western,1,1985,2,1,1952,1958,NL,1
c5cd865d,NL,1,NL,NL,0,Western,2,1969,2,1,1942,1943,NL,1
c5ce4e9b,NL,2,NL,NL,0,Western,0,1997,2,1,1961,1968,NL,1
c5d02b00,NL,2,France,NL,1,Western,1,1964,2,1,1930,1929,NL,1
c5d2322c,NL,2,France,NL,1,Western,1,1991,2,1,1957,1963,NL,1
c5d6a799,NL,1,Egypt,NL,1,Western,1,1957,2,1,1921,1925,NL,1
c5d6dd7a,NL,2,NL,NL,0,Western,1,1968,2,1,1941,1934,NL,1
c5dc9a63,NL,1,NL,NL,0,Western,0,1990,2,1,1970,1952,NL,1
c5dcf416,France,2,US,NL,1,Western,0,1984,2,1,1953,1952,France,0
c5e3b23b,France,2,NL,France,1,Western,1,1983,2,1,1946,1944,France,0
c5e3d353,NL,2,NL,NL,0,Western,0,1970,2,1,1933,1950,NL,1
c5e4f992,Egypt,2,NL,NL,0,Non-Western,1,1984,-,1,1948,1960,Egypt,0
c5e9ae7d,NL,2,NL,NL,0,Western,0,1988,2,1,1959,1966,NL,1
c5ea5db8,NL,1,France,NL,1,Western,2,1969,2,1,1934,1933,NL,1
c5ef871c,NL,1,NL,NL,0,Western,1,1983,2,1,1951,1962,NL,1
c5f1d70f,France,2,France,NL,1,Western,0,1984,2,1,1963,1964,France,0
c5fa6ad6,NL,1,NL,France,1,Western,2,1981,2,1,1958,1950,NL,1
c5fb581e,NL,2,NL,NL,0,Western,1,1985,2,1,1955,1962,NL,1
c60184d5,NL,1,NL,NL,0,Western,1,1963,2,1,1937,1931,NL,1
c6037469,France,2,NL,NL,0,Western,1,1966,2,1,1934,1935,France,0
c6054683,NL,1,NL,NL,0,Western,1,1961,2,1,1929,1938,NL,1
c6067f2f,NL,1,NL,France,1,Western,1,1968,2,1,1929,1933,NL,1
c60ef36e,NL,1,US,NL,1,Western,1,1967,2,1,1939,1943,NL,1
c6176cc1,US,2,NL,NL,0,Western,1,1990,2,1,1961,1955,US,0
c61c3627,NL,2,NL,NL,0,Western,0,1980,2,1,1957,1950,NL,1
c61fd4b2,NL,1,NL,NL,0,Western,1,1963,2,1,1942,1925,NL,1
c630f46a,US,2,NL,NL,0,Western,0,1960,2,1,1922,1923,US,0
c63938a4,NL,2,NL,NL,0,Western,2,1985,2,1,1956,1965,NL,1
c63b7385,NL,2,NL,NL,0,Western,1,1986,2,1,1948,1947,NL,1
c63c7244,NL,2,NL,NL,0,Western,1,1955,2,1,1923,1922,NL,1
c648ee1a,NL,2,NL,NL,0,Western,1,1952,2,1,1925,1926,NL,1
c6558755,France,2,NL,France,1,Western,0,1951,2,-,1929,1930,France,0
c6560ad5,NL,2,NL,NL,0,Western,1,1958,2,1,1920,1926,NL,1
c66124fe,NL,1,NL,NL,0,Western,1,1954,2,1,1930,1921,NL,1
c668a8eb,NL,-,France,NL,1,Western,0,1995,2,1,1975,1966,NL,1
c66c30db,NL,1,NL,NL,0,Western,1,1983,2,1,1949,1947,NL,1
c672268d,NL,2,NL,NL,0,Western,2,1991,2,1,1959,1963,NL,1
c67d67e8,NL,2,NL,NL,0,Western,2,1965,2,1,1943,1942,NL,1
c67e98ba,NL,2,NL,NL,0,Western,0,1997,2,1,1975,1974,NL,1
c6883c63,NL,1,NL,France,1,Western,0,1998,2,1,1976,1977,NL,1
c6892035,NL,2,NL,NL,0,Western,2,1987,2,1,1952,1958,NL,1
c68a9e75,NL,1,NL,NL,0,Western,1,1969,2,1,1932,1945,NL,1
c68d107b,NL,1,France,NL,1,Western,0,1991,2,1,1970,1963,NL,1
c691e0e3,NL,2,NL,NL,0,Western,1,1980,2,1,1960,1953,NL,1
c69b9565,NL,2,NL,NL,0,Western,1,1970,2,1,1946,1932,NL,1
c69e85ee,NL,1,NL,NL,0,Western,2,1964,2,1,1933,1936,NL,1
c6a39e21,Egypt,1,NL,France,1,Non-Western,0,1964,2,1,1935,1928,Egypt,0
c6a5828a,NL,2,NL,France,1,Western,1,1960,2,1,1936,1922,NL,1
c6a9b17a,NL,2,NL,NL,0,Western,1,1980,2,1,1943,1947,NL,1
c6ab9192,NL,2,NL,NL,0,Western,1,1964,2,1,1933,1934,NL,1
c6aefaa8,NL,2,NL,France,1,Western,0,1966,2,1,1938,1934,NL,1
c6b1bb92,NL,1,NL,NL,0,Western,1,1983,2,1,1947,1946,NL,1
c6b4d19d,France,2,NL,France,1,Western,0,1964,2,1,1925,1929,France,0
c6b76bbe,France,1,France,France,2,Western,2,1969,2,1,1934,1934,France,0
c6bc7856,NL,2,NL,NL,0,Western,2,1963,2,1,1932,1939,NL,1
c6c78767,NL,1,NL,NL,0,Western,2,1997,2,1,1966,1971,NL,1
c6c86abb,NL,2,NL,NL,0,Western,-,1994,2,1,1970,1974,NL,1
c6c9e8ca,NL,2,NL,NL,0,Western,2,1989,2,1,1966,1968,NL,1
c6cabf37,US,2,France,NL,1,Western,1,1967,2,1,1929,1943,US,0
c6d0162e,NL,1,NL,NL,0,Western,0,1956,2,1,1935,1918,NL,1
c6d06f7a,NL,2,NL,NL,0,Western,1,1981,2,1,1952,1952,NL,1
c6d986ba,NL,1,NL,NL,0,Western,0,1984,2,1,1956,1959,NL,1
c6e2188f,NL,1,NL,France,1,Western,1,1981,2,1,1944,1959,NL,1
c6e32659,NL,2,NL,NL,0,Western,1,1953,2,1,1919,1926,NL,1
c6e43f3a,NL,1,NL,NL,0,Western,2,1997,2,1,1977,1975,NL,1
c6e47d23,NL,1,NL,NL,0,Western,1,1964,2,1,1932,1936,NL,1
c6e5bd05,NL,2,NL,NL,0,Western,0,1991,2,1,1959,1960,NL,1
c6e79b72,NL,1,NL,NL,0,Western,1,1969,2,1,1947,1936,NL,1
c6e8be21,NL,2,NL,NL,0,Western,1,1996,2,1,1973,1974,NL,1
c6eb3fc7,NL,2,NL,France,1,Western,1,1987,2,1,1963,1956,NL,1
c6efea10,Egypt,2,NL,France,1,Non-Western,2,1986,2,1,1958,1966,Egypt,0
c6f155ce,NL,-,NL,France,1,Western,2,1998,2,1,1973,1976,NL,1
c6f487b6,NL,2,NL,NL,0,Western,1,1953,1,1,1927,1920,NL,1
c6fd7b58,NL,2,NL,NL,0,Western,1,1958,2,1,1933,1924,NL,1
c6fe4f75,NL,2,NL,France,1,Western,1,1999,2,1,1972,1968,NL,1
c6ffa32f,NL,2,NL,NL,0,Western,0,1992,2,1,1957,1968,NL,1
c7006d23,France,2,NL,NL,0,Western,1,1957,2,1,1919,1935,France,0
c70892ab,NL,1,NL,NL,0,Western,1,1981,2,1,1959,1944,NL,1
c710bfaa,NL,1,NL,NL,0,Western,1,1998,2,1,1970,1970,NL,1
c713c985,NL,2,NL,NL,0,Western,2,1967,2,1,1940,1940,NL,1
c71d4bd2,NL,1,France,NL,1,Western,0,1954,2,1,1916,1919,NL,1
c7237c18,NL,2,NL,US,1,Western,1,1992,2,1,1960,1958,NL,1
c724e4ac,NL,1,NL,NL,0,Western,0,1990,2,1,1958,1955,NL,1
c7284f4f,NL,2,NL,NL,0,Western,2,1995,2,-,1965,1968,NL,1
c7285b4d,France,1,NL,Egypt,1,Western,0,1958,2,1,1928,1921,France,0
c72969aa,NL,1,NL,France,1,Western,0,1956,2,1,1918,1920,NL,1
c72f1bc8,NL,1,US,NL,1,Western,1,1986,2,1,1963,1952,NL,1
c72f643e,NL,2,NL,NL,0,Western,1,1987,2,1,1965,1950,NL,1
c72f750f,NL,2,NL,NL,0,Western,2,1953,2,1,1927,1914,NL,1
c743a4aa,NL,2,NL,France,1,Western,-,1962,2,1,1932,1928,NL,1
c74ac300,NL,2,NL,NL,0,Western,2,1952,2,1,1925,1925,NL,1
c74d4777,NL,2,NL,France,1,Western,0,1982,2,1,1948,1953,NL,1
c7503c09,US,1,NL,NL,0,Western,1,1984,2,1,1961,1948,US,0
c7539785,NL,1,NL,NL,0,Western,1,1990,2,1,1968,1966,NL,1
c756c6c3,NL,2,NL,NL,0,Western,1,1958,2,1,1923,1935,NL,1
c758e40f,NL,1,NL,NL,0,Western,0,1983,2,1,1953,1955,NL,1
c75e93fb,NL,2,NL,NL,0,Western,0,1986,2,1,1947,1949,NL,1
c76dde61,NL,1,NL,NL,0,Western,1,1990,2,1,1962,1958,NL,1
c77237cc,NL,2,NL,NL,0,Western,1,1990,2,1,1959,1969,NL,1
c7765de1,NL,1,NL,NL,0,Western,2,1956,2,1,1924,1919,NL,1
c7787e2d,NL,1,NL,NL,0,Western,1,1958,2,1,1929,1920,NL,1
c7926bf9,France,2,NL,NL,0,Western,1,1957,2,1,1926,1921,France,0
c7941a19,NL,2,NL,France,1,Western,1,1985,2,1,1962,1952,NL,1
c7959ac9,France,1,NL,NL,0,Western,0,1952,2,1,1916,1925,France,0
c79806f6,France,2,NL,NL,0,Western,0,1985,2,1,1948,1959,France,0
c79ac9bd,NL,1,NL,NL,0,Western,0,1950,2,1,1925,1919,NL,1
c79ec11b,NL,2,France,NL,1,Western,1,1955,2,1,1935,1929,NL,1
c7a2fc3d,NL,1,NL,NL,0,Western,0,1958,2,1,1932,1923,NL,1
c7a560a4,NL,2,NL,France,1,Western,2,1966,2,1,1943,1929,NL,1
c7a64a22,NL,1,NL,US,1,Western,2,1961,2,1,1935,1924,NL,1
c7a86916,France,1,NL,NL,0,Western,0,1955,2,1,1925,1918,France,0
c7ad2b96,NL,2,NL,NL,0,Western,2,1989,2,1,1966,1960,NL,1
c7ad3c9b,NL,1,NL,NL,0,Western,1,1957,2,1,1923,1932,NL,1
c7b1d8fd,NL,2,NL,NL,0,Western,1,1995,2,1,1966,1972,NL,1
c7b2ed2e,NL,1,NL,NL,0,Western,1,1960,2,1,1930,1935,NL,1
c7baaf2d,France,2,NL,NL,0,Western,0,1968,2,1,1944,1938,France,0
c7bf765b,US,1,Egypt,Egypt,2,Western,2,1985,2,1,1947,1946,US,0
c7c4997c,NL,-,NL,NL,0,Western,0,1995,2,1,1960,1961,NL,1
c7c4e828,NL,1,NL,NL,0,Western,0,1967,2,1,1930,1932,NL,1
c7cbfb07,NL,1,NL,NL,0,Western,2,1989,2,2,1965,1958,NL,1
c7ce0efe,NL,2,NL,France,1,Western,2,1981,2,1,1950,1942,NL,1
c7d066b4,NL,1,Egypt,US,2,Western,0,1994,2,1,1964,1963,NL,1
c7d5ca24,NL,2,NL,France,1,Western,2,1958,2,1,1934,1923,NL,1
c7d839cd,NL,1,NL,NL,0,Western,1,1959,2,1,1920,1929,NL,1
c7e22d67,NL,2,France,NL,1,Western,1,1965,2,1,1940,1945,NL,1
c7e36bba,NL,1,France,France,2,Western,0,1962,2,1,1927,1924,NL,1
c7e4bdab,NL,2,NL,NL,0,Western,1,1950,2,1,1913,1929,NL,1
c7e67832,NL,1,NL,NL,0,Western,1,1968,2,1,1937,1935,NL,1
c7ebcbc5,NL,2,NL,NL,0,Western,2,1983,2,1,1945,1947,NL,1
c7f50982,NL,1,NL,NL,0,Western,1,1956,2,1,1931,1930,NL,1
c7fff61b,NL,1,NL,NL,0,Western,2,1962,2,1,1941,1933,NL,1
c8066adb,NL,1,France,NL,1,Western,2,1967,2,1,1930,1929,NL,1
c811afe9,NL,1,NL,France,1,Western,2,1951,2,1,1919,1913,NL,1
c8157153,NL,1,NL,France,1,Western,0,1961,2,1,1928,1934,NL,1
c81f6771,NL,1,France,NL,1,Western,2,1970,2,1,1936,1944,NL,1
c820ea69,NL,-,NL,NL,0,Western,2,1996,2,1,1976,1971,NL,1
c821d4d2,NL,1,NL,NL,0,Western,1,1997,2,1,1966,1958,NL,1
c822cee0,NL,2,NL,Egypt,1,Western,2,1967,2,1,1930,1945,NL,1
c825a8b8,France,1,NL,NL,0,Western,0,1964,2,1,1927,1927,France,0
c82e9f24,France,2,France,Egypt,2,Western,0,1958,2,1,1936,1938,France,0
c82f5a23,NL,1,NL,France,1,Western,1,1981,2,1,1947,1950,NL,1
c8303c26,NL,2,NL,NL,0,Western,1,1970,2,1,1941,1937,NL,1
c840493d,NL,-,France,France,2,Western,0,1955,2,1,1931,1931,NL,1
c847fa38,NL,1,NL,France,1,Western,2,1969,2,1,1940,1934,NL,1
c8490ece,NL,1,France,NL,1,Western,1,1957,2,1,1927,1933,NL,1
c8525679,NL,1,France,NL,1,Western,2,1981,2,1,1960,1954,NL,1
c8537dcd,NL,2,NL,NL,0,Western,0,1959,2,1,1925,1927,NL,1
c85880e2,NL,2,France,NL,1,Western,2,1951,2,1,1927,1925,NL,1
c8657fd6,NL,1,NL,France,1,Western,1,1992,2,1,1962,1957,NL,1
c86909b2,NL,2,NL,NL,0,Western,0,1992,2,1,1955,1963,NL,1
c86a60e0,NL,1,France,NL,1,Western,1,1967,2,1,1941,1945,NL,1
c86d4190,NL,2,NL,France,1,Western,1,1965,2,1,1942,1934,NL,1
c86fd9e5,NL,2,NL,NL,0,Western,1,1982,2,1,1959,1959,NL,1
c87c05b0,France,2,NL,France,1,Western,0,1957,2,1,1927,1923,France,0
c87eddc2,NL,2,France,NL,1,Western,1,1952,2,1,1921,1921,NL,1
c87f358f,NL,1,NL,NL,0,Western,1,1982,2,1,1958,1954,NL,1
c88188c5,France,1,NL,NL,0,Western,1,1963,2,2,1928,1943,France,0
c886095f,NL,2,NL,NL,0,Western,1,1983,2,1,1949,1948,NL,1
c8864f5d,France,1,NL,NL,0,Western,0,1985,2,1,1953,1962,France,0
c88887e1,NL,1,NL,NL,0,Western,1,1957,2,1,1922,1936,NL,1
c89ac061,NL,-,NL,NL,0,Western,0,1970,2,1,1947,1932,NL,1
c89ac850,France,2,NL,NL,0,Western,0,1966,2,1,1936,1931,France,0
c89f5ec1,NL,1,NL,NL,0,Western,0,1955,2,1,1927,1924,NL,1
c8a7b59f,Egypt,2,NL,NL,0,Non-Western,1,1988,2,1,1961,1957,Egypt,0
c8add259,NL,1,NL,NL,0,Western,0,1982,2,1,1959,1949,NL,1
c8afe10a,NL,1,NL,France,1,Western,0,1965,2,1,1933,1942,NL,1
c8b938d9,NL,1,US,France,2,Western,0,1953,2,1,1920,1932,NL,1
c8bc10a0,Egypt,1,NL,NL,0,Non-Western,2,1990,2,1,1958,1954,Egypt,0
c8c82179,NL,1,NL,NL,0,Western,2,1988,2,1,1962,1962,NL,1
c8cc9e85,NL,2,NL,NL,0,Western,2,1982,2,1,1943,1951,NL,1
c8cd8690,France,2,NL,France,1,Western,2,1952,2,1,1930,1927,France,0
c8d61f66,NL,2,NL,NL,0,Western,0,1989,1,1,1955,1960,NL,1
c8d71f8f,NL,1,NL,NL,0,Western,0,1952,2,1,1923,1916,NL,1
c8d7d034,France,2,NL,France,1,Western,1,1962,2,1,1930,1939,France,0
c8e7160d,NL,1,NL,NL,0,Western,1,1966,2,1,1942,1941,NL,1
c8e76bea,NL,2,France,NL,1,Western,1,1952,2,1,1916,1921,NL,1
c8eaf664,NL,1,France,NL,1,Western,1,1981,2,1,1942,1955,NL,1
c8ee485f,NL,1,NL,NL,0,Western,1,1993,2,1,1966,1962,NL,1
c8f1f73a,France,1,NL,NL,0,Western,2,1984,2,1,1962,1955,France,0
c8fd304f,NL,2,NL,NL,0,Western,1,1982,2,1,1961,1958,NL,1
c8fef9e2,NL,2,US,NL,1,Western,0,1962,2,1,1935,1923,NL,1
c9073fc3,NL,2,NL,France,1,Western,2,1992,2,1,1955,1970,NL,1
c9075413,France,2,NL,France,1,Western,2,1988,2,1,1961,1962,France,0
c90cdc96,NL,1,NL,NL,0,Western,0,1996,2,1,1976,1973,NL,1
c90f6c47,US,1,France,US,2,Western,2,1983,2,1,1949,1956,US,0
c90f751d,NL,1,NL,NL,0,Western,0,1994,2,1,1958,1966,NL,1
c911257a,NL,2,Egypt,France,2,Western,0,1991,2,1,1959,1964,NL,1
c918d6bc,NL,1,NL,France,1,Western,1,1966,2,1,1934,1933,NL,1
c9196786,NL,1,France,NL,1,Western,0,1984,2,1,1951,1955,NL,1
c91b92a9,NL,1,NL,NL,0,Western,1,1998,2,1,1973,1971,NL,1
c921a0f8,NL,1,NL,NL,0,Western,0,1966,2,1,1932,1944,NL,1
c9240f88,France,1,France,NL,1,Western,1,1966,2,1,1939,1930,France,0
c92c762d,NL,2,US,France,2,Western,0,1982,2,1,1962,1956,NL,1
c92d7c53,NL,2,NL,NL,0,Western,1,1987,2,1,1959,1950,NL,1
c9320102,NL,1,NL,NL,0,Western,1,1969,2,1,1940,1943,NL,1
c93a1c7a,NL,1,NL,NL,0,Western,2,1998,2,1,1965,1974,NL,1
c94c2746,NL,2,France,NL,1,Western,1,1981,2,1,1957,1960,NL,1
c94d1eca,NL,1,France,NL,1,Western,1,1950,2,1,1911,1921,NL,1
c95a7a8d,Egypt,2,NL,NL,0,Non-Western,1,1984,2,1,1954,1950,Egypt,0
c95afeb7,NL,2,NL,France,1,Western,2,1980,2,1,1948,1945,NL,1
c95bac3d,NL,2,France,NL,1,Western,1,1950,2,1,1919,1924,NL,1
c95bcecb,NL,2,US,NL,1,Western,0,1959,2,1,1938,1927,NL,1
c96bbd84,NL,2,NL,NL,0,Western,1,1982,2,1,1952,1957,NL,1
c97e3e0d,NL,1,NL,NL,0,Western,1,1993,2,1,1966,1971,NL,1
c994bb05,NL,1,NL,NL,0,Western,0,1989,2,1,1966,1968,NL,1
c996479d,NL,1,NL,NL,0,Western,0,1956,2,1,1933,1935,NL,1
c9a8a42c,NL,2,NL,NL,0,Western,2,1993,2,1,1967,1954,NL,1
c9aa3e91,Egypt,1,NL,NL,0,Non-Western,1,1961,2,1,1941,1937,Egypt,0
c9ae5bae,NL,1,NL,NL,0,Western,1,1984,2,1,1960,1945,NL,1
c9b35ba9,France,1,NL,NL,0,Western,2,1953,2,1,1914,1921,France,0
c9c5386c,NL,1,NL,NL,0,Western,0,1993,2,1,1965,1955,NL,1
c9c629f3,NL,1,NL,US,1,Western,0,1953,2,1,1933,1930,NL,1
c9c74aea,France,1,NL,US,1,Western,1,1955,2,1,1919,1920,France,0
c9c810db,NL,1,NL,NL,0,Western,1,1964,2,1,1928,1940,NL,1
c9c96098,NL,1,NL,NL,0,Western,2,1968,2,1,1943,1945,NL,1
c9dd666f,NL,2,France,NL,1,Western,2,1987,2,1,1961,1959,NL,1
c9e5911b,NL,2,NL,NL,0,Western,1,1989,2,1,1962,1952,NL,1
c9e89a9f,NL,2,NL,NL,0,Western,0,1981,2,1,1943,1947,NL,1
c9ea4294,France,2,NL,NL,0,Western,1,1987,2,1,1960,1958,France,0
c9ec2e61,NL,2,NL,NL,0,Western,1,1993,2,1,1961,1957,NL,1
c9ee8bbc,NL,2,NL,France,1,Western,1,1968,2,1,1930,1943,NL,1
c9f25d14,US,2,US,NL,1,Western,2,1950,2,1,1929,1921,US,0
c9f75bf9,NL,2,NL,NL,0,Western,2,1981,2,1,1949,1945,NL,1
c9fb582f,NL,1,NL,France,1,Western,1,1984,2,1,1959,1955,NL,1
ca0816c2,NL,1,NL,US,1,Western,1,1958,2,1,1930,1931,NL,1
ca0af09e,NL,2,NL,NL,0,Western,0,1960,2,1,1925,1922,NL,1
ca0c3280,NL,1,NL,France,1,Western,1,1987,2,1,1949,1956,NL,1
ca113c4c,NL,2,NL,NL,0,Western,0,1952,2,1,1932,1925,NL,1
ca122701,NL,1,NL,NL,0,Western,2,1982,2,-,1954,1947,NL,1
ca1a415a,NL,2,France,NL,1,Western,2,1956,2,1,1932,1919,NL,1
ca1f0c98,NL,2,NL,NL,0,Western,1,1992,2,1,1966,1964,NL,1
ca2388f4,NL,1,NL,NL,0,Western,0,1991,2,1,1967,1968,NL,1
ca2b2bad,NL,1,NL,France,1,Western,0,1967,2,1,1935,1928,NL,1
ca2f6a3c,France,2,NL,NL,0,Western,2,1967,2,1,1941,1935,France,0
ca30727e,NL,1,NL,NL,0,Western,1,1981,2,1,1945,1950,NL,1
ca321d3b,NL,2,NL,NL,0,Western,0,1980,2,1,1955,1952,NL,1
ca3c01df,NL,1,NL,NL,0,Western,2,1995,2,1,1960,1959,NL,1
ca40db55,NL,1,NL,NL,0,Western,2,1988,2,1,1967,1967,NL,1
ca475ef5,NL,1,NL,NL,0,Western,1,1967,2,1,1941,1943,NL,1
ca4c57e0,NL,1,NL,NL,0,Western,2,1989,2,1,1965,1957,NL,1
ca54918a,NL,2,NL,US,1,Western,0,1988,2,1,1955,1949,NL,1
ca56b499,NL,1,France,NL,1,Western,2,1955,2,1,1923,1933,NL,1
ca5a9688,NL,2,NL,NL,0,Western,0,1989,2,1,1951,1963,NL,1
ca5aeef1,NL,2,NL,NL,0,Western,0,1985,-,1,1958,1949,NL,1
ca5f80c9,NL,1,France,NL,1,Western,2,1991,2,1,1959,1968,NL,1
ca61497e,US,2,NL,NL,0,Western,0,1961,2,1,1936,1934,US,0
ca64b101,NL,1,France,NL,1,Western,0,1985,2,1,1948,1954,NL,1
ca65baac,NL,2,NL,France,1,Western,1,1987,2,1,1951,1953,NL,1
ca7688c0,NL,1,NL,NL,0,Western,2,1950,-,1,1915,1915,NL,1
ca7854a0,NL,2,NL,NL,0,Western,2,1980,2,1,1944,1956,NL,1
ca7be19f,NL,2,NL,NL,0,Western,1,1996,2,1,1969,1966,NL,1
ca89d650,NL,2,NL,NL,0,Western,0,1962,2,1,1928,1937,NL,1
ca8a5800,NL,2,NL,NL,0,Western,2,1960,2,1,1933,1937,NL,1
ca91302c,NL,1,NL,NL,0,Western,1,1996,2,1,1971,1967,NL,1
ca929f9b,NL,1,NL,Egypt,1,Western,0,1956,2,1,1934,1929,NL,1
ca9af076,NL,2,NL,NL,0,Western,1,1993,2,1,1960,1962,NL,1
caa93dd7,NL,1,NL,NL,0,Western,1,1959,2,1,1932,1930,NL,1
cab92161,NL,2,US,NL,1,Western,1,1984,2,1,1945,1959,NL,1
cabc37fc,NL,1,NL,NL,0,Western,2,1999,2,1,1962,1976,NL,1
cac02336,NL,1,NL,NL,0,Western,0,1965,2,1,1931,1931,NL,1
cac17cd8,NL,1,NL,NL,0,Western,0,1967,2,1,1942,1931,NL,1
cac48ab9,NL,1,NL,NL,0,Western,1,1966,2,1,1928,1937,NL,1
cac4bbd0,US,2,NL,NL,0,Western,0,1950,2,1,1911,1911,US,0
cacce047,NL,1,NL,NL,0,Western,1,1995,1,1,1970,1961,NL,1
caceca75,NL,2,NL,NL,0,Western,2,1950,2,1,1921,1921,NL,1
cada4f87,NL,-,NL,NL,0,Western,1,1982,2,1,1947,1955,NL,1
cadbbbd6,France,2,NL,NL,0,Western,1,1986,2,1,1962,1954,France,0
cadbebab,NL,-,NL,France,1,Western,1,1990,2,1,1953,1968,NL,1
caec55a6,NL,2,NL,NL,0,Western,0,1958,2,1,1933,1938,NL,1
caf69fed,NL,2,NL,NL,0,Western,2,1998,2,1,1961,1978,NL,1
cb079903,NL,2,NL,France,1,Western,2,1964,2,1,1933,1928,NL,1
cb08f5ee,NL,1,NL,US,1,Western,0,1983,2,1,1955,1958,NL,1
cb0ba9a2,NL,1,NL,NL,0,Western,1,1958,2,1,1928,1937,NL,1
cb0d7e70,NL,2,NL,NL,0,Western,1,1950,2,-,1921,1924,NL,1
cb10d5bf,NL,2,NL,France,1,Western,2,1963,2,1,1940,1936,NL,1
cb13ee6a,Egypt,2,NL,NL,0,Non-Western,0,1983,2,1,1947,1954,Egypt,0
cb1a6908,NL,2,France,NL,1,Western,1,1998,2,1,1963,1967,NL,1
cb1ef9eb,NL,2,France,NL,1,Western,2,1964,2,1,1928,1936,NL,1
cb22371e,France,2,France,NL,1,Western,2,1967,2,1,1930,1943,France,0
cb29db24,NL,1,NL,NL,0,Western,0,1983,2,1,1963,1950,NL,1
cb2d9331,NL,1,NL,Egypt,1,Western,0,1960,2,1,1930,1922,NL,1
cb32e770,NL,2,NL,NL,0,Western,2,1998,2,1,1976,1960,NL,1
cb40a505,Egypt,2,NL,NL,0,Non-Western,0,1989,2,1,1955,1953,Egypt,0
cb483b32,NL,2,NL,NL,0,Western,1,1981,2,1,1944,1948,NL,1
cb6afb59,Egypt,1,France,France,2,Non-Western,1,1982,2,1,1957,1954,Egypt,0
cb6f2d20,NL,2,NL,NL,0,Western,1,1968,2,1,1937,1930,NL,1
cb74cf56,NL,2,NL,NL,0,Western,2,1955,2,1,1924,1917,NL,1
cb76f300,NL,2,US,NL,1,Western,0,1982,2,1,1947,1950,NL,1
cb777e50,NL,1,NL,NL,0,Western,0,1993,2,1,1962,1973,NL,1
cb77e42d,NL,2,NL,NL,0,Western,1,1952,2,1,1916,1931,NL,1
cb79b5df,NL,1,France,NL,1,Western,1,1966,2,1,1941,1936,NL,1
cb816a20,NL,2,France,US,2,Western,1,1985,2,1,1962,1946,NL,1
cb81be1e,NL,2,NL,NL,0,Western,1,1951,2,1,1916,1928,NL,1
cb86a18f,NL,1,NL,NL,0,Western,1,1992,1,1,1960,1955,NL,1
cb8a6ab4,NL,2,NL,NL,0,Western,1,1987,2,1,1967,1966,NL,1
cb8d2880,NL,2,France,NL,1,Western,2,1959,2,1,1921,1924,NL,1
cb8d4352,NL,2,NL,NL,0,Western,2,1980,2,1,1942,1952,NL,1
cb8f4b7b,NL,1,NL,NL,0,Western,0,1970,2,1,1934,1942,NL,1
cb94df17,NL,-,NL,NL,0,Western,2,1950,2,1,1925,1918,NL,1
cb9aa752,NL,2,NL,NL,0,Western,0,1994,2,1,1962,1956,NL,1
cb9fb875,NL,-,NL,NL,0,Western,1,1998,2,1,1971,1970,NL,1
cba18497,NL,2,NL,France,1,Western,2,1989,2,1,1956,1953,NL,1
cba2b691,NL,1,NL,US,1,Western,0,1966,2,1,1928,1939,NL,1
cbac6f30,NL,2,NL,NL,0,Western,1,1980,2,1,1954,1946,NL,1
cbacd977,NL,2,NL,France,1,Western,0,1951,2,1,1913,1914,NL,1
cbb5e34f,NL,1,France,NL,1,Western,2,1997,2,1,1977,1971,NL,1
cbb6b323,NL,1,NL,NL,0,Western,1,1966,2,1,1931,1945,NL,1
cbb9d537,NL,1,France,NL,1,Western,1,1981,2,1,1950,1946,NL,1
cbbcd94d,NL,2,NL,NL,0,Western,0,1959,2,1,1926,1932,NL,1
cbd2fd04,NL,2,NL,US,1,Western,1,1960,2,1,1926,1938,NL,1
cbd5b46f,NL,2,NL,NL,0,Western,0,1966,2,1,1937,1928,NL,1
cbdacb06,NL,1,US,NL,1,Western,2,1968,2,1,1930,1946,NL,1
cbdc8a95,NL,1,France,NL,1,Western,1,1961,-,1,1928,1940,NL,1
cbdf6f65,NL,1,NL,NL,0,Western,2,1953,2,1,1923,1927,NL,1
cbe5e927,NL,1,NL,NL,0,Western,2,1981,2,1,1944,1946,NL,1
cbeab25a,NL,2,NL,NL,0,Western,1,1991,2,1,1969,1967,NL,1
cbeca4aa,NL,1,NL,France,1,Western,1,1957,2,1,1928,1936,NL,1
cbf2fd0d,NL,1,NL,NL,0,Western,1,1990,2,1,1963,1951,NL,1
cbfb1b4a,NL,2,France,NL,1,Western,2,1953,2,1,1920,1932,NL,1
cbfbe9fc,NL,1,NL,NL,0,Western,2,1980,2,1,1953,1955,NL,1
cbff6152,France,1,NL,NL,0,Western,2,1988,2,1,1950,1957,France,0
cc03d197,NL,2,NL,NL,0,Western,2,1981,2,1,1956,1949,NL,1
cc0b2030,NL,2,NL,NL,0,Western,0,1987,2,1,1966,1966,NL,1
cc0ee5fe,NL,1,France,NL,1,Western,1,1960,2,1,1922,1929,NL,1
cc1196dc,NL,1,NL,NL,0,Western,1,1970,2,1,1939,1938,NL,1
cc15cfb2,NL,1,France,NL,1,Western,0,1968,2,1,1930,1943,NL,1
cc1680a1,NL,2,NL,France,1,Western,0,1955,2,1,1933,1933,NL,1
cc191a69,NL,2,France,NL,1,Western,0,1981,2,1,1955,1959,NL,1
cc288b9f,NL,1,France,US,2,Western,2,1950,1,1,1925,1918,NL,1
cc2b718a,NL,2,NL,NL,0,Western,0,1960,2,1,1930,1928,NL,1
cc33e96f,NL,1,NL,NL,0,Western,2,1981,2,1,1943,1947,NL,1
cc3420be,NL,1,NL,NL,0,Western,0,1950,2,1,1923,1917,NL,1
cc361393,NL,2,NL,NL,0,Western,2,1989,2,1,1954,1965,NL,1
cc36245e,NL,2,NL,NL,0,Western,1,1956,2,1,1922,1935,NL,1
cc3aa7e2,NL,2,France,NL,1,Western,1,1961,2,1,1938,1924,NL,1
cc427520,France,2,France,US,2,Western,2,1950,2,1,1912,1921,France,0
cc42a303,Egypt,1,NL,NL,0,Non-Western,2,1960,2,1,1940,1931,Egypt,0
cc4a60a4,NL,2,Egypt,France,2,Western,1,1988,2,1,1961,1957,NL,1
cc50c3b1,US,2,NL,NL,0,Western,1,1950,2,1,1926,1912,US,0
cc50f97a,NL,1,France,NL,1,Western,0,1959,2,1,1921,1921,NL,1
cc59ec7c,France,2,France,NL,1,Western,1,1959,2,1,1939,1939,France,0
cc5dc573,NL,1,NL,NL,0,Western,0,1955,2,1,1928,1933,NL,1
cc681d22,France,2,NL,NL,0,Western,0,1955,2,1,1924,1919,France,0
cc6a15fc,NL,1,NL,NL,0,Western,1,1986,2,1,1957,1956,NL,1
cc7353ee,NL,2,NL,NL,0,Western,1,1950,2,1,1930,1912,NL,1
cc7de4e6,NL,1,NL,France,1,Western,1,1993,2,1,1960,1956,NL,1
cc7e0f44,NL,2,US,NL,1,Western,0,1950,2,1,1914,1924,NL,1
cc813743,NL,2,NL,NL,0,Western,1,1985,2,1,1949,1961,NL,1
cc81af6f,NL,1,NL,France,1,Western,2,1992,2,1,1954,1960,NL,1
cc876ca5,NL,1,France,NL,1,Western,0,1969,2,1,1944,1943,NL,1
cc8ed8fb,NL,2,NL,NL,0,Western,2,1995,2,1,1964,1963,NL,1
cc9248ff,NL,1,NL,NL,0,Western,2,1999,2,1,1974,1966,NL,1
cc9f0d5a,NL,1,France,NL,1,Western,0,1989,2,1,1967,1969,NL,1
cca2b1b1,NL,2,NL,NL,0,Western,2,1982,2,2,1957,1957,NL,1
cca4979f,NL,1,NL,NL,0,Western,1,1964,2,1,1928,1931,NL,1
cca97114,NL,2,NL,NL,0,Western,0,1968,2,1,1933,1929,NL,1
ccb12a51,France,-,NL,US,1,Western,0,1953,2,-,1916,1915,France,0
ccb339b7,NL,2,NL,NL,0,Western,1,1957,2,1,1925,1933,NL,1
ccb5d131,NL,1,NL,NL,0,Western,2,1987,2,1,1955,1951,NL,1
ccbde79d,NL,1,NL,NL,0,Western,1,1968,2,1,1944,1944,NL,1
ccbe034f,NL,2,NL,NL,0,Western,1,1966,2,1,1937,1929,NL,1
ccbef205,NL,2,NL,NL,0,Western,1,1961,2,1,1941,1931,NL,1
ccd3a48f,NL,1,France,NL,1,Western,1,1997,2,1,1960,1973,NL,1
ccd664a0,France,2,NL,NL,0,Western,2,1963,2,1,1930,1924,France,0
cce0a231,NL,2,France,NL,1,Western,1,1950,2,1,1915,1914,NL,1
cce1ed3f,NL,2,France,US,2,Western,1,1957,2,1,1918,1923,NL,1
cce93fba,NL,1,NL,NL,0,Western,2,1967,2,1,1932,1932,NL,1
cceba1ce,NL,1,NL,NL,0,Western,0,1963,2,1,1937,1925,NL,1
ccf08d38,NL,2,NL,NL,0,Western,0,1998,2,1,1959,1972,NL,1
ccf7a783,NL,2,France,NL,1,Western,1,1993,2,1,1969,1972,NL,1
cd023e74,NL,1,NL,NL,0,Western,2,1986,2,1,1965,1960,NL,1
cd098766,NL,1,NL,NL,0,Western,2,1981,2,1,1942,1946,NL,1
cd0d2f0f,NL,2,NL,NL,0,Western,1,1982,2,1,1951,1955,NL,1
cd10c404,France,2,NL,NL,0,Western,2,1959,2,1,1923,1926,France,0
cd149622,NL,1,NL,NL,0,Western,0,1962,2,1,1930,1938,NL,1
cd158611,NL,1,NL,France,1,Western,1,1998,2,1,1970,1962,NL,1
cd1f2d00,NL,1,US,NL,1,Western,0,1999,2,1,1979,1973,NL,1
cd23c048,NL,2,NL,US,1,Western,0,1962,2,1,1932,1928,NL,1
cd265864,NL,1,NL,NL,0,Western,0,1956,2,1,1925,1933,NL,1
cd269da8,NL,1,NL,NL,0,Western,1,1993,2,1,1969,1959,NL,1
cd271d54,NL,2,NL,NL,0,Western,1,1981,2,1,1946,1946,NL,1
cd2ae7df,NL,2,NL,NL,0,Western,2,1997,-,1,1964,1959,NL,1
cd339b24,NL,1,NL,NL,0,Western,1,1956,2,1,1931,1929,NL,1
cd3406cd,NL,1,NL,NL,0,Western,1,1990,2,1,1970,1963,NL,1
cd448c80,Egypt,2,NL,NL,0,Non-Western,1,1984,2,1,1952,1946,Egypt,0
cd451247,NL,1,NL,France,1,Western,0,1952,2,1,1928,1929,NL,1
cd457e94,NL,1,NL,NL,0,Western,0,1965,2,1,1937,1942,NL,1
cd495818,NL,2,US,NL,1,Western,2,1981,2,1,1957,1961,NL,1
cd59d549,NL,1,US,NL,1,Western,2,1982,2,1,1956,1946,NL,1
cd5b1f23,NL,2,NL,NL,0,Western,0,1954,2,1,1925,1924,NL,1
cd65d93b,Egypt,2,NL,NL,0,Non-Western,0,1980,2,1,1942,1954,Egypt,0
cd6d75c9,Egypt,1,NL,NL,0,Non-Western,1,1959,2,1,1925,1930,Egypt,0
cd7a6e11,NL,2,NL,NL,0,Western,1,1984,2,1,1963,1962,NL,1
cd7ceb33,France,1,NL,NL,0,Western,1,1950,2,1,1911,1928,France,0
cd7e3ae0,NL,2,NL,NL,0,Western,2,1997,2,1,1966,1963,NL,1
cd9171ce,NL,2,NL,NL,0,Western,2,1966,2,1,1932,1946,NL,1
cd98c5aa,France,2,NL,NL,0,Western,1,1969,2,1,1946,1946,France,0
cd99237b,NL,-,NL,France,1,Western,1,1951,2,1,1924,1926,NL,1
cd9d2a7f,NL,1,NL,NL,0,Western,1,1999,2,1,1960,1978,NL,1
cd9d70cc,Egypt,1,NL,NL,0,Non-Western,0,1989,2,-,1967,1959,Egypt,0
cd9f3ff0,NL,1,NL,NL,0,Western,1,1950,2,1,1921,1925,NL,1
cda68d74,NL,1,NL,NL,0,Western,1,1996,2,1,1969,1960,NL,1
cda9681a,France,1,NL,NL,0,Western,1,1986,2,1,1956,1954,France,0
cdafc198,NL,2,NL,France,1,Western,2,1965,2,2,1932,1930,NL,1
cdb26c2e,NL,2,France,NL,1,Western,0,1967,2,1,1943,1939,NL,1
cdb4799c,NL,2,NL,NL,0,Western,0,1988,2,1,1951,1967,NL,1
cdb90077,NL,1,NL,NL,0,Western,1,1982,2,1,1951,1958,NL,1
cdbd003d,NL,1,NL,NL,0,Western,0,1993,2,1,1954,1966,NL,1
cdbda000,NL,2,NL,NL,0,Western,0,1997,2,1,1966,1977,NL,1
cdc1b4de,NL,2,NL,NL,0,Western,0,1986,2,1,1957,1966,NL,1
cdc668eb,NL,1,NL,France,1,Western,0,1983,2,-,1962,1946,NL,1
cdc82ebf,NL,1,NL,NL,0,Western,1,1985,2,1,1947,1955,NL,1
cdcc41be,Egypt,1,NL,France,1,Non-Western,2,1986,2,1,1965,1954,Egypt,0
cdce7546,NL,2,France,NL,1,Western,1,1968,2,1,1935,1939,NL,1
cdcebe01,NL,1,NL,NL,0,Western,2,1995,2,1,1967,1965,NL,1
cdcf23e4,NL,1,NL,NL,0,Western,1,1994,2,1,1958,1968,NL,1
cdd6df51,NL,2,NL,France,1,Western,0,1968,2,1,1935,1929,NL,1
cddda296,NL,2,NL,NL,0,Western,1,1953,2,1,1914,1928,NL,1
cde2fecc,NL,2,NL,NL,0,Western,0,1964,2,1,1931,1942,NL,1
cde59d02,NL,1,NL,France,1,Western,1,1950,2,1,1927,1927,NL,1
cde9fcfd,NL,2,NL,France,1,Western,0,1998,2,1,1962,1964,NL,1
cdec6c96,France,1,NL,NL,0,Western,2,1960,2,1,1930,1931,France,0
cdedfb8b,NL,2,France,NL,1,Western,0,1957,2,1,1928,1934,NL,1
cdf23f7d,NL,2,NL,NL,0,Western,1,1963,2,1,1941,1931,NL,1
cdf70387,NL,2,NL,NL,0,Western,0,1995,2,1,1967,1960,NL,1
cdf7d8fd,NL,2,NL,NL,0,Western,1,1989,2,1,1960,1958,NL,1
cdfb925f,NL,2,NL,NL,0,Western,1,1989,2,1,1959,1950,NL,1
ce0b5f9a,NL,1,NL,Egypt,1,Western,1,1987,2,1,1950,1949,NL,1
ce0d56b4,NL,2,NL,NL,0,Western,1,1985,2,1,1960,1950,NL,1
ce0d852e,France,1,NL,NL,0,Western,2,1967,2,1,1940,1939,France,0
ce20d368,France,2,NL,NL,0,Western,2,1970,2,1,1949,1932,France,0
ce26289f,NL,2,NL,NL,0,Western,0,1991,2,1,1954,1962,NL,1
ce2664a5,NL,2,NL,NL,0,Western,1,1954,2,1,1930,1933,NL,1
ce298c06,NL,2,NL,NL,0,Western,1,1955,2,1,1926,1929,NL,1
ce2d7aa2,NL,1,France,NL,1,Western,0,1992,2,1,1960,1957,NL,1
ce45765c,NL,2,NL,NL,0,Western,0,1960,2,1,1939,1929,NL,1
ce529b86,France,1,NL,NL,0,Western,1,1960,2,1,1931,1935,France,0
ce5fe59f,NL,2,NL,France,1,Western,2,1988,2,1,1963,1968,NL,1
ce81f372,NL,2,NL,NL,0,Western,1,1983,2,1,1951,1952,NL,1
ce87f809,NL,1,NL,NL,0,Western,1,1957,2,1,1927,1934,NL,1
ce88bf73,NL,2,NL,NL,0,Western,1,1986,2,1,1949,1964,NL,1
ce891f82,US,2,France,NL,1,Western,1,1963,2,1,1937,1940,US,0
cea14298,NL,2,France,NL,1,Western,1,1986,2,1,1961,1950,NL,1
cea298bb,NL,1,NL,France,1,Western,1,1997,2,1,1968,1960,NL,1
ceaa0137,NL,2,NL,NL,0,Western,0,1980,2,1,1941,1942,NL,1
ceac9e75,NL,-,Egypt,NL,1,Western,2,1988,2,1,1963,1956,NL,1
cec12686,NL,1,NL,NL,0,Western,1,1998,2,1,1973,1962,NL,1
cec2f1f9,NL,2,France,NL,1,Western,2,1981,2,1,1953,1947,NL,1
cecd2996,NL,1,NL,France,1,Western,1,1999,2,1,1966,1970,NL,1
cedab40e,NL,1,NL,France,1,Western,0,1989,2,1,1965,1956,NL,1
cedb0c24,NL,1,NL,NL,0,Western,2,1984,2,1,1955,1948,NL,1
cef2a990,NL,2,NL,NL,0,Western,2,1987,2,1,1965,1962,NL,1
cef5b44d,NL,1,France,France,2,Western,2,1992,2,1,1955,1960,NL,1
cefc44e5,NL,1,NL,France,1,Western,1,1992,2,1,1969,1962,NL,1
cefce001,NL,1,NL,NL,0,Western,0,1999,2,1,1975,1965,NL,1
cf03e73b,NL,2,NL,NL,0,Western,0,1998,2,1,1960,1965,NL,1
cf0c2467,NL,1,NL,NL,0,Western,0,1968,2,1,1939,1930,NL,1
cf0fa80a,NL,2,NL,NL,0,Western,0,1960,2,1,1935,1929,NL,1
cf1239ab,NL,1,NL,NL,0,Western,1,1991,2,1,1957,1966,NL,1
cf154af9,France,1,NL,NL,0,Western,1,1951,2,1,1922,1922,France,0
cf1e300d,NL,2,NL,NL,0,Western,0,1962,2,1,1932,1935,NL,1
cf209890,France,1,NL,NL,0,Western,1,1969,2,1,1944,1939,France,0
cf278e93,NL,1,NL,NL,0,Western,1,1966,2,1,1945,1940,NL,1
cf27b25f,NL,2,NL,NL,0,Western,1,1984,2,1,1960,1962,NL,1
cf316cc4,NL,2,NL,NL,0,Western,2,1981,2,1,1958,1951,NL,1
cf32439f,France,2,NL,NL,0,Western,0,1952,2,1,1918,1922,France,0
cf34b185,NL,1,Egypt,NL,1,Western,2,1989,2,1,1955,1951,NL,1
cf35fc22,NL,2,NL,NL,0,Western,0,1970,2,2,1939,1937,NL,1
cf3f2179,NL,1,NL,NL,0,Western,2,1958,2,1,1924,1920,NL,1
cf3f6da4,NL,2,France,NL,1,Western,0,1964,2,1,1928,1927,NL,1
cf493f24,NL,2,NL,France,1,Western,1,1963,2,1,1941,1932,NL,1
cf4b547b,NL,1,France,NL,1,Western,1,1964,2,1,1937,1943,NL,1
cf50263a,NL,1,NL,NL,0,Western,1,1966,2,1,1930,1942,NL,1
cf562d13,NL,2,France,NL,1,Western,1,1984,2,1,1952,1952,NL,1
cf56811e,US,2,NL,NL,0,Western,0,1962,2,1,1923,1932,US,0
cf5707a8,NL,1,NL,US,1,Western,2,1994,2,1,1957,1955,NL,1
cf5ace7f,NL,1,NL,NL,0,Western,2,1988,2,1,1964,1960,NL,1
cf5b76f7,NL,-,US,NL,1,Western,1,1990,2,1,1961,1961,NL,1
cf623139,NL,-,NL,NL,0,Western,2,1995,2,1,1968,1969,NL,1
cf693bd8,NL,2,NL,NL,0,Western,1,1958,2,1,1924,1925,NL,1
cf6b9410,NL,1,France,NL,1,Western,0,1957,2,1,1920,1935,NL,1
cf78d7f9,NL,2,NL,France,1,Western,0,1968,2,1,1939,1935,NL,1
cf79a21f,Egypt,2,NL,NL,0,Non-Western,1,1989,2,1,1965,1958,Egypt,0
cf7ae989,NL,1,France,NL,1,Western,0,1956,2,1,1930,1932,NL,1
cf83884a,NL,2,NL,NL,0,Western,0,1997,2,1,1959,1966,NL,1
cf8a8041,NL,1,NL,NL,0,Western,0,1955,2,1,1924,1922,NL,1
cf8c1ea6,NL,1,NL,NL,0,Western,1,1986,2,1,1952,1963,NL,1
cf8d96d7,NL,1,NL,NL,0,Western,0,1952,2,1,1922,1932,NL,1
cf8ecce0,NL,-,NL,US,1,Western,1,1950,2,1,1918,1930,NL,1
cf8f789e,NL,1,France,France,2,Western,0,1954,2,1,1934,1925,NL,1
cf8f95b6,NL,1,NL,NL,0,Western,0,1987,2,1,1966,1955,NL,1
cf90ae81,NL,2,NL,NL,0,Western,1,1986,2,1,1960,1949,NL,1
cf93fd4a,NL,2,NL,NL,0,Western,2,1990,2,1,1965,1968,NL,1
cf953e0a,France,1,NL,NL,0,Western,1,1990,2,1,1967,1966,France,0
cf974dbd,NL,1,NL,France,1,Western,1,1986,2,1,1961,1948,NL,1
cfa06e0d,Egypt,1,NL,NL,0,Non-Western,1,1982,2,1,1943,1956,Egypt,0
cfa261c4,NL,1,NL,NL,0,Western,2,1966,2,1,1945,1933,NL,1
cfa631cb,NL,2,NL,NL,0,Western,1,1987,2,1,1950,1967,NL,1
cfad90a6,NL,2,NL,NL,0,Western,2,1999,2,-,1976,1960,NL,1
cfb5a64b,NL,2,NL,NL,0,Western,2,1986,2,1,1957,1960,NL,1
cfb8490b,NL,2,France,France,2,Western,1,1980,2,1,1944,1945,NL,1
cfbfc0d3,NL,1,NL,France,1,Western,1,1967,2,1,1928,1946,NL,1
cfc29184,NL,2,NL,NL,0,Western,2,1992,2,1,1967,1959,NL,1
cfc42e38,NL,2,NL,NL,0,Western,0,1961,2,1,1941,1930,NL,1
cfc4c4ad,France,2,NL,NL,0,Western,1,1982,2,1,1946,1943,France,0
cfca295f,NL,1,NL,NL,0,Western,1,1957,2,1,1928,1930,NL,1
cfcafd02,NL,1,NL,NL,0,Western,1,1985,2,1,1956,1950,NL,1
cfcc6b2b,NL,2,NL,NL,0,Western,1,1961,1,1,1924,1922,NL,1
cfd008d0,NL,1,NL,France,1,Western,2,1985,2,1,1949,1950,NL,1
cfd5f304,France,2,NL,NL,0,Western,1,1954,2,1,1930,1933,France,0
cfd75b86,NL,1,NL,NL,0,Western,2,1960,2,1,1937,1927,NL,1
cfdd6c14,NL,2,NL,NL,0,Western,0,1996,2,1,1963,1971,NL,1
cfec8076,France,1,NL,NL,0,Western,0,1957,2,1,1936,1936,France,0
cfee0baa,NL,1,NL,France,1,Western,2,1959,2,2,1931,1932,NL,1
cff28d88,France,1,NL,NL,0,Western,1,1964,2,1,1933,1941,France,0
cff7912c,Egypt,2,NL,NL,0,Non-Western,1,1990,2,1,1954,1959,Egypt,0
cffa8db2,NL,1,NL,France,1,Western,2,1985,2,1,1950,1959,NL,1
cffb8270,NL,2,NL,Egypt,1,Western,2,1959,2,1,1930,1935,NL,1
d002ff9b,NL,1,NL,France,1,Western,2,1959,2,1,1923,1921,NL,1
d0067546,NL,2,NL,NL,0,Western,1,1982,2,1,1956,1946,NL,1
d0089f73,France,2,NL,NL,0,Western,1,1961,2,1,1925,1926,France,0
d010ed80,NL,1,NL,NL,0,Western,2,1970,2,1,1934,1949,NL,1
d01717ec,NL,2,France,NL,1,Western,0,1968,2,1,1948,1932,NL,1
d01b9520,NL,1,NL,NL,0,Western,1,1984,-,1,1962,1952,NL,1
d01e0e83,NL,2,NL,NL,0,Western,0,1980,2,1,1954,1952,NL,1
d01e5dfa,NL,2,NL,NL,0,Western,1,1968,2,1,1946,1931,NL,1
d01e62f5,NL,2,NL,NL,0,Western,2,1988,2,1,1952,1951,NL,1
d020916d,France,2,NL,NL,0,Western,0,1959,2,1,1939,1931,France,0
d020ffd9,NL,1,NL,NL,0,Western,1,1986,2,1,1955,1954,NL,1
d0292212,NL,2,NL,NL,0,Western,1,1965,2,1,1940,1931,NL,1
d0352777,NL,1,NL,NL,0,Western,0,1995,2,1,1958,1960,NL,1
d0353b2e,NL,2,NL,NL,0,Western,2,1985,2,1,1957,1958,NL,1
d03f05bb,NL,2,NL,France,1,Western,1,1992,2,1,1972,1966,NL,1
d041bbfc,NL,2,NL,NL,0,Western,2,1964,2,1,1942,1944,NL,1
d04483b2,NL,1,NL,NL,0,Western,2,1994,2,1,1973,1970,NL,1
d04f96e5,NL,1,NL,NL,0,Western,0,1984,2,1,1962,1958,NL,1
d060cd45,NL,1,France,NL,1,Western,1,1986,2,1,1964,1965,NL,1
d066f8d9,NL,2,NL,NL,0,Western,1,1968,2,1,1931,1932,NL,1
d067666a,NL,2,NL,NL,0,Western,0,1983,2,1,1956,1945,NL,1
d067b383,NL,2,NL,NL,0,Western,2,1960,2,1,1937,1937,NL,1
d06d7acb,France,2,NL,NL,0,Western,0,1950,2,1,1917,1917,France,0
d07355a3,NL,1,NL,NL,0,Western,0,1952,2,1,1931,1926,NL,1
d07abdba,NL,1,NL,NL,0,Western,1,1953,2,1,1919,1930,NL,1
d0816436,France,1,France,NL,1,Western,2,1987,2,1,1948,1963,France,0
d0850eaa,NL,2,NL,NL,0,Western,2,1962,2,1,1939,1935,NL,1
d08d070b,NL,1,NL,NL,0,Western,0,1958,2,1,1924,1936,NL,1
d090c266,NL,1,NL,NL,0,Western,1,1961,2,1,1940,1941,NL,1
d090fa15,NL,2,NL,NL,0,Western,1,1987,2,1,1967,1957,NL,1
d09720a9,NL,1,NL,NL,0,Western,2,1952,2,1,1916,1913,NL,1
d09fffd8,NL,2,NL,NL,0,Western,0,1999,2,1,1972,1970,NL,1
d0a59cb0,NL,1,NL,NL,0,Western,1,1981,2,1,1957,1948,NL,1
d0acad83,NL,1,NL,NL,0,Western,0,1950,2,1,1922,1914,NL,1
d0b03b38,NL,2,NL,NL,0,Western,2,1995,2,1,1962,1971,NL,1
d0b645a7,NL,2,NL,NL,0,Western,2,1982,2,1,1951,1945,NL,1
d0b8b692,France,2,NL,NL,0,Western,0,1957,2,1,1937,1922,France,0
d0bf7613,NL,1,France,NL,1,Western,1,1950,2,1,1912,1918,NL,1
d0c30778,NL,1,France,NL,1,Western,0,1985,2,1,1949,1949,NL,1
d0d57f3d,NL,2,NL,NL,0,Western,2,1952,2,1,1919,1921,NL,1
d0e9317d,NL,1,NL,France,1,Western,2,1965,2,1,1929,1944,NL,1
d0f4ef0f,France,1,NL,NL,0,Western,-,1953,2,1,1921,1931,France,0
d0f5edad,NL,-,NL,NL,0,Western,2,1995,2,1,1969,1971,NL,1
d0fffe1a,NL,1,France,NL,1,Western,2,1989,2,1,1959,1962,NL,1
d1006a34,NL,1,France,NL,1,Western,1,1965,2,1,1932,1939,NL,1
d1036e63,NL,2,NL,NL,0,Western,2,1982,2,1,1947,1945,NL,1
d1083667,France,1,NL,NL,0,Western,2,1955,2,1,1927,1927,France,0
d1126457,NL,1,NL,France,1,Western,0,1992,2,1,1964,1969,NL,1
d1182742,NL,1,NL,NL,0,Western,1,1983,2,1,1962,1963,NL,1
d120d3d8,France,2,NL,NL,0,Western,0,1966,2,1,1929,1934,France,0
d124f0ac,France,1,NL,NL,0,Western,1,1982,2,1,1959,1956,France,0
d12693b2,NL,1,NL,NL,0,Western,1,1959,2,1,1920,1922,NL,1
d1287c42,NL,1,NL,NL,0,Western,2,1991,2,1,1957,1965,NL,1
d128f7b9,NL,1,France,NL,1,Western,2,1982,2,1,1951,1943,NL,1
d129026e,NL,1,NL,NL,0,Western,1,1991,2,1,1961,1962,NL,1
d12a8e93,NL,2,France,NL,1,Western,1,1991,2,1,1959,1963,NL,1
d12b8bd8,NL,2,NL,NL,0,Western,1,1983,2,1,1946,1948,NL,1
d134b128,France,1,NL,France,1,Western,1,1981,2,1,1946,1947,France,0
d134f8b3,NL,1,NL,NL,0,Western,0,1987,2,1,1961,1962,NL,1
d137d4c0,France,1,France,NL,1,Western,0,1962,2,1,1927,1942,France,0
d1381bf7,France,2,NL,NL,0,Western,2,1964,-,1,1938,1938,France,0
d13f6d11,France,2,NL,NL,0,Western,1,1962,2,1,1923,1927,France,0
d1423861,NL,1,NL,NL,0,Western,0,1958,2,1,1919,1928,NL,1
d1430b7c,NL,2,France,France,2,Western,2,1969,2,1,1945,1931,NL,1
d14783bd,NL,1,NL,NL,0,Western,0,1982,2,1,1949,1954,NL,1
d14d5933,US,2,NL,NL,0,Western,1,1957,2,-,1918,1933,US,0
d14e7912,France,2,NL,NL,0,Western,1,1963,2,1,1934,1927,France,0
d1553ff9,NL,1,NL,NL,0,Western,2,1998,2,1,1969,1977,NL,1
d163a0b6,NL,1,Egypt,NL,1,Western,1,1963,2,1,1938,1925,NL,1
d172192e,NL,2,NL,NL,0,Western,1,1986,2,1,1962,1966,NL,1
d1756348,NL,2,NL,NL,0,Western,0,1956,2,1,1917,1931,NL,1
d1794113,NL,2,NL,NL,0,Western,1,1963,2,1,1925,1932,NL,1
d1799e35,NL,2,NL,NL,0,Western,1,1994,2,1,1967,1973,NL,1
d184bff2,NL,2,NL,US,1,Western,2,1986,1,1,1956,1960,NL,1
d1874997,NL,1,France,NL,1,Western,0,1981,2,1,1944,1959,NL,1
d1878e56,NL,2,NL,France,1,Western,1,1988,2,1,1960,1960,NL,1
d18a5386,NL,1,France,NL,1,Western,1,1994,2,1,1967,1958,NL,1
d19342bd,NL,2,NL,NL,0,Western,1,1963,2,1,1941,1939,NL,1
d1980866,France,1,France,France,2,Western,0,1970,2,1,1941,1949,France,0
d1c737a1,NL,2,NL,NL,0,Western,1,1990,2,1,1956,1958,NL,1
d1d7a65a,NL,2,NL,NL,0,Western,0,1982,2,1,1943,1948,NL,1
d1d8f65c,NL,1,NL,NL,0,Western,1,1998,2,1,1978,1968,NL,1
d1dce84b,NL,1,NL,France,1,Western,2,1998,2,1,1971,1960,NL,1
d1e3ab97,NL,1,NL,NL,0,Western,0,1984,2,1,1954,1954,NL,1
d1e7e553,NL,1,NL,France,1,Western,0,1950,2,1,1930,1928,NL,1
d1f0455c,NL,2,NL,NL,0,Western,0,1994,2,1,1955,1957,NL,1
d1f3d7cd,NL,2,NL,NL,0,Western,0,1985,2,1,1950,1958,NL,1
d2051386,NL,2,NL,NL,0,Western,0,1963,2,1,1940,1939,NL,1
d215bf22,NL,1,NL,US,1,Western,1,1968,2,1,1944,1948,NL,1
d216523f,NL,2,NL,NL,0,Western,2,1995,2,1,1962,1974,NL,1
d219db30,NL,2,NL,NL,0,Western,2,1969,2,1,1937,1936,NL,1
d226ac21,France,2,US,NL,1,Western,2,1966,2,1,1929,1944,France,0
d22fbf4b,NL,2,France,France,2,Western,0,1985,2,1,1948,1959,NL,1
d23633a5,NL,2,France,NL,1,Western,1,1958,2,1,1929,1936,NL,1
d23a5ca4,NL,2,NL,NL,0,Western,1,1965,2,1,1942,1934,NL,1
d23c1ed2,NL,2,NL,NL,0,Western,0,1995,2,1,1966,1961,NL,1
d23d866a,NL,2,NL,Egypt,1,Western,2,1989,2,1,1950,1968,NL,1
d23e2872,NL,2,NL,France,1,Western,1,1998,2,1,1967,1975,NL,1
d243aa7a,NL,2,NL,NL,0,Western,2,1958,2,1,1919,1922,NL,1
d2468860,NL,1,NL,NL,0,Western,1,1960,2,1,1925,1921,NL,1
d253e5ec,NL,1,NL,NL,0,Western,1,1995,2,1,1963,1961,NL,1
d2669f0e,NL,2,NL,NL,0,Western,0,1961,2,1,1929,1928,NL,1
d26aa9c8,Egypt,1,NL,NL,0,Non-Western,2,1990,2,1,1966,1962,Egypt,0
d26cfa63,NL,2,NL,NL,0,Western,1,1996,2,1,1959,1967,NL,1
d273ca03,NL,1,NL,NL,0,Western,0,1957,2,1,1932,1928,NL,1
d277264c,NL,2,NL,Egypt,1,Western,0,1965,2,1,1929,1944,NL,1
d27e0947,NL,1,NL,France,1,Western,0,1997,2,1,1971,1973,NL,1
d27ebae2,NL,2,NL,NL,0,Western,1,1980,2,1,1959,1949,NL,1
d28045b4,NL,1,NL,NL,0,Western,2,1986,2,1,1947,1961,NL,1
d28734bc,NL,2,NL,NL,0,Western,1,1970,2,1,1941,1940,NL,1
d28a3f60,NL,2,NL,NL,0,Western,1,1993,2,1,1972,1961,NL,1
d28e2fd5,NL,1,NL,France,1,Western,0,1950,2,1,1930,1927,NL,1
d291f327,NL,1,Egypt,France,2,Western,1,1970,2,1,1941,1933,NL,1
d293f24c,NL,2,NL,NL,0,Western,1,1956,2,1,1920,1919,NL,1
d296a055,NL,1,NL,France,1,Western,2,1951,2,1,1927,1930,NL,1
d2983d35,Egypt,1,NL,France,1,Non-Western,1,1980,2,1,1948,1948,Egypt,0
d298a183,NL,1,NL,NL,0,Western,0,1963,2,1,1938,1937,NL,1
d29a66d2,NL,2,NL,NL,0,Western,0,1967,2,1,1946,1933,NL,1
d2a3d544,US,1,NL,NL,0,Western,2,1953,2,1,1932,1927,US,0
d2a698da,France,2,France,NL,1,Western,0,1955,2,1,1921,1931,France,0
d2a80ea0,NL,2,France,NL,1,Western,0,1981,2,-,1961,1943,NL,1
d2aaef80,France,1,France,NL,1,Western,1,1950,2,1,1915,1928,France,0
d2af6ed7,NL,1,NL,NL,0,Western,0,1955,2,1,1934,1932,NL,1
d2b2cc67,NL,2,NL,NL,0,Western,1,1964,2,1,1938,1934,NL,1
d2b55172,NL,2,NL,NL,0,Western,0,1966,2,1,1932,1934,NL,1
d2c09c3e,NL,1,NL,NL,0,Western,2,1960,2,1,1921,1927,NL,1
d2c130ca,NL,2,NL,NL,0,Western,2,1996,2,1,1975,1974,NL,1
d2c87b9e,NL,2,NL,NL,0,Western,0,1965,2,1,1938,1945,NL,1
d2cdb9c5,NL,2,France,NL,1,Western,1,1951,2,1,1930,1916,NL,1
d2cef267,NL,2,NL,NL,0,Western,1,1960,2,1,1932,1932,NL,1
d2d202c8,NL,2,NL,NL,0,Western,1,1994,2,1,1962,1957,NL,1
d2eaa391,NL,1,NL,NL,0,Western,0,1989,2,1,1963,1967,NL,1
d2f11c6d,NL,2,NL,NL,0,Western,1,1991,2,1,1971,1960,NL,1
d2f41845,NL,2,NL,NL,0,Western,0,1952,2,1,1924,1923,NL,1
d2f54597,US,1,NL,NL,0,Western,0,1981,2,1,1957,1949,US,0
d2f7ba11,NL,1,US,NL,1,Western,0,1999,2,1,1964,1979,NL,1
d2fcaa23,NL,1,NL,France,1,Western,1,1983,2,1,1952,1956,NL,1
d300e5a0,NL,2,NL,NL,0,Western,2,1985,2,1,1952,1965,NL,1
d3017b95,Egypt,2,NL,France,1,Non-Western,0,1987,2,1,1955,1949,Egypt,0
d3031763,NL,1,NL,NL,0,Western,1,1993,2,1,1957,1954,NL,1
d30c8538,NL,1,NL,France,1,Western,2,1965,2,1,1940,1928,NL,1
d30d167a,NL,2,NL,NL,0,Western,0,1956,2,1,1930,1921,NL,1
d30f53f8,France,1,France,NL,1,Western,1,1962,2,1,1935,1938,France,0
d3111b1b,NL,1,US,NL,1,Western,1,1989,2,1,1957,1957,NL,1
d3121931,NL,2,NL,NL,0,Western,2,1956,2,1,1919,1931,NL,1
d319a02e,France,1,NL,NL,0,Western,2,1987,2,1,1949,1948,France,0
d3284694,NL,-,NL,NL,0,Western,1,1982,2,1,1954,1956,NL,1
d331aebe,NL,2,NL,NL,0,Western,1,1993,2,1,1954,1957,NL,1
d3366e48,NL,1,US,NL,1,Western,0,1992,2,1,1953,1965,NL,1
d3392a87,US,2,France,NL,1,Western,2,1965,2,1,1935,1929,US,0
d33c6fe4,NL,1,NL,NL,0,Western,0,1958,2,1,1921,1931,NL,1
d344cbd8,NL,1,France,NL,1,Western,0,1985,1,1,1965,1952,NL,1
d3515e2b,NL,2,NL,NL,0,Western,1,1986,2,1,1962,1953,NL,1
d35369e0,NL,1,NL,NL,0,Western,2,1967,2,1,1935,1942,NL,1
d354c8b8,NL,1,France,NL,1,Western,1,1959,2,1,1938,1927,NL,1
d358f16f,France,1,NL,France,1,Western,1,1953,2,1,1929,1919,France,0
d35fdbf2,NL,2,NL,NL,0,Western,2,1998,2,1,1963,1964,NL,1
d36ad789,NL,2,NL,NL,0,Western,1,1952,2,1,1926,1931,NL,1
d38a9f0f,NL,1,NL,Egypt,1,Western,2,1964,2,1,1942,1932,NL,1
d38ab04b,NL,-,NL,NL,0,Western,0,1967,2,1,1935,1942,NL,1
d38cfb4b,NL,2,NL,NL,0,Western,2,1989,1,1,1964,1951,NL,1
d3a038b7,NL,1,NL,NL,0,Western,1,1985,2,1,1961,1951,NL,1
d3a763ea,NL,1,NL,France,1,Western,1,1985,2,1,1950,1958,NL,1
d3a926e2,NL,1,France,France,2,Western,2,1957,2,1,1919,1933,NL,1
d3a96bf5,NL,2,NL,NL,0,Western,2,1954,2,1,1915,1915,NL,1
d3abdb2b,NL,2,France,NL,1,Western,2,1997,2,1,1967,1967,NL,1
d3ac81f2,NL,2,NL,NL,0,Western,0,1985,2,1,1964,1963,NL,1
d3afe6e4,NL,1,NL,France,1,Western,2,1983,2,-,1951,1962,NL,1
d3b86b01,NL,1,NL,NL,0,Western,0,1981,2,1,1958,1960,NL,1
d3bbf93e,NL,-,NL,France,1,Western,1,1997,2,1,1976,1959,NL,1
d3c8c9fa,NL,2,NL,NL,0,Western,2,1954,2,1,1918,1932,NL,1
d3cb7fef,NL,1,NL,NL,0,Western,2,1986,2,1,1954,1950,NL,1
d3cea963,NL,2,NL,NL,0,Western,1,1964,2,1,1940,1943,NL,1
d3cfaa86,NL,1,NL,Egypt,1,Western,1,1987,2,1,1950,1948,NL,1
d3d55c39,NL,2,NL,NL,0,Western,0,1955,2,1,1919,1927,NL,1
d3d5df7d,US,2,NL,NL,0,Western,2,1984,2,1,1958,1962,US,0
d3db12e6,NL,1,NL,NL,0,Western,1,1989,2,1,1960,1961,NL,1
d3dfd4b6,NL,1,NL,NL,0,Western,1,1953,2,1,1931,1916,NL,1
d3fabf01,NL,2,NL,NL,0,Western,0,1988,2,2,1967,1954,NL,1
d3feb0a8,NL,1,NL,NL,0,Western,2,1982,2,1,1956,1952,NL,1
d402a808,NL,2,NL,NL,0,Western,2,1980,2,1,1953,1942,NL,1
d40c915e,NL,2,France,NL,1,Western,1,1965,2,1,1938,1944,NL,1
d40e9ede,France,2,NL,NL,0,Western,-,1959,2,1,1929,1933,France,0
d411bf54,France,1,NL,NL,0,Western,1,1990,2,1,1963,1955,France,0
d4127bea,NL,1,NL,NL,0,Western,1,1956,2,1,1921,1919,NL,1
d4153eb6,NL,-,NL,NL,0,Western,1,1966,2,1,1940,1927,NL,1
d415c833,NL,2,NL,US,1,Western,1,1963,2,1,1934,1943,NL,1
d421a420,NL,2,NL,NL,0,Western,1,1960,2,1,1926,1922,NL,1
d4253233,NL,1,NL,France,1,Western,1,1996,2,1,1961,1970,NL,1
d4292287,NL,1,NL,NL,0,Western,2,1990,2,1,1954,1967,NL,1
d42ad095,NL,1,NL,NL,0,Western,0,1991,2,1,1957,1967,NL,1
d42afa03,NL,2,NL,NL,0,Western,0,1984,2,1,1962,1956,NL,1
d430713e,NL,2,NL,NL,0,Western,2,1982,2,1,1949,1948,NL,1
d430a549,NL,1,France,France,2,Western,1,1992,2,1,1961,1965,NL,1
d430bf87,NL,1,NL,NL,0,Western,0,1982,2,1,1948,1950,NL,1
d4325733,NL,2,NL,NL,0,Western,0,1954,2,2,1926,1933,NL,1
d4331f86,Egypt,1,NL,NL,0,Non-Western,2,1989,2,1,1957,1950,Egypt,0
d4344b4b,NL,2,NL,NL,0,Western,2,1955,2,1,1927,1929,NL,1
d436e925,NL,2,Egypt,NL,1,Western,0,1994,2,1,1961,1964,NL,1
d44976a5,NL,2,NL,NL,0,Western,0,1967,2,1,1938,1944,NL,1
d449e948,NL,2,NL,Egypt,1,Western,0,1958,2,1,1922,1923,NL,1
d452d84f,NL,1,France,NL,1,Western,0,1965,2,1,1926,1943,NL,1
d453cd36,France,1,NL,NL,0,Western,1,1984,2,1,1959,1952,France,0
d45cee16,NL,2,France,NL,1,Western,2,1965,2,1,1944,1926,NL,1
d460ef61,NL,2,NL,NL,0,Western,1,1997,2,1,1975,1976,NL,1
d460ffac,NL,1,NL,NL,0,Western,1,1981,2,1,1942,1951,NL,1
d467a770,NL,2,NL,NL,0,Western,2,1958,2,1,1936,1937,NL,1
d46f6a4b,France,2,France,France,2,Western,2,1961,2,1,1935,1939,France,0
d46fb978,NL,2,France,NL,1,Western,1,1982,2,1,1949,1957,NL,1
d470dbb0,NL,1,France,NL,1,Western,1,1991,2,1,1968,1953,NL,1
d477f4bf,NL,1,Egypt,NL,1,Western,0,1995,2,1,1965,1956,NL,1
d47f445d,NL,1,NL,France,1,Western,0,1994,2,1,1974,1959,NL,1
d480abcd,NL,1,France,NL,1,Western,1,1986,2,1,1948,1963,NL,1
d484cf17,NL,2,NL,NL,0,Western,2,1998,2,1,1975,1974,NL,1
d48b5330,NL,1,NL,US,1,Western,2,1960,2,1,1928,1929,NL,1
d48d1279,NL,2,NL,NL,0,Western,1,1981,2,1,1947,1961,NL,1
d48e4885,Egypt,2,NL,NL,0,Non-Western,2,1984,2,1,1958,1955,Egypt,0
d48ee97c,NL,1,France,NL,1,Western,0,1954,2,1,1927,1922,NL,1
d4987322,NL,2,NL,NL,0,Western,1,1991,2,1,1966,1968,NL,1
d498a883,NL,1,France,NL,1,Western,2,1955,2,1,1934,1922,NL,1
d4a7258c,NL,2,NL,NL,0,Western,1,1986,2,1,1956,1960,NL,1
d4a76619,NL,2,France,France,2,Western,0,1985,2,1,1958,1949,NL,1
d4ab65c6,NL,1,NL,NL,0,Western,0,1987,2,1,1955,1962,NL,1
d4ae2a3f,France,1,NL,NL,0,Western,1,1982,2,1,1946,1962,France,0
d4b15a7b,NL,1,France,NL,1,Western,1,1999,2,1,1976,1967,NL,1
d4b1daf2,NL,2,NL,France,1,Western,0,1988,2,1,1966,1967,NL,1
d4b3dc37,NL,2,NL,France,1,Western,0,1980,2,1,1954,1956,NL,1
d4bd014b,NL,2,NL,NL,0,Western,0,1991,2,1,1953,1956,NL,1
d4c39027,NL,2,NL,NL,0,Western,2,1985,2,1,1964,1949,NL,1
d4c62b5a,NL,2,France,NL,1,Western,1,1991,2,1,1960,1971,NL,1
d4c6809e,NL,1,France,France,2,Western,1,1956,2,1,1918,1924,NL,1
d4c8d3d9,NL,1,NL,NL,0,Western,0,1983,2,1,1949,1960,NL,1
d4d51023,NL,1,US,NL,1,Western,2,1989,2,1,1956,1950,NL,1
d4d8f109,NL,2,NL,NL,0,Western,1,1984,2,1,1956,1946,NL,1
d4da4958,NL,2,NL,NL,0,Western,2,1991,2,1,1965,1962,NL,1
d4dbec8d,NL,1,NL,NL,0,Western,2,1984,2,1,1964,1950,NL,1
d4e4a6fb,NL,1,NL,NL,0,Western,0,1960,2,1,1939,1932,NL,1
d4ec627e,NL,2,France,NL,1,Western,1,1969,2,1,1938,1936,NL,1
d4ec6a6d,NL,2,NL,NL,0,Western,1,1999,-,1,1973,1974,NL,1
d4eed196,NL,1,US,NL,1,Western,1,1969,2,1,1946,1949,NL,1
d4f5837e,NL,2,NL,NL,0,Western,2,1998,2,1,1961,1972,NL,1
d4f958b2,NL,1,NL,NL,0,Western,0,1968,2,1,1931,1933,NL,1
d5041017,NL,2,NL,NL,0,Western,1,1960,2,1,1926,1923,NL,1
d5079a39,NL,2,NL,NL,0,Western,1,1991,2,1,1967,1956,NL,1
d508204e,NL,1,NL,NL,0,Western,2,1961,2,1,1926,1940,NL,1
d50e5746,France,1,NL,NL,0,Western,2,1985,2,1,1960,1961,France,0
d5148d9c,NL,2,NL,France,1,Western,1,1985,2,1,1956,1959,NL,1
d5149a25,France,1,NL,US,1,Western,0,1963,2,1,1940,1940,France,0
d516b5a3,NL,2,NL,NL,0,Western,2,1966,2,1,1937,1934,NL,1
d51e01ad,France,2,NL,NL,0,Western,1,1964,2,1,1941,1934,France,0
d51fea73,NL,1,NL,NL,0,Western,2,1993,2,1,1956,1955,NL,1
d5289e07,NL,2,NL,NL,0,Western,1,1966,2,1,1935,1936,NL,1
d528d6fd,NL,1,NL,NL,0,Western,2,1960,2,1,1937,1930,NL,1
d52efc84,NL,1,NL,NL,0,Western,0,1955,2,1,1919,1927,NL,1
d5302536,NL,2,NL,NL,0,Western,0,1950,2,1,1914,1920,NL,1
d536b3d0,NL,2,NL,NL,0,Western,2,1987,2,1,1949,1956,NL,1
d53e6825,NL,2,NL,NL,0,Western,2,1986,2,1,1959,1949,NL,1
d5448106,NL,2,NL,NL,0,Western,0,1981,2,1,1955,1946,NL,1
d54cb642,NL,1,NL,Egypt,1,Western,1,1959,2,1,1936,1924,NL,1
d54d32e9,NL,2,France,NL,1,Western,1,1961,2,1,1939,1940,NL,1
d555c073,France,1,NL,NL,0,Western,1,1962,2,1,1934,1929,France,0
d55679e1,France,2,NL,NL,0,Western,1,1957,2,1,1920,1926,France,0
d556a405,Egypt,2,NL,France,1,Non-Western,2,1990,2,1,1965,1969,Egypt,0
d560942b,France,1,NL,NL,0,Western,2,1956,2,1,1924,1917,France,0
d57af3a1,NL,2,NL,France,1,Western,1,1991,2,1,1959,1960,NL,1
d57b986b,NL,1,NL,France,1,Western,1,1991,2,-,1971,1963,NL,1
d57c19da,France,2,NL,NL,0,Western,0,1982,2,1,1951,1955,France,0
d5802620,NL,2,NL,NL,0,Western,1,1967,2,1,1930,1937,NL,1
d58163b1,France,1,NL,NL,0,Western,2,1986,2,1,1950,1947,France,0
d58d3da2,Egypt,2,NL,NL,0,Non-Western,1,1989,2,1,1968,1958,Egypt,0
d59042b6,NL,1,NL,France,1,Western,1,1980,2,1,1960,1942,NL,1
d5995cf1,NL,2,NL,France,1,Western,1,1989,2,1,1965,1952,NL,1
d59a8ff8,NL,1,NL,NL,0,Western,1,1953,2,1,1925,1914,NL,1
d5a813d1,NL,1,NL,NL,0,Western,2,1959,1,1,1938,1938,NL,1
d5b9c64e,NL,1,NL,Egypt,1,Western,1,1987,2,1,1956,1955,NL,1
d5bc5a9e,NL,2,NL,NL,0,Western,2,1995,1,1,1969,1958,NL,1
d5c18667,NL,2,NL,NL,0,Western,0,1980,2,1,1950,1958,NL,1
d5c45886,NL,2,NL,NL,0,Western,0,1994,2,1,1958,1961,NL,1
d5c78e68,NL,2,France,NL,1,Western,1,1967,2,-,1942,1938,NL,1
d5d3e47d,NL,1,NL,NL,0,Western,1,1982,2,1,1961,1960,NL,1
d5e13d0e,France,2,NL,NL,0,Western,1,1953,-,1,1919,1918,France,0
d5e1ba9e,NL,2,NL,NL,0,Western,2,1986,2,1,1950,1964,NL,1
d5ec036f,NL,1,NL,NL,0,Western,2,1961,2,1,1939,1936,NL,1
d5f159c7,NL,1,France,France,2,Western,1,1959,2,1,1932,1939,NL,1
d5f47dfa,NL,2,France,NL,1,Western,1,1981,2,1,1943,1948,NL,1
d5fe643d,NL,2,Egypt,NL,1,Western,0,1954,2,1,1927,1921,NL,1
d607f038,NL,1,NL,France,1,Western,2,1951,2,1,1928,1929,NL,1
d60f6800,NL,2,NL,NL,0,Western,1,1988,2,1,1953,1951,NL,1
d616973c,NL,2,France,NL,1,Western,2,1963,2,1,1939,1937,NL,1
d61e0971,NL,2,NL,NL,0,Western,1,1950,2,1,1911,1917,NL,1
d61e6947,NL,1,NL,US,1,Western,2,1989,2,1,1961,1962,NL,1
d625d2c8,NL,1,NL,France,1,Western,1,1962,2,1,1941,1938,NL,1
d62903c8,France,2,NL,NL,0,Western,2,1982,2,1,1960,1950,France,0
d62e1955,NL,2,NL,NL,0,Western,1,1984,2,1,1953,1961,NL,1
d634ac88,NL,2,NL,France,1,Western,0,1996,2,1,1969,1976,NL,1
d635c723,France,1,NL,France,1,Western,1,1987,2,1,1966,1951,France,0
d637353d,NL,2,NL,NL,0,Western,1,1983,2,1,1946,1952,NL,1
d6387cb3,NL,1,NL,NL,0,Western,1,1991,-,1,1965,1967,NL,1
d648f83c,US,1,NL,NL,0,Western,0,1965,2,1,1942,1932,US,0
d64a230a,NL,2,NL,NL,0,Western,0,1968,2,1,1941,1947,NL,1
d6509c86,NL,2,NL,NL,0,Western,0,1963,1,1,1924,1940,NL,1
d658ae5d,NL,2,NL,NL,0,Western,0,1989,2,1,1965,1961,NL,1
d65acf92,NL,1,NL,NL,0,Western,1,1950,2,1,1919,1911,NL,1
d65d8cbb,NL,1,NL,France,1,Western,1,1965,2,1,1941,1931,NL,1
d6606a94,NL,1,NL,France,1,Western,0,1983,2,1,1962,1946,NL,1
d6614873,France,2,NL,NL,0,Western,1,1970,2,1,1934,1934,France,0
d661e706,NL,2,France,NL,1,Western,1,1963,2,1,1925,1937,NL,1
d663b82d,NL,1,NL,NL,0,Western,2,1985,2,-,1947,1960,NL,1
d665334f,NL,2,NL,NL,0,Western,1,1964,2,1,1927,1926,NL,1
d667ab03,France,1,NL,NL,0,Western,2,1965,2,1,1941,1943,France,0
d66bd641,NL,2,NL,NL,0,Western,0,1992,2,1,1971,1970,NL,1
d66d3427,NL,1,NL,NL,0,Western,0,1998,2,1,1964,1974,NL,1
d66d4249,NL,1,NL,US,1,Western,0,1953,2,1,1921,1929,NL,1
d66e5102,NL,2,NL,NL,0,Western,1,1986,2,1,1949,1950,NL,1
d670d578,NL,1,NL,NL,0,Western,0,1998,2,1,1974,1971,NL,1
d683de0e,France,2,NL,NL,0,Western,1,1967,2,1,1942,1944,France,0
d68bd438,NL,1,NL,France,1,Western,2,1989,2,1,1961,1966,NL,1
d6951cc2,NL,1,NL,France,1,Western,0,1961,2,1,1930,1934,NL,1
d696e26e,France,1,NL,NL,0,Western,0,1982,2,1,1954,1946,France,0
d69b4c08,NL,2,NL,NL,0,Western,2,1996,2,1,1974,1964,NL,1
d6a3c08e,NL,2,NL,NL,0,Western,0,1994,2,1,1969,1960,NL,1
d6aa70ff,France,2,NL,NL,0,Western,1,1959,2,2,1923,1933,France,0
d6ac6459,NL,1,NL,NL,0,Western,1,1982,2,1,1958,1951,NL,1
d6ad4e60,NL,-,NL,NL,0,Western,1,1998,2,1,1961,1961,NL,1
d6c40cb1,NL,2,NL,NL,0,Western,2,1994,2,1,1958,1968,NL,1
d6c795fb,NL,2,NL,France,1,Western,1,1997,2,1,1976,1969,NL,1
d6caf784,NL,2,France,NL,1,Western,0,1987,2,1,1959,1964,NL,1
d6cb6c68,France,2,NL,NL,0,Western,1,1951,2,1,1912,1931,France,0
d6cd230b,NL,1,NL,Egypt,1,Western,1,1954,2,1,1921,1919,NL,1
d6d4295d,NL,2,NL,NL,0,Western,0,1990,2,1,1952,1970,NL,1
d6ec09d9,France,1,NL,NL,0,Western,1,1980,2,1,1958,1948,France,0
d6ee203a,NL,2,NL,NL,0,Western,2,1984,2,1,1949,1950,NL,1
d6f3ce06,NL,2,NL,NL,0,Western,1,1997,2,1,1972,1968,NL,1
d6f6a319,NL,2,NL,NL,0,Western,1,1986,2,1,1953,1956,NL,1
d6f77dbd,NL,1,US,NL,1,Western,2,1985,2,1,1957,1964,NL,1
d6fd6774,NL,1,NL,NL,0,Western,0,1997,2,1,1962,1961,NL,1
d7015062,NL,1,France,NL,1,Western,1,1964,2,1,1943,1940,NL,1
d7046571,NL,1,NL,NL,0,Western,1,1981,2,1,1954,1955,NL,1
d704ae49,NL,2,NL,NL,0,Western,1,1984,2,1,1962,1950,NL,1
d716f139,NL,2,NL,NL,0,Western,2,1982,2,1,1961,1946,NL,1
d71a778e,NL,2,NL,NL,0,Western,1,1986,2,1,1961,1964,NL,1
d720e2f5,NL,2,NL,NL,0,Western,1,1990,2,1,1967,1955,NL,1
d720f834,NL,1,NL,NL,0,Western,2,1997,2,1,1973,1970,NL,1
d722c2ae,NL,2,France,France,2,Western,1,1968,2,1,1935,1946,NL,1
d7524bff,NL,1,NL,NL,0,Western,2,1958,2,1,1927,1935,NL,1
d752576e,NL,2,Egypt,NL,1,Western,0,1987,2,1,1966,1959,NL,1
d7551fa3,NL,1,US,NL,1,Western,1,1982,2,1,1954,1952,NL,1
d7615d41,NL,2,NL,Egypt,1,Western,2,1953,2,1,1926,1926,NL,1
d766669a,NL,2,NL,NL,0,Western,0,1950,2,1,1918,1912,NL,1
d76b9f5e,NL,1,NL,NL,0,Western,1,1984,2,1,1947,1947,NL,1
d77323ef,NL,1,NL,France,1,Western,1,1991,2,1,1955,1961,NL,1
d7736858,NL,2,NL,France,1,Western,2,1984,2,1,1945,1955,NL,1
d774d47e,NL,1,NL,NL,0,Western,1,1961,2,1,1923,1933,NL,1
d7756eb8,NL,1,NL,NL,0,Western,2,1995,2,1,1969,1961,NL,1
d77a7337,NL,2,NL,NL,0,Western,0,1968,2,1,1946,1930,NL,1
d786a575,NL,2,NL,NL,0,Western,1,1980,2,1,1957,1945,NL,1
d78b55db,NL,1,NL,NL,0,Western,1,1988,2,1,1952,1959,NL,1
d798f723,NL,2,France,NL,1,Western,1,1998,2,1,1961,1964,NL,1
d79e0d18,NL,2,NL,NL,0,Western,2,1988,2,1,1960,1962,NL,1
d7a1da56,NL,2,France,NL,1,Western,2,1991,2,1,1955,1962,NL,1
d7a3fafe,NL,1,NL,NL,0,Western,0,1990,2,1,1964,1961,NL,1
d7ac510f,NL,2,NL,France,1,Western,1,1996,2,1,1972,1970,NL,1
d7b363ec,NL,1,Egypt,France,2,Western,2,1992,2,1,1961,1958,NL,1
d7b3b02b,NL,2,NL,NL,0,Western,1,1992,2,1,1955,1959,NL,1
d7bb59e0,France,1,NL,NL,0,Western,1,1989,2,1,1950,1968,France,0
d7bc0f5f,NL,2,NL,NL,0,Western,2,1985,-,1,1965,1959,NL,1
d7cfb125,France,1,France,France,2,Western,2,1985,1,1,1965,1953,France,0
d7d0a63a,NL,1,NL,NL,0,Western,2,1992,2,1,1971,1957,NL,1
d7d6024a,NL,1,NL,NL,0,Western,1,1981,2,1,1955,1949,NL,1
d7d640d0,NL,1,France,NL,1,Western,2,1954,2,1,1915,1930,NL,1
d7da4787,NL,-,NL,NL,0,Western,0,1989,2,1,1953,1964,NL,1
d7dff7a0,NL,2,NL,France,1,Western,2,1951,2,1,1926,1930,NL,1
d7e1afcf,NL,2,NL,NL,0,Western,0,1983,2,1,1958,1956,NL,1
d7ea05ae,NL,1,France,US,2,Western,1,1987,2,1,1949,1949,NL,1
d7ed5eae,France,2,NL,NL,0,Western,2,1967,2,1,1945,1928,France,0
d7f4fcff,France,1,NL,NL,0,Western,1,1982,2,1,1956,1943,France,0
d7f9f5f7,NL,1,France,NL,1,Western,1,1965,2,1,1934,1931,NL,1
d808c717,NL,1,NL,NL,0,Western,0,1998,2,1,1972,1959,NL,1
d80d2dff,NL,2,France,NL,1,Western,0,1988,2,1,1956,1957,NL,1
d81afd4b,NL,2,NL,NL,0,Western,1,1990,2,1,1952,1951,NL,1
d822c9f8,NL,1,NL,NL,0,Western,1,1980,2,1,1954,1956,NL,1
d8259ca4,NL,2,France,France,2,Western,1,1965,2,1,1939,1940,NL,1
d8339751,NL,2,France,NL,1,Western,0,1990,2,1,1968,1951,NL,1
d833ee38,NL,1,NL,NL,0,Western,0,1968,2,1,1941,1946,NL,1
d83a9c0b,NL,1,NL,NL,0,Western,0,1998,2,1,1962,1975,NL,1
d83b751f,NL,2,NL,NL,0,Western,2,1964,2,1,1929,1933,NL,1
d83d75d0,NL,2,NL,NL,0,Western,1,1980,2,1,1952,1948,NL,1
d84df233,NL,1,NL,NL,0,Western,2,1995,2,1,1974,1961,NL,1
d8570fc3,NL,2,NL,France,1,Western,1,1953,2,1,1933,1921,NL,1
d8578fae,NL,1,NL,NL,0,Western,1,1954,2,1,1919,1933,NL,1
d85b0417,NL,2,France,NL,1,Western,2,1983,2,1,1963,1963,NL,1
d85d0c27,NL,1,NL,NL,0,Western,1,1953,2,1,1928,1931,NL,1
d85ebb0b,NL,1,NL,France,1,Western,2,1985,2,1,1962,1957,NL,1
d85fb9b4,NL,-,NL,NL,0,Western,2,1990,2,1,1966,1959,NL,1
d86e1cb7,NL,1,NL,NL,0,Western,2,1981,2,1,1957,1943,NL,1
d873c729,NL,1,NL,NL,0,Western,1,1993,2,1,1967,1969,NL,1
d8747243,France,2,Egypt,NL,1,Western,0,1970,2,-,1939,1942,France,0
d876b768,NL,1,NL,NL,0,Western,2,1982,2,1,1961,1961,NL,1
d87b8ad4,France,2,France,NL,1,Western,-,1960,2,1,1940,1922,France,0
d891a082,NL,2,NL,Egypt,1,Western,1,1980,2,1,1960,1954,NL,1
d8944cdc,NL,2,France,France,2,Western,0,1984,2,1,1952,1956,NL,1
d89c241c,France,2,NL,US,1,Western,2,1982,2,1,1956,1954,France,0
d8a4aaea,NL,2,Egypt,NL,1,Western,2,1966,2,1,1937,1944,NL,1
d8a6721b,NL,2,NL,NL,0,Western,1,1964,2,1,1934,1927,NL,1
d8aff799,NL,2,France,NL,1,Western,2,1986,2,1,1953,1962,NL,1
d8b19b90,NL,2,NL,NL,0,Western,2,1997,2,1,1976,1966,NL,1
d8bb0fac,NL,2,NL,Egypt,1,Western,1,1986,2,1,1954,1957,NL,1
d8be86b8,NL,2,Egypt,Egypt,2,Western,1,1998,2,1,1977,1964,NL,1
d8bf0226,NL,2,NL,NL,0,Western,1,1951,2,1,1928,1924,NL,1
d8c41339,NL,1,NL,NL,0,Western,1,1994,2,1,1968,1969,NL,1
d8cb6a95,France,2,France,NL,1,Western,1,1983,2,1,1951,1944,France,0
d8d12b57,NL,2,NL,NL,0,Western,2,1963,2,1,1925,1927,NL,1
d8e8155e,NL,1,France,NL,1,Western,1,1963,2,1,1932,1929,NL,1
d8e87a86,NL,1,NL,NL,0,Western,1,1986,2,1,1964,1955,NL,1
d8e8ab20,France,2,France,NL,1,Western,0,1982,2,1,1946,1955,France,0
d8e99219,France,2,NL,NL,0,Western,1,1956,2,1,1929,1931,France,0
d8ec8111,NL,1,NL,NL,0,Western,1,1969,2,1,1933,1937,NL,1
d8f0d63a,NL,2,NL,NL,0,Western,1,1955,2,1,1921,1918,NL,1
d8f47e2b,NL,2,France,NL,1,Western,1,1990,2,1,1959,1952,NL,1
d8f5f329,Egypt,2,NL,France,1,Non-Western,2,1965,2,1,1936,1927,Egypt,0
d8fd0cf4,NL,1,NL,US,1,Western,1,1988,2,1,1962,1953,NL,1
d9035357,NL,2,NL,US,1,Western,1,1998,2,1,1960,1961,NL,1
d9065034,NL,2,NL,NL,0,Western,2,1962,2,1,1923,1930,NL,1
d906fdbc,NL,1,NL,NL,0,Western,0,1985,2,1,1961,1960,NL,1
d90a90c7,NL,1,France,NL,1,Western,0,1994,2,1,1972,1961,NL,1
d90c2628,NL,1,NL,US,1,Western,0,1950,2,1,1917,1923,NL,1
d91738d4,NL,2,NL,NL,0,Western,1,1991,2,1,1970,1969,NL,1
d918a2b8,NL,1,France,NL,1,Western,2,1984,2,1,1945,1956,NL,1
d91ff16e,NL,1,NL,France,1,Western,1,1994,1,1,1955,1974,NL,1
d92e08e2,NL,1,NL,NL,0,Western,1,1998,2,1,1976,1972,NL,1
d94a1d9a,France,1,NL,NL,0,Western,1,1959,2,1,1923,1923,France,0
d94d686b,NL,2,NL,France,1,Western,0,1999,2,1,1962,1960,NL,1
d954d001,France,2,NL,NL,0,Western,1,1957,2,1,1933,1937,France,0
d95542cc,US,2,NL,NL,0,Western,1,1964,2,1,1925,1942,US,0
d95d8a6d,NL,2,NL,NL,0,Western,2,1962,2,1,1923,1940,NL,1
d9633258,NL,2,NL,France,1,Western,0,1980,2,1,1959,1945,NL,1
d974f904,NL,1,NL,NL,0,Western,2,1993,2,1,1956,1970,NL,1
d9785374,US,2,NL,NL,0,Western,0,1961,2,1,1925,1927,US,0
d978779f,NL,1,Egypt,NL,1,Western,2,1986,2,1,1954,1950,NL,1
d98435ef,France,1,NL,NL,0,Western,1,1953,2,1,1917,1919,France,0
d987aa57,NL,1,NL,NL,0,Western,2,1988,2,1,1965,1954,NL,1
d98d08c0,NL,1,NL,US,1,Western,2,1952,2,1,1915,1916,NL,1
d992f4b3,US,2,NL,NL,0,Western,0,1982,2,1,1945,1945,US,0
d996d930,US,1,NL,NL,0,Western,0,1950,2,1,1911,1913,US,0
d999bd4e,NL,2,NL,NL,0,Western,1,1952,2,1,1930,1928,NL,1
d99ceddb,France,1,NL,NL,0,Western,0,1967,2,1,1941,1933,France,0
d9afe213,France,2,US,NL,1,Western,2,1957,2,1,1920,1935,France,0
d9b574fb,NL,1,France,France,2,Western,2,1952,2,1,1929,1917,NL,1
d9b75d38,NL,2,NL,NL,0,Western,0,1969,2,1,1942,1947,NL,1
d9b8c942,France,1,NL,France,1,Western,0,1984,2,1,1954,1956,France,0
d9bc10c5,France,-,NL,NL,0,Western,2,1984,2,1,1946,1947,France,0
d9c4b678,NL,1,NL,NL,0,Western,1,1981,2,1,1947,1942,NL,1
d9c8ad79,NL,1,NL,France,1,Western,2,1969,2,1,1944,1948,NL,1
d9ca474e,NL,1,NL,NL,0,Western,1,1986,2,1,1965,1966,NL,1
d9cbac61,NL,2,France,NL,1,Western,0,1965,2,1,1934,1930,NL,1
d9d2da18,NL,1,NL,France,1,Western,0,1957,2,1,1921,1929,NL,1
d9df9b30,NL,1,NL,NL,0,Western,1,1980,2,1,1952,1954,NL,1
d9e39ede,NL,1,NL,NL,0,Western,2,1952,2,1,1918,1918,NL,1
d9e707c1,NL,2,France,France,2,Western,2,1993,2,1,1970,1964,NL,1
d9ea7dfa,NL,1,NL,NL,0,Western,2,1967,2,1,1943,1932,NL,1
d9f3bf8f,NL,2,France,France,2,Western,2,1984,2,1,1945,1950,NL,1
da041413,NL,1,NL,NL,0,Western,1,1984,2,1,1964,1957,NL,1
da066823,NL,2,NL,NL,0,Western,0,1964,2,1,1930,1927,NL,1
da09929e,NL,1,US,Egypt,2,Western,0,1956,2,1,1922,1928,NL,1
da0c74ec,NL,1,NL,NL,0,Western,2,1981,2,1,1942,1956,NL,1
da0f962d,NL,1,NL,US,1,Western,0,1950,2,1,1917,1922,NL,1
da123ecf,France,1,France,France,2,Western,1,1983,2,1,1954,1963,France,0
da174f6f,NL,1,NL,NL,0,Western,2,1992,2,1,1971,1968,NL,1
da22352b,NL,1,NL,France,1,Western,0,1994,2,1,1971,1959,NL,1
da260942,NL,2,France,France,2,Western,1,1961,2,1,1925,1938,NL,1
da28b961,NL,1,NL,France,1,Western,1,1986,2,1,1951,1961,NL,1
da2a8b8a,NL,1,NL,NL,0,Western,2,1950,2,1,1924,1912,NL,1
da2dae0e,NL,2,NL,NL,0,Western,0,1952,2,1,1920,1922,NL,1
da32ff8d,NL,2,NL,France,1,Western,1,1966,2,1,1936,1935,NL,1
da37b8c2,NL,2,France,France,2,Western,0,1954,2,1,1923,1915,NL,1
da37c27a,NL,1,NL,NL,0,Western,1,1983,2,1,1957,1955,NL,1
da3f60ae,NL,1,NL,NL,0,Western,0,1986,2,1,1957,1947,NL,1
da47f218,NL,1,France,NL,1,Western,2,1957,2,1,1921,1928,NL,1
da4b2d14,NL,2,NL,NL,0,Western,1,1969,2,1,1947,1932,NL,1
da4b80cb,Egypt,1,NL,NL,0,Non-Western,2,1952,2,1,1931,1917,Egypt,0
da4c9fca,NL,2,NL,NL,0,Western,1,1991,2,1,1971,1968,NL,1
da4dd9ff,NL,2,NL,NL,0,Western,1,1999,2,1,1968,1960,NL,1
da57c9c5,NL,1,NL,NL,0,Western,1,1989,2,1,1969,1967,NL,1
da5c7234,NL,1,France,NL,1,Western,1,1959,2,1,1934,1939,NL,1
da66edfa,France,1,NL,NL,0,Western,1,1950,2,1,1914,1923,France,0
da6769aa,NL,2,NL,NL,0,Western,1,1986,2,1,1955,1955,NL,1
da6df1cf,NL,1,NL,France,1,Western,0,1989,2,1,1950,1966,NL,1
da7514fb,NL,2,France,France,2,Western,0,1962,2,1,1923,1927,NL,1
da77f4fa,NL,2,NL,France,1,Western,2,1964,2,1,1942,1934,NL,1
da7a4239,NL,2,France,NL,1,Western,1,1980,2,1,1953,1954,NL,1
da7c83e6,NL,1,NL,NL,0,Western,2,1952,2,1,1927,1920,NL,1
da7f160a,France,1,NL,US,1,Western,1,1950,2,1,1920,1922,France,0
da887a24,France,-,NL,NL,0,Western,0,1950,2,1,1930,1916,France,0
da8a0d0e,Egypt,2,NL,NL,0,Non-Western,2,1986,2,1,1952,1966,Egypt,0
da8d8dd3,NL,1,NL,NL,0,Western,0,1986,2,1,1965,1955,NL,1
da8db3d8,NL,2,NL,NL,0,Western,0,1988,2,1,1957,1963,NL,1
da901b6e,NL,1,France,NL,1,Western,2,1957,2,1,1934,1931,NL,1
da9ace39,France,2,NL,NL,0,Western,1,1951,2,1,1929,1928,France,0
da9cf5f0,NL,2,NL,NL,0,Western,1,1982,2,1,1952,1956,NL,1
da9d0725,Egypt,1,NL,NL,0,Non-Western,1,1966,2,1,1931,1933,Egypt,0
da9d4c29,NL,2,NL,NL,0,Western,1,1959,2,1,1933,1934,NL,1
daaf0ca5,France,2,NL,NL,0,Western,0,1988,2,1,1963,1961,France,0
dab6f74a,NL,1,NL,NL,0,Western,0,1962,2,1,1937,1925,NL,1
dab830b2,NL,1,NL,NL,0,Western,2,1951,2,1,1929,1930,NL,1
dab92621,NL,2,NL,NL,0,Western,1,1993,2,1,1967,1972,NL,1
dabc57a1,NL,2,NL,NL,0,Western,2,1964,2,1,1937,1942,NL,1
dabf7daa,NL,2,NL,NL,0,Western,1,1980,2,1,1959,1953,NL,1
dac1ff54,France,1,NL,France,1,Western,0,1960,2,1,1925,1925,France,0
dac52eb9,NL,1,NL,US,1,Western,1,1963,2,1,1930,1929,NL,1
dacf3059,NL,2,NL,France,1,Western,2,1965,2,1,1942,1936,NL,1
dacf941b,France,2,NL,NL,0,Western,1,1957,2,1,1918,1935,France,0
dad63ffd,NL,2,NL,NL,0,Western,0,1969,1,1,1946,1932,NL,1
dadec196,France,1,NL,NL,0,Western,0,1988,-,1,1963,1954,France,0
dae177a0,NL,2,NL,US,1,Western,0,1981,2,1,1960,1944,NL,1
daea7364,France,1,France,NL,1,Western,2,1968,2,1,1930,1932,France,0
daed0194,NL,1,NL,France,1,Western,2,1958,2,1,1928,1926,NL,1
daf41c28,NL,2,NL,Egypt,1,Western,0,1959,2,1,1938,1934,NL,1
dafa2a29,NL,1,NL,NL,0,Western,1,1950,2,1,1919,1926,NL,1
db0296a1,NL,2,NL,France,1,Western,2,1964,2,1,1931,1935,NL,1
db074482,NL,2,NL,France,1,Western,1,1966,2,1,1944,1936,NL,1
db0e7a4a,NL,1,NL,NL,0,Western,0,1967,2,1,1937,1933,NL,1
db0f6287,NL,1,NL,NL,0,Western,2,1988,2,1,1958,1961,NL,1
db124255,NL,2,NL,NL,0,Western,1,1968,2,1,1929,1940,NL,1
db1f6ec6,NL,1,NL,NL,0,Western,2,1968,2,1,1943,1939,NL,1
db41fa59,France,2,US,France,2,Western,0,1968,2,1,1941,1938,France,0
db452b2c,NL,1,NL,NL,0,Western,1,1989,2,1,1966,1958,NL,1
db45528d,France,2,NL,NL,0,Western,2,1954,2,1,1925,1922,France,0
db49e7dd,NL,2,France,NL,1,Western,2,1984,2,1,1961,1949,NL,1
db541c7e,NL,2,France,NL,1,Western,0,1959,2,1,1926,1920,NL,1
db56e9ca,France,1,NL,NL,0,Western,1,1962,2,1,1929,1941,France,0
db59dfe8,NL,2,NL,NL,0,Western,2,1970,2,1,1934,1949,NL,1
db5d334c,NL,2,NL,NL,0,Western,1,1988,2,1,1960,1961,NL,1
db5d87db,NL,1,NL,NL,0,Western,0,1967,2,1,1942,1930,NL,1
db5e6026,NL,2,NL,NL,0,Western,1,1996,2,1,1970,1958,NL,1
db5fbe49,NL,2,France,NL,1,Western,1,1987,2,1,1955,1958,NL,1
db6065ae,NL,1,US,NL,1,Western,2,1953,2,1,1933,1920,NL,1
db633951,NL,2,NL,France,1,Western,2,1986,2,1,1956,1947,NL,1
db6935dd,NL,2,NL,US,1,Western,0,1995,2,1,1973,1963,NL,1
db70b667,NL,1,NL,NL,0,Western,1,1964,2,1,1936,1929,NL,1
db7c0b20,NL,1,US,NL,1,Western,1,1988,2,1,1965,1955,NL,1
db7c7593,NL,1,US,NL,1,Western,2,1955,2,1,1918,1916,NL,1
db7d0fcf,NL,2,NL,NL,0,Western,0,1963,2,1,1939,1928,NL,1
db83cef8,France,2,NL,NL,0,Western,2,1954,2,1,1926,1917,France,0
db87b791,NL,1,NL,NL,0,Western,0,1991,2,1,1960,1953,NL,1
db882dfc,NL,2,NL,NL,0,Western,0,1956,2,1,1925,1934,NL,1
db92cb0c,NL,1,NL,France,1,Western,2,1991,2,1,1955,1952,NL,1
db946014,NL,2,NL,NL,0,Western,-,1987,2,1,1966,1966,NL,1
dba9a38b,NL,1,NL,NL,0,Western,2,1960,2,1,1925,1923,NL,1
dbac0d1c,NL,2,NL,NL,0,Western,2,1959,2,1,1923,1931,NL,1
dbaf3ff3,NL,2,NL,NL,0,Western,2,1985,2,1,1964,1951,NL,1
dbb567dc,NL,2,France,NL,1,Western,1,1965,2,1,1935,1944,NL,1
dbc01811,NL,1,France,NL,1,Western,1,1957,2,1,1930,1936,NL,1
dbce9efd,France,1,NL,France,1,Western,1,1962,2,1,1939,1941,France,0
dbcf1ed4,NL,1,NL,NL,0,Western,2,1983,2,1,1959,1951,NL,1
dbd39748,NL,2,France,France,2,Western,2,1963,2,1,1932,1926,NL,1
dbd66dc7,NL,2,NL,NL,0,Western,2,1954,2,1,1929,1915,NL,1
dbd6f6a7,NL,1,France,France,2,Western,1,1987,2,1,1952,1962,NL,1
dbd9c031,NL,1,NL,NL,0,Western,-,1980,2,1,1947,1954,NL,1
dbdaa700,NL,2,NL,NL,0,Western,2,1986,2,1,1966,1956,NL,1
dbe17bf3,NL,2,NL,US,1,Western,0,1999,2,1,1977,1977,NL,1
dbe2d5a3,NL,1,France,NL,1,Western,0,1991,2,1,1952,1953,NL,1
dbe579e7,NL,2,NL,France,1,Western,0,1996,2,1,1959,1958,NL,1
dbe5fdd3,NL,2,NL,France,1,Western,1,1997,2,1,1977,1962,NL,1
dbefe904,NL,1,NL,NL,0,Western,1,1950,2,2,1919,1916,NL,1
dbf3e79e,France,2,France,NL,1,Western,0,1961,2,1,1933,1923,France,0
dc001fa2,NL,2,NL,NL,0,Western,1,1990,2,1,1966,1962,NL,1
dc0a2f34,NL,1,NL,NL,0,Western,1,1965,2,1,1938,1935,NL,1
dc0a3b20,France,2,France,France,2,Western,0,1989,2,1,1954,1953,France,0
dc0c2981,NL,1,France,NL,1,Western,0,1952,2,1,1918,1932,NL,1
dc13b5ba,NL,2,NL,France,1,Western,0,1987,2,1,1965,1961,NL,1
dc1426e0,NL,1,NL,NL,0,Western,2,1987,-,1,1951,1962,NL,1
dc15c06c,NL,1,France,France,2,Western,2,1959,2,1,1939,1938,NL,1
dc1688dd,NL,1,NL,France,1,Western,1,1953,2,1,1930,1920,NL,1
dc179d73,NL,2,NL,NL,0,Western,0,1967,2,1,1932,1931,NL,1
dc1b3857,NL,1,NL,NL,0,Western,1,1950,2,1,1914,1912,NL,1
dc1e8745,France,2,NL,France,1,Western,1,1988,2,1,1960,1951,France,0
dc1eb86d,NL,1,US,NL,1,Western,1,1988,2,1,1960,1966,NL,1
dc1f4d76,NL,1,NL,NL,0,Western,1,1982,2,1,1953,1945,NL,1
dc2426f0,NL,1,NL,NL,0,Western,2,1970,2,1,1950,1942,NL,1
dc2945b9,NL,1,NL,France,1,Western,1,1963,2,1,1927,1930,NL,1
dc2bd5fa,France,2,NL,NL,0,Western,2,1990,2,1,1956,1961,France,0
dc2dedaa,NL,1,NL,US,1,Western,2,1985,2,1,1963,1960,NL,1
dc34417a,France,1,France,NL,1,Western,2,1963,2,1,1928,1932,France,0
dc47084b,NL,2,Egypt,NL,1,Western,1,1995,2,1,1965,1965,NL,1
dc48b196,NL,2,NL,France,1,Western,2,1954,2,1,1922,1925,NL,1
dc52e3fe,NL,2,NL,NL,0,Western,0,1969,2,1,1930,1943,NL,1
dc58167d,US,2,NL,NL,0,Western,1,1960,2,1,1935,1938,US,0
dc6e548a,France,1,NL,NL,0,Western,0,1954,2,1,1934,1933,France,0
dc7304bb,NL,1,NL,NL,0,Western,2,1961,2,1,1929,1939,NL,1
dc73b12d,NL,1,NL,NL,0,Western,0,1950,2,1,1911,1918,NL,1
dc741699,NL,1,France,France,2,Western,0,1981,2,1,1956,1956,NL,1
dc765d7d,NL,2,NL,NL,0,Western,2,1957,2,1,1927,1924,NL,1
dc791a97,NL,1,NL,NL,0,Western,1,1968,2,1,1941,1938,NL,1
dc7cff34,NL,2,NL,NL,0,Western,1,1952,2,1,1923,1913,NL,1
dc7f0784,France,2,NL,NL,0,Western,0,1970,2,1,1946,1940,France,0
dc8f9423,NL,2,NL,NL,0,Western,0,1985,2,1,1961,1951,NL,1
dc8fef6b,NL,1,NL,NL,0,Western,1,1992,2,1,1965,1954,NL,1
dc951fc2,NL,1,France,NL,1,Western,0,1967,2,1,1945,1938,NL,1
dca239a4,NL,1,France,NL,1,Western,1,1956,2,1,1923,1933,NL,1
dca308cf,France,2,France,NL,1,Western,0,1982,2,1,1962,1945,France,0
dca9d77a,NL,1,NL,NL,0,Western,1,1953,2,1,1928,1920,NL,1
dcaa910c,Egypt,1,NL,NL,0,Non-Western,0,1970,2,1,1949,1934,Egypt,0
dcb2bf33,France,1,NL,NL,0,Western,0,1956,2,1,1926,1923,France,0
dcb44842,NL,2,NL,NL,0,Western,0,1967,2,1,1945,1940,NL,1
dcb7b0b7,NL,2,NL,NL,0,Western,0,1962,2,1,1930,1933,NL,1
dcbdfe5a,NL,1,NL,NL,0,Western,0,1996,2,1,1973,1970,NL,1
dcc3a895,NL,1,NL,NL,0,Western,0,1987,2,1,1955,1963,NL,1
dcc6a2c7,NL,2,NL,France,1,Western,1,1958,2,1,1921,1930,NL,1
dcc87dfd,France,1,NL,NL,0,Western,1,1964,2,1,1942,1942,France,0
dccd2b3e,NL,2,France,France,2,Western,1,1953,2,1,1916,1918,NL,1
dcdaefce,NL,2,NL,NL,0,Western,2,1991,2,1,1955,1954,NL,1
dce1fb22,NL,2,NL,NL,0,Western,1,1985,2,1,1955,1955,NL,1
dce43cfc,NL,2,France,NL,1,Western,1,1964,2,1,1930,1928,NL,1
dce4efe3,NL,1,NL,France,1,Western,2,1992,2,1,1953,1960,NL,1
dce5cb69,NL,1,NL,France,1,Western,1,1956,2,1,1934,1926,NL,1
dce61a3f,NL,2,NL,Egypt,1,Western,0,1955,2,1,1926,1927,NL,1
dceb4438,France,2,NL,NL,0,Western,2,1967,2,1,1943,1941,France,0
dceb945b,NL,2,France,NL,1,Western,1,1981,2,1,1944,1956,NL,1
dcf30c29,NL,2,France,NL,1,Western,0,1959,2,1,1934,1927,NL,1
dcf8d6db,NL,2,France,France,2,Western,0,1996,2,1,1968,1961,NL,1
dcfde30c,NL,2,NL,Egypt,1,Western,0,1993,2,1,1959,1959,NL,1
dd196093,Egypt,1,France,NL,1,Non-Western,0,1957,2,1,1937,1930,Egypt,0
dd1dc15c,NL,2,US,NL,1,Western,2,1956,2,1,1926,1917,NL,1
dd1f7faa,NL,1,NL,France,1,Western,0,1961,2,1,1934,1940,NL,1
dd209b4a,France,-,NL,France,1,Western,1,1958,1,1,1920,1929,France,0
dd299f89,NL,1,NL,France,1,Western,1,1994,2,1,1974,1970,NL,1
dd325ba4,NL,1,NL,US,1,Western,1,1989,2,1,1964,1968,NL,1
dd33a4b7,France,1,NL,NL,0,Western,0,1955,2,1,1926,1926,France,0
dd35bdeb,NL,2,NL,NL,0,Western,1,1970,2,1,1933,1947,NL,1
dd3a6eeb,NL,2,US,France,2,Western,1,1984,2,1,1951,1947,NL,1
dd4a376b,NL,2,NL,NL,0,Western,1,1963,2,1,1927,1932,NL,1
dd4dc8de,NL,1,NL,NL,0,Western,1,1992,2,1,1969,1957,NL,1
dd4dcb51,NL,2,NL,NL,0,Western,2,1986,2,1,1956,1964,NL,1
dd544075,NL,1,France,NL,1,Western,1,1999,2,1,1971,1967,NL,1
dd588325,NL,2,NL,France,1,Western,1,1968,2,1,1933,1934,NL,1
dd5ef0fb,NL,1,NL,NL,0,Western,0,1988,2,1,1957,1952,NL,1
dd7641d8,NL,1,NL,NL,0,Western,1,1991,2,1,1966,1963,NL,1
dd79245f,NL,2,NL,France,1,Western,0,1950,2,1,1916,1923,NL,1
dd81898c,NL,2,NL,NL,0,Western,1,1990,2,1,1965,1969,NL,1
dd83b9ca,NL,2,NL,NL,0,Western,2,1957,2,1,1928,1921,NL,1
dd876649,France,1,NL,NL,0,Western,2,1980,2,1,1954,1950,France,0
dda26fd8,France,2,NL,France,1,Western,1,1967,2,1,1947,1939,France,0
dda28be1,NL,1,NL,NL,0,Western,2,1962,2,1,1935,1928,NL,1
dda84237,NL,2,NL,NL,0,Western,0,1989,2,1,1966,1951,NL,1
dda8c684,NL,1,France,NL,1,Western,2,1970,2,1,1931,1933,NL,1
ddb497f4,NL,2,NL,France,1,Western,2,1954,2,1,1932,1916,NL,1
ddb5f250,NL,2,France,NL,1,Western,1,1966,2,1,1944,1940,NL,1
ddc0e4f9,NL,2,NL,NL,0,Western,2,1960,2,1,1936,1931,NL,1
ddc45445,France,1,NL,NL,0,Western,1,1957,2,1,1925,1927,France,0
ddc50f57,NL,2,France,France,2,Western,0,1968,2,1,1934,1941,NL,1
dde674c7,NL,1,NL,France,1,Western,0,1986,2,1,1952,1947,NL,1
dde6d42c,France,1,NL,France,1,Western,1,1950,2,1,1927,1928,France,0
ddea9f39,NL,1,NL,NL,0,Western,0,1962,2,1,1935,1926,NL,1
ddeda2d7,NL,2,France,NL,1,Western,2,1968,2,1,1932,1941,NL,1
ddfca034,NL,2,NL,NL,0,Western,0,1957,2,1,1924,1924,NL,1
de0970f1,NL,1,France,NL,1,Western,2,1956,2,1,1928,1933,NL,1
de146c7c,France,1,NL,France,1,Western,2,1983,2,1,1948,1944,France,0
de2a2159,France,2,US,NL,1,Western,0,1982,2,1,1958,1956,France,0
de2ac234,NL,2,NL,France,1,Western,0,1995,2,1,1957,1973,NL,1
de3371c2,NL,2,NL,NL,0,Western,1,1950,2,1,1912,1928,NL,1
de37f2bb,France,1,France,NL,1,Western,1,1950,-,1,1925,1924,France,0
de3aae98,NL,1,NL,NL,0,Western,0,1958,2,1,1923,1938,NL,1
de3c5dc2,NL,2,NL,NL,0,Western,0,1970,1,1,1934,1944,NL,1
de433bf9,NL,2,NL,NL,0,Western,1,1968,2,1,1937,1932,NL,1
de5224c1,France,2,NL,NL,0,Western,0,1986,2,1,1951,1953,France,0
de53d736,NL,2,NL,NL,0,Western,1,1963,2,1,1941,1936,NL,1
de5b919a,France,1,NL,NL,0,Western,0,1989,2,1,1968,1956,France,0
de5db94b,NL,2,NL,NL,0,Western,0,1983,2,1,1963,1956,NL,1
de5ed1f0,NL,1,NL,NL,0,Western,0,1986,2,1,1951,1957,NL,1
de6a9db9,NL,2,NL,France,1,Western,1,1950,2,1,1929,1918,NL,1
de6f3239,NL,1,France,NL,1,Western,0,1988,2,1,1949,1952,NL,1
de7f20c3,NL,2,NL,NL,0,Western,2,1954,2,1,1931,1924,NL,1
de7f4220,NL,1,France,NL,1,Western,0,1986,1,1,1958,1955,NL,1
de7f9ca7,NL,1,NL,NL,0,Western,0,1983,2,1,1945,1950,NL,1
de91193f,NL,1,France,NL,1,Western,1,1991,2,1,1963,1966,NL,1
de92a9d0,NL,1,NL,NL,0,Western,1,1997,2,1,1962,1976,NL,1
dea33bac,NL,2,France,NL,1,Western,1,1987,2,1,1948,1966,NL,1
deb1a7db,NL,1,France,NL,1,Western,1,1986,2,1,1960,1948,NL,1
deb26c8e,NL,1,NL,NL,0,Western,0,1951,2,1,1915,1912,NL,1
deb35d22,NL,1,US,NL,1,Western,1,1952,2,1,1932,1924,NL,1
deb491e6,NL,2,NL,NL,0,Western,0,1967,2,1,1944,1946,NL,1
deb88404,NL,2,NL,NL,0,Western,0,1964,2,1,1936,1933,NL,1
dec56b45,NL,2,France,NL,1,Western,2,1991,2,1,1964,1954,NL,1
decda1d8,France,2,NL,NL,0,Western,1,1988,2,1,1954,1965,France,0
decfccf3,NL,2,NL,France,1,Western,2,1957,2,1,1921,1928,NL,1
ded92602,NL,2,France,NL,1,Western,1,1985,2,2,1953,1957,NL,1
deea74c6,NL,2,NL,NL,0,Western,0,1955,2,1,1935,1924,NL,1
deeb10cb,NL,1,NL,NL,0,Western,0,1954,2,1,1930,1917,NL,1
def4c7b7,NL,1,NL,NL,0,Western,0,1999,2,1,1976,1963,NL,1
def74577,NL,1,NL,NL,0,Western,1,1982,2,1,1943,1958,NL,1
defabb37,NL,2,France,NL,1,Western,0,1962,2,1,1940,1942,NL,1
df06eeb3,US,2,NL,NL,0,Western,0,1982,2,1,1946,1959,US,0
df08b2be,NL,1,NL,France,1,Western,0,1982,2,1,1946,1945,NL,1
df0b7c57,NL,1,NL,France,1,Western,1,1982,2,1,1962,1952,NL,1
df112a91,NL,1,NL,NL,0,Western,1,1967,2,1,1931,1941,NL,1
df15f92b,NL,1,NL,NL,0,Western,2,1998,2,1,1959,1976,NL,1
df17e2d1,NL,2,France,NL,1,Western,2,1954,2,1,1923,1934,NL,1
df182687,NL,1,NL,NL,0,Western,-,1995,2,1,1970,1964,NL,1
df20f589,NL,2,Egypt,NL,1,Western,0,1985,2,1,1953,1956,NL,1
df216ad9,NL,2,NL,NL,0,Western,1,1970,2,1,1931,1947,NL,1
df21ecb0,NL,2,NL,NL,0,Western,2,1957,2,1,1928,1935,NL,1
df25afdb,NL,1,NL,France,1,Western,0,1963,2,1,1936,1941,NL,1
df2b391f,NL,2,NL,NL,0,Western,2,1999,2,1,1979,1970,NL,1
df308398,NL,1,NL,NL,0,Western,1,1966,2,1,1945,1930,NL,1
df3aa4c9,NL,2,NL,France,1,Western,1,1983,2,1,1944,1958,NL,1
df3b2e74,NL,1,NL,NL,0,Western,1,1984,2,1,1954,1948,NL,1
df3da3a9,NL,2,France,NL,1,Western,1,1957,2,1,1920,1922,NL,1
df43b058,France,1,France,NL,1,Western,2,1968,2,1,1945,1943,France,0
df4b3395,NL,2,France,NL,1,Western,-,1970,2,1,1935,1947,NL,1
df4ef91b,France,1,NL,NL,0,Western,0,1982,2,1,1947,1959,France,0
df630366,NL,1,NL,NL,0,Western,1,1994,2,1,1958,1972,NL,1
df649ab5,NL,2,NL,NL,0,Western,0,1966,2,1,1938,1944,NL,1
df6704b9,NL,1,NL,NL,0,Western,2,1986,2,1,1964,1957,NL,1
df68249b,NL,1,NL,NL,0,Western,0,1999,2,1,1979,1973,NL,1
df685ae5,NL,2,NL,NL,0,Western,2,1969,2,1,1936,1946,NL,1
df6a67f3,NL,1,NL,NL,0,Western,0,1995,2,1,1975,1969,NL,1
df6e9886,NL,2,NL,NL,0,Western,2,1952,2,1,1919,1932,NL,1
df6edb75,NL,2,NL,US,1,Western,2,1959,2,1,1922,1926,NL,1
df75d0ab,NL,2,NL,NL,0,Western,0,1966,2,1,1935,1930,NL,1
df8918a2,NL,2,NL,NL,0,Western,1,1983,2,1,1944,1946,NL,1
df8c590e,NL,2,NL,NL,0,Western,1,1967,2,1,1942,1940,NL,1
df95c42b,NL,1,NL,France,1,Western,1,1987,2,1,1966,1959,NL,1
df9b023d,US,1,NL,NL,0,Western,1,1981,2,1,1944,1949,US,0
dfa314aa,NL,1,NL,NL,0,Western,0,1988,2,1,1951,1959,NL,1
dfa406c6,France,2,France,NL,1,Western,0,1985,2,1,1958,1956,France,0
dfa7ce00,NL,2,NL,France,1,Western,0,1960,2,1,1923,1925,NL,1
dfaf3b92,NL,2,NL,France,1,Western,2,1998,-,1,1970,1968,NL,1
dfb24399,NL,2,NL,France,1,Western,2,1993,2,1,1957,1959,NL,1
dfb54ce4,NL,2,France,NL,1,Western,2,1961,2,1,1928,1931,NL,1
dfb62c53,NL,2,NL,NL,0,Western,1,1952,2,1,1915,1925,NL,1
dfba4120,NL,1,NL,NL,0,Western,0,1967,2,1,1933,1931,NL,1
dfbaa685,NL,1,NL,NL,0,Western,1,1963,2,1,1943,1927,NL,1
dfc20164,NL,2,NL,NL,0,Western,1,1994,2,1,1973,1970,NL,1
dfc310f4,NL,1,NL,NL,0,Western,0,1993,2,1,1972,1973,NL,1
dfc676e5,NL,2,NL,NL,0,Western,2,1960,2,1,1925,1930,NL,1
dfcae0dc,NL,1,NL,NL,0,Western,0,1966,2,1,1943,1936,NL,1
dfcd60c3,NL,1,NL,NL,0,Western,1,1989,2,1,1950,1961,NL,1
dfdff3f6,France,1,Egypt,Egypt,2,Western,0,1982,2,1,1956,1947,France,0
dfe359f8,NL,1,NL,NL,0,Western,1,1953,2,1,1926,1933,NL,1
dfe61860,NL,1,NL,NL,0,Western,1,1991,2,1,1952,1963,NL,1
dfeb08a9,NL,2,NL,NL,0,Western,0,1958,2,1,1920,1936,NL,1
dfeef6ce,NL,2,NL,NL,0,Western,0,1959,2,2,1936,1936,NL,1
dff0098c,NL,2,France,France,2,Western,2,1980,2,1,1949,1941,NL,1
e000cd32,NL,1,France,France,2,Western,2,1980,2,1,1950,1955,NL,1
e005a1d1,France,2,France,NL,1,Western,2,1962,2,1,1926,1923,France,0
e00b74d6,NL,1,NL,NL,0,Western,0,1956,2,1,1917,1931,NL,1
e03559e4,NL,2,NL,NL,0,Western,0,1987,2,1,1964,1964,NL,1
e042f8a7,NL,2,NL,NL,0,Western,0,1982,2,1,1945,1956,NL,1
e0451f75,NL,1,NL,NL,0,Western,0,1984,2,1,1947,1950,NL,1
e04ac180,NL,1,NL,NL,0,Western,1,1968,1,1,1944,1942,NL,1
e04d2d56,NL,2,NL,NL,0,Western,1,1985,2,1,1948,1949,NL,1
e05bc644,NL,1,NL,NL,0,Western,0,1954,2,1,1926,1919,NL,1
e05c19fe,NL,1,NL,NL,0,Western,2,1987,2,1,1959,1951,NL,1
e05cb83d,France,2,NL,NL,0,Western,0,1953,2,1,1920,1915,France,0
e06750bf,NL,1,NL,NL,0,Western,0,1960,2,1,1936,1940,NL,1
e0728742,NL,1,NL,NL,0,Western,0,1998,2,1,1965,1966,NL,1
e0733a82,NL,2,NL,NL,0,Western,0,1985,2,1,1962,1946,NL,1
e0762494,Egypt,1,NL,NL,0,Non-Western,0,1952,2,1,1926,1932,Egypt,0
e079c174,France,1,NL,France,1,Western,2,1954,2,1,1933,1922,France,0
e07f2818,NL,1,NL,NL,0,Western,2,1982,2,1,1952,1960,NL,1
e081c1d5,NL,1,NL,France,1,Western,2,1962,2,1,1926,1932,NL,1
e087fd18,France,1,NL,NL,0,Western,0,1985,2,1,1950,1949,France,0
e091df13,NL,1,NL,France,1,Western,0,1980,2,1,1951,1941,NL,1
e0aa44ca,NL,2,Egypt,France,2,Western,1,1981,2,1,1947,1949,NL,1
e0ae38d5,NL,1,NL,NL,0,Western,0,1982,2,1,1955,1948,NL,1
e0b5acfa,NL,2,NL,NL,0,Western,2,1957,2,1,1924,1935,NL,1
e0b5f2bf,NL,2,NL,NL,0,Western,1,1984,2,1,1950,1960,NL,1
e0b732d3,NL,1,France,NL,1,Western,1,1983,2,1,1950,1961,NL,1
e0b9bf5e,France,2,NL,NL,0,Western,0,1962,2,1,1936,1930,France,0
e0bd9ed6,NL,2,NL,France,1,Western,0,1993,2,1,1965,1957,NL,1
e0ca292c,NL,2,NL,NL,0,Western,0,1960,2,1,1938,1926,NL,1
e0cb061c,NL,1,NL,NL,0,Western,0,1994,2,1,1956,1956,NL,1
e0d780d2,NL,2,NL,NL,0,Western,0,1983,2,1,1957,1957,NL,1
e0e3cea0,NL,2,France,NL,1,Western,1,1991,2,1,1965,1956,NL,1
e0e5109d,NL,2,NL,NL,0,Western,0,1951,2,1,1925,1924,NL,1
e0ea2440,NL,1,NL,NL,0,Western,1,1953,1,1,1929,1929,NL,1
e0ef3901,France,2,Egypt,NL,1,Western,0,1964,2,1,1925,1944,France,0
e0f43484,France,2,NL,NL,0,Western,1,1954,2,1,1920,1934,France,0
e0f55861,US,1,NL,NL,0,Western,2,1981,2,1,1943,1942,US,0
e0f6f66b,NL,1,France,NL,1,Western,1,1954,2,1,1917,1922,NL,1
e0f705e4,NL,2,NL,France,1,Western,0,1998,2,1,1960,1978,NL,1
e1010ca5,France,1,NL,NL,0,Western,0,1952,2,1,1923,1923,France,0
e1059202,NL,1,NL,France,1,Western,2,1963,2,1,1934,1925,NL,1
e1096ae8,NL,1,France,NL,1,Western,1,1992,2,1,1959,1967,NL,1
e11fc0a7,NL,1,NL,NL,0,Western,1,1989,2,1,1966,1968,NL,1
e120aa0d,NL,1,US,Egypt,2,Western,2,1970,2,1,1932,1936,NL,1
e1222d11,NL,1,NL,NL,0,Western,1,1964,2,1,1944,1926,NL,1
e12abfc7,NL,2,NL,US,1,Western,1,1985,2,1,1962,1961,NL,1
e134831f,NL,1,France,NL,1,Western,1,1969,2,1,1943,1934,NL,1
e13846f7,NL,2,NL,NL,0,Western,2,1955,2,1,1933,1920,NL,1
e13ed11f,NL,1,NL,France,1,Western,1,1950,2,1,1928,1923,NL,1
e13fa51d,France,1,NL,France,1,Western,2,1966,2,1,1945,1936,France,0
e142c7cb,NL,2,NL,NL,0,Western,2,1963,2,1,1935,1931,NL,1
e1448a03,NL,2,NL,NL,0,Western,0,1982,2,1,1960,1961,NL,1
e14a202f,France,2,NL,NL,0,Western,2,1968,2,1,1945,1935,France,0
e154caa9,NL,2,NL,NL,0,Western,2,1969,2,1,1931,1933,NL,1
e15dbd0a,NL,-,NL,NL,0,Western,0,1992,2,1,1963,1964,NL,1
e15e7a64,NL,2,NL,NL,0,Western,1,1994,2,1,1974,1965,NL,1
e174aa1c,NL,1,NL,US,1,Western,1,1990,2,1,1961,1970,NL,1
e17862a9,NL,2,France,NL,1,Western,1,1961,2,1,1932,1939,NL,1
e179a50e,NL,2,NL,NL,0,Western,0,1980,2,1,1958,1948,NL,1
e189d4ff,NL,2,NL,NL,0,Western,2,1987,2,1,1955,1958,NL,1
e18b3bd1,NL,2,NL,NL,0,Western,2,1995,2,1,1969,1956,NL,1
e1934976,NL,2,NL,NL,0,Western,2,1960,2,1,1927,1928,NL,1
e19b6314,NL,2,NL,NL,0,Western,0,1988,2,1,1962,1954,NL,1
e19b9b08,NL,2,NL,NL,0,Western,1,1964,2,1,1929,1925,NL,1
e19c9535,NL,2,NL,NL,0,Western,1,1953,2,1,1916,1916,NL,1
e1ae37d1,NL,1,NL,NL,0,Western,1,1986,2,1,1954,1952,NL,1
e1bbfa99,NL,1,NL,NL,0,Western,0,1998,2,1,1968,1966,NL,1
e1c20963,NL,1,NL,NL,0,Western,2,1990,2,1,1969,1968,NL,1
e1c24436,NL,2,France,NL,1,Western,0,1958,2,1,1921,1930,NL,1
e1d8dd51,NL,1,France,NL,1,Western,2,1987,2,1,1949,1966,NL,1
e1dfddc1,NL,1,NL,NL,0,Western,1,1983,2,1,1947,1945,NL,1
e1e23572,France,1,NL,NL,0,Western,0,1986,2,1,1955,1960,France,0
e1e483e4,France,1,NL,NL,0,Western,1,1951,2,1,1929,1920,France,0
e1e6435d,NL,2,NL,NL,0,Western,2,1995,2,1,1969,1969,NL,1
e1ea6780,NL,1,NL,NL,0,Western,2,1957,2,1,1920,1932,NL,1
e1eaaa23,NL,2,NL,NL,0,Western,0,1956,2,1,1923,1925,NL,1
e1f56d96,NL,1,France,NL,1,Western,2,1952,2,1,1929,1927,NL,1
e1ff2e83,NL,1,US,NL,1,Western,2,1953,2,1,1921,1933,NL,1
e202dda8,France,2,NL,NL,0,Western,0,1968,2,1,1944,1946,France,0
e20c50e0,France,2,NL,NL,0,Western,1,1952,2,1,1915,1925,France,0
e2150888,NL,1,NL,NL,0,Western,1,1987,2,1,1966,1965,NL,1
e21baedf,NL,2,US,NL,1,Western,0,1952,2,1,1920,1929,NL,1
e21c61b6,NL,2,NL,NL,0,Western,0,1986,2,1,1949,1959,NL,1
e2279975,NL,1,NL,NL,0,Western,0,1959,2,1,1932,1923,NL,1
e22b46f8,NL,1,NL,France,1,Western,0,1964,2,1,1926,1941,NL,1
e23935eb,NL,1,NL,NL,0,Western,0,1982,2,1,1954,1958,NL,1
e24152fa,NL,1,France,NL,1,Western,1,1996,2,1,1966,1967,NL,1
e243f672,NL,2,NL,NL,0,Western,1,1987,2,1,1952,1955,NL,1
e24717b7,NL,2,NL,NL,0,Western,1,1960,2,1,1931,1929,NL,1
e24b505f,NL,2,France,France,2,Western,0,1960,2,1,1925,1925,NL,1
e25780f9,NL,2,Egypt,NL,1,Western,0,1989,2,1,1969,1965,NL,1
e25b80c5,NL,1,NL,NL,0,Western,1,1983,2,1,1959,1945,NL,1
e26250c7,NL,1,France,NL,1,Western,0,1951,2,1,1922,1912,NL,1
e26d108f,NL,2,NL,France,1,Western,0,1968,2,1,1940,1935,NL,1
e26e0722,NL,2,France,NL,1,Western,1,1957,2,1,1933,1933,NL,1
e26f3295,NL,2,NL,NL,0,Western,1,1958,2,1,1935,1935,NL,1
e272760d,France,2,NL,France,1,Western,1,1968,2,1,1948,1932,France,0
e27be811,NL,1,NL,NL,0,Western,1,1991,1,1,1967,1965,NL,1
e28390f5,NL,2,NL,NL,0,Western,0,1955,2,1,1926,1919,NL,1
e283a026,NL,1,NL,NL,0,Western,2,1955,2,1,1917,1925,NL,1
e2860bc3,NL,1,NL,NL,0,Western,1,1982,2,1,1943,1961,NL,1
e2879bfc,NL,1,NL,NL,0,Western,0,1962,2,1,1926,1940,NL,1
e2925090,France,2,France,NL,1,Western,1,1969,2,-,1934,1949,France,0
e29699a6,NL,1,France,France,2,Western,-,1981,2,1,1944,1951,NL,1
e2999399,NL,2,NL,NL,0,Western,1,1985,2,1,1954,1959,NL,1
e29d8f80,NL,1,NL,NL,0,Western,1,1992,2,1,1968,1953,NL,1
e29e254f,NL,1,France,NL,1,Western,1,1990,2,1,1970,1969,NL,1
e2a7d205,NL,2,NL,NL,0,Western,1,1954,2,1,1920,1929,NL,1
e2a99b23,NL,1,NL,NL,0,Western,2,1990,2,1,1957,1956,NL,1
e2a9e846,NL,1,France,France,2,Western,0,1968,2,1,1938,1937,NL,1
e2ae1a02,NL,2,NL,NL,0,Western,0,1980,2,1,1948,1948,NL,1
e2b6f343,NL,2,NL,NL,0,Western,0,1985,2,1,1946,1962,NL,1
e2bd8eaa,NL,1,France,NL,1,Western,1,1970,2,1,1942,1933,NL,1
e2c2af70,NL,-,NL,NL,0,Western,1,1959,2,1,1926,1921,NL,1
e2c52f8e,NL,1,NL,NL,0,Western,0,1957,2,1,1926,1928,NL,1
e2c83c1e,NL,1,NL,NL,0,Western,1,1959,2,1,1937,1924,NL,1
e2d4c46c,NL,2,NL,NL,0,Western,2,1953,2,1,1921,1916,NL,1
e2d629e7,France,1,NL,NL,0,Western,2,1984,2,1,1963,1948,France,0
e2d78c77,NL,2,NL,NL,0,Western,2,1954,2,1,1928,1919,NL,1
e2dadf20,NL,2,NL,France,1,Western,1,1994,2,1,1957,1974,NL,1
e2e4fa18,NL,1,NL,France,1,Western,2,1968,2,1,1930,1935,NL,1
e2ebf10b,NL,2,NL,NL,0,Western,0,1956,2,1,1935,1926,NL,1
e2f17f10,NL,1,France,NL,1,Western,0,1969,2,1,1946,1948,NL,1
e2f99bf9,France,1,NL,NL,0,Western,2,1958,2,1,1928,1930,France,0
e2fc0e75,NL,-,France,US,2,Western,1,1983,2,1,1950,1951,NL,1
e2fca8d7,France,2,NL,NL,0,Western,0,1958,2,1,1927,1919,France,0
e308274d,NL,1,NL,NL,0,Western,1,1983,2,1,1962,1955,NL,1
e30a6d9e,NL,2,France,NL,1,Western,1,1954,2,1,1931,1919,NL,1
e310168f,NL,1,NL,NL,0,Western,0,1967,2,1,1935,1931,NL,1
e318611f,NL,1,NL,NL,0,Western,1,1993,2,1,1971,1963,NL,1
e31b757a,NL,1,NL,France,1,Western,0,1963,2,1,1942,1933,NL,1
e3208e08,France,2,NL,NL,0,Western,2,1985,2,1,1956,1960,France,0
e320913e,NL,2,France,NL,1,Western,1,1980,2,1,1945,1945,NL,1
e321b55c,NL,2,France,NL,1,Western,-,1951,2,1,1926,1922,NL,1
e321cb23,Egypt,2,NL,NL,0,Non-Western,2,1957,2,1,1933,1928,Egypt,0
e3275450,NL,1,France,France,2,Western,2,1980,2,1,1958,1957,NL,1
e32df308,NL,2,NL,NL,0,Western,1,1965,2,1,1944,1942,NL,1
e332b30d,NL,1,NL,NL,0,Western,0,1984,2,1,1945,1962,NL,1
e33fd85a,NL,1,NL,NL,0,Western,1,1989,2,1,1966,1955,NL,1
e34b7877,NL,1,NL,NL,0,Western,1,1952,2,1,1918,1928,NL,1
e34cd657,NL,1,NL,NL,0,Western,1,1967,2,1,1943,1941,NL,1
e360b644,NL,1,France,France,2,Western,1,1968,2,1,1940,1940,NL,1
e36106bd,NL,2,NL,US,1,Western,2,1959,2,1,1939,1928,NL,1
e363faa8,NL,2,US,NL,1,Western,1,1991,2,1,1952,1963,NL,1
e3656ee5,NL,1,France,NL,1,Western,1,1988,2,1,1956,1952,NL,1
e366b998,France,2,NL,NL,0,Western,2,1953,2,1,1933,1922,France,0
e369d7ca,NL,1,NL,NL,0,Western,1,1981,2,1,1961,1949,NL,1
e381510e,NL,2,France,NL,1,Western,2,1954,2,1,1928,1919,NL,1
e38201c0,Egypt,1,NL,NL,0,Non-Western,2,1985,2,1,1949,1960,Egypt,0
e382d17a,NL,1,NL,NL,0,Western,1,1953,2,1,1925,1918,NL,1
e3860635,NL,2,Egypt,NL,1,Western,0,1996,2,1,1961,1971,NL,1
e3888b48,NL,2,NL,NL,0,Western,2,1991,2,1,1960,1967,NL,1
e38a009c,France,1,NL,NL,0,Western,0,1963,2,1,1925,1930,France,0
e393a3d1,Egypt,1,US,NL,1,Non-Western,2,1985,2,1,1957,1962,Egypt,0
e3985fdb,NL,1,NL,NL,0,Western,1,1951,2,1,1922,1929,NL,1
e39ba7eb,NL,1,NL,France,1,Western,0,1985,-,1,1953,1952,NL,1
e39bfa96,NL,2,NL,NL,0,Western,0,1997,2,1,1971,1966,NL,1
e39c1cf4,NL,2,NL,NL,0,Western,0,1991,2,1,1966,1964,NL,1
e39efa8a,NL,2,NL,NL,0,Western,0,1952,2,1,1929,1926,NL,1
e3a0c0d6,NL,2,NL,NL,0,Western,1,1955,2,1,1917,1929,NL,1
e3a7c91f,NL,1,France,NL,1,Western,2,1985,2,1,1950,1947,NL,1
e3ab7355,NL,2,NL,NL,0,Western,0,1959,2,1,1922,1924,NL,1
e3bbfc6b,NL,2,NL,NL,0,Western,0,1991,2,1,1968,1970,NL,1
e3cf421a,NL,1,NL,NL,0,Western,1,1989,2,1,1969,1966,NL,1
e3d46adc,NL,2,US,NL,1,Western,2,1982,2,1,1948,1948,NL,1
e3df1717,NL,1,NL,NL,0,Western,1,1959,2,1,1920,1934,NL,1
e3e0ebe8,NL,2,NL,NL,0,Western,1,1994,2,1,1964,1962,NL,1
e3e409a5,NL,2,NL,NL,0,Western,0,1968,2,1,1937,1943,NL,1
e3eec04e,US,2,NL,France,1,Western,1,1982,2,1,1943,1961,US,0
e3f6552a,France,2,NL,NL,0,Western,2,1959,2,1,1937,1922,France,0
e3fa11ea,NL,1,US,NL,1,Western,0,1987,2,1,1952,1950,NL,1
e3fb2eed,NL,2,NL,NL,0,Western,0,1967,2,1,1942,1942,NL,1
e3fd23ca,France,2,NL,NL,0,Western,1,1961,2,1,1926,1931,France,0
e40153f8,NL,1,NL,NL,0,Western,0,1983,2,1,1946,1954,NL,1
e405416f,NL,2,NL,NL,0,Western,0,1989,2,1,1955,1966,NL,1
e4084a6e,NL,2,NL,NL,0,Western,0,1991,2,1,1956,1966,NL,1
e40fb33a,NL,2,NL,NL,0,Western,0,1989,2,1,1951,1961,NL,1
e410ae9b,Egypt,2,NL,NL,0,Non-Western,1,1953,2,1,1920,1916,Egypt,0
e411b58b,NL,2,NL,Egypt,1,Western,1,1960,2,1,1939,1940,NL,1
e416391b,NL,2,NL,NL,0,Western,2,1963,2,1,1926,1929,NL,1
e4177f09,US,1,NL,NL,0,Western,1,1985,2,1,1963,1951,US,0
e41a7a84,NL,1,NL,NL,0,Western,0,1988,2,1,1967,1963,NL,1
e4208df7,NL,2,US,NL,1,Western,2,1969,2,1,1948,1933,NL,1
e42a689c,NL,1,France,NL,1,Western,1,1951,2,1,1930,1929,NL,1
e42b81f0,NL,2,US,NL,1,Western,2,1970,2,1,1943,1941,NL,1
e42d3b4a,NL,2,France,NL,1,Western,0,1994,2,1,1971,1973,NL,1
e42de0cf,NL,2,NL,NL,0,Western,1,1990,2,1,1962,1961,NL,1
e42ee671,NL,2,NL,NL,0,Western,0,1953,2,1,1922,1922,NL,1
e42fa67f,NL,2,NL,France,1,Western,0,1956,2,1,1927,1918,NL,1
e43318fc,US,1,NL,NL,0,Western,0,1964,2,1,1934,1930,US,0
e43e2ea3,NL,1,NL,NL,0,Western,2,1988,2,1,1963,1960,NL,1
e43f9c0e,NL,2,NL,NL,0,Western,1,1950,2,1,1913,1925,NL,1
e4430517,NL,1,NL,France,1,Western,1,1982,2,1,1952,1962,NL,1
e444ce18,France,1,NL,NL,0,Western,1,1962,2,1,1928,1940,France,0
e44572aa,NL,1,NL,NL,0,Western,0,1966,2,1,1939,1929,NL,1
e4549320,NL,2,NL,NL,0,Western,0,1986,2,1,1956,1963,NL,1
e45e26ad,NL,1,NL,NL,0,Western,1,1960,2,1,1939,1929,NL,1
e46bae97,NL,2,NL,Egypt,1,Western,2,1965,2,1,1927,1942,NL,1
e46f8ad3,France,2,NL,NL,0,Western,-,1955,2,1,1934,1926,France,0
e46fb95b,France,2,NL,NL,0,Western,1,1987,2,1,1961,1958,France,0
e46fdb37,NL,1,NL,France,1,Western,0,1961,2,1,1937,1925,NL,1
e470e73f,France,2,France,NL,1,Western,0,1967,2,1,1938,1935,France,0
e4722513,NL,1,US,France,2,Western,2,1987,2,1,1955,1965,NL,1
e4772dc2,France,2,France,NL,1,Western,0,1990,2,1,1962,1957,France,0
e4794608,NL,2,NL,NL,0,Western,1,1990,2,1,1964,1956,NL,1
e47a24e7,France,2,NL,NL,0,Western,1,1961,2,1,1927,1936,France,0
e47cee11,NL,2,France,NL,1,Western,1,1997,2,1,1958,1975,NL,1
e4821703,NL,2,NL,NL,0,Western,2,1953,2,1,1930,1920,NL,1
e483c35c,France,2,NL,NL,0,Western,1,1966,2,1,1943,1941,France,0
e49e7546,NL,2,NL,NL,0,Western,0,1966,2,1,1934,1934,NL,1
e4a2ede6,NL,1,NL,NL,0,Western,0,1987,2,1,1957,1965,NL,1
e4a7d284,NL,2,NL,NL,0,Western,0,1951,2,1,1920,1912,NL,1
e4a86d5f,NL,2,US,NL,1,Western,0,1994,1,1,1967,1956,NL,1
e4ae3b8f,Egypt,1,NL,NL,0,Non-Western,2,1988,2,1,1967,1960,Egypt,0
e4b0e864,NL,1,France,NL,1,Western,2,1982,2,1,1957,1945,NL,1
e4b29bf9,NL,1,NL,NL,0,Western,0,1950,2,1,1924,1929,NL,1
e4b36522,NL,2,NL,NL,0,Western,2,1989,2,1,1965,1964,NL,1
e4b3f098,France,2,NL,France,1,Western,0,1982,2,1,1943,1957,France,0
e4c6c08b,France,1,NL,NL,0,Western,2,1981,2,1,1959,1951,France,0
e4d02312,NL,2,France,France,2,Western,1,1961,2,1,1924,1931,NL,1
e4d331a3,NL,2,NL,NL,0,Western,1,1991,2,1,1960,1963,NL,1
e4e078c3,France,1,NL,France,1,Western,1,1961,2,1,1927,1936,France,0
e4e66732,NL,1,NL,France,1,Western,0,1968,2,1,1936,1939,NL,1
e4e9c565,NL,1,NL,NL,0,Western,2,1954,1,1,1929,1920,NL,1
e4ea2bb5,NL,1,NL,NL,0,Western,1,1994,2,1,1960,1963,NL,1
e4f1aa11,NL,1,NL,NL,0,Western,0,1991,2,1,1956,1966,NL,1
e4fa9000,NL,1,France,NL,1,Western,0,1995,2,1,1964,1964,NL,1
e50f220f,NL,1,NL,US,1,Western,1,1951,2,1,1916,1920,NL,1
e51b9527,NL,1,France,NL,1,Western,1,1991,2,1,1964,1958,NL,1
e51e3508,NL,2,NL,NL,0,Western,1,1954,2,1,1932,1934,NL,1
e524dd64,NL,2,NL,NL,0,Western,1,1986,2,1,1947,1955,NL,1
e539181d,NL,2,France,NL,1,Western,1,1952,2,1,1917,1919,NL,1
e5421612,NL,1,NL,NL,0,Western,2,1986,2,1,1960,1952,NL,1
e544420c,NL,2,NL,France,1,Western,0,1951,2,1,1914,1913,NL,1
e545a2f0,NL,2,NL,NL,0,Western,2,1965,2,1,1942,1933,NL,1
e54837db,NL,1,NL,NL,0,Western,1,1965,2,1,1936,1929,NL,1
e558b6eb,NL,2,NL,NL,0,Western,1,1997,2,1,1970,1977,NL,1
e55e528b,NL,2,NL,NL,0,Western,1,1999,2,1,1962,1967,NL,1
e5630600,NL,2,NL,NL,0,Western,2,1970,2,1,1932,1933,NL,1
e56b2859,NL,1,NL,NL,0,Western,2,1963,2,1,1937,1939,NL,1
e56bbda1,NL,2,NL,NL,0,Western,0,1998,2,1,1963,1975,NL,1
e56ffba0,NL,2,France,NL,1,Western,2,1991,2,1,1959,1971,NL,1
e575fca6,NL,1,NL,France,1,Western,2,1981,2,1,1951,1950,NL,1
e57830cf,NL,2,NL,NL,0,Western,0,1985,2,1,1963,1962,NL,1
e57a1a5a,NL,2,NL,NL,0,Western,0,1989,2,1,1957,1964,NL,1
e586e96f,NL,1,NL,NL,0,Western,2,1985,2,1,1963,1954,NL,1
e589feef,NL,2,NL,NL,0,Western,2,1957,2,1,1921,1920,NL,1
e5912b18,NL,2,NL,NL,0,Western,0,1966,2,1,1933,1936,NL,1
e591cb15,NL,2,NL,NL,0,Western,-,1989,2,1,1967,1953,NL,1
e5931c37,NL,2,NL,NL,0,Western,0,1985,2,1,1950,1946,NL,1
e5967972,NL,1,France,NL,1,Western,1,1970,2,1,1934,1942,NL,1
e59dd8a4,France,1,NL,NL,0,Western,2,1980,2,1,1958,1954,France,0
e59edb83,NL,1,NL,NL,0,Western,2,1957,2,1,1927,1928,NL,1
e5b0e0f2,NL,2,NL,NL,0,Western,1,1958,2,1,1929,1920,NL,1
e5c8a797,NL,2,NL,Egypt,1,Western,2,1980,2,1,1960,1942,NL,1
e5d1476d,NL,2,NL,NL,0,Western,1,1965,2,1,1933,1932,NL,1
e5d29e29,NL,2,France,NL,1,Western,1,1990,2,1,1953,1960,NL,1
e5d4d08c,NL,2,France,France,2,Western,2,1987,2,1,1952,1957,NL,1
e5d5e5be,NL,2,NL,NL,0,Western,0,1999,2,1,1972,1976,NL,1
e5d81b7b,NL,2,NL,NL,0,Western,1,1950,2,1,1925,1924,NL,1
e5db61e4,NL,1,NL,NL,0,Western,1,1960,2,1,1932,1935,NL,1
e5df017c,NL,1,NL,NL,0,Western,0,1965,2,1,1927,1926,NL,1
e5df7f67,NL,1,NL,NL,0,Western,1,1995,2,1,1960,1957,NL,1
e5f25363,NL,1,France,NL,1,Western,2,1952,2,1,1922,1919,NL,1
e5f981b6,NL,2,France,NL,1,Western,2,1985,2,1,1959,1961,NL,1
e5fc78c3,NL,1,NL,NL,0,Western,1,1998,2,1,1971,1973,NL,1
e608f973,France,2,France,NL,1,Western,2,1982,1,1,1960,1946,France,0
e60903df,NL,1,NL,US,1,Western,2,1992,2,1,1968,1971,NL,1
e60fdbfa,NL,1,NL,France,1,Western,2,1960,2,1,1933,1939,NL,1
e6125380,NL,2,NL,NL,0,Western,2,1955,2,1,1932,1924,NL,1
e613d1ae,NL,1,NL,NL,0,Western,2,1991,2,1,1961,1952,NL,1
e6224a37,NL,1,NL,Egypt,1,Western,2,1960,2,1,1934,1923,NL,1
e62297ed,NL,1,NL,NL,0,Western,2,1961,2,1,1924,1922,NL,1
e625a8d2,NL,2,NL,NL,0,Western,0,1985,2,1,1960,1963,NL,1
e627e291,NL,1,NL,NL,0,Western,0,1987,2,1,1960,1957,NL,1
e62f6b1d,Egypt,1,NL,NL,0,Non-Western,0,1984,2,1,1961,1947,Egypt,0
e630394f,NL,1,NL,NL,0,Western,1,1970,2,1,1950,1934,NL,1
e630b208,NL,2,NL,France,1,Western,1,1990,2,1,1968,1953,NL,1
e636357f,NL,1,NL,NL,0,Western,1,1952,2,1,1921,1930,NL,1
e63896cf,NL,2,NL,NL,0,Western,0,1959,2,1,1930,1937,NL,1
e63c8cda,NL,2,NL,NL,0,Western,1,1999,2,1,1979,1966,NL,1
e63e62b2,NL,2,NL,NL,0,Western,2,1963,2,1,1942,1937,NL,1
e6407a3d,NL,1,NL,France,1,Western,0,1998,2,1,1968,1977,NL,1
e6460425,NL,1,France,NL,1,Western,0,1980,2,1,1944,1942,NL,1
e65056d0,NL,1,NL,NL,0,Western,1,1988,2,1,1957,1962,NL,1
e651725f,France,2,NL,NL,0,Western,1,1989,2,1,1956,1959,France,0
e659b10c,NL,2,NL,NL,0,Western,0,1959,2,1,1939,1928,NL,1
e65fe139,NL,1,France,NL,1,Western,2,1967,2,1,1942,1937,NL,1
e6618f75,NL,1,France,NL,1,Western,0,1991,2,1,1955,1962,NL,1
e6673e02,NL,2,NL,NL,0,Western,-,1968,2,1,1936,1947,NL,1
e667d977,NL,2,France,France,2,Western,2,1953,2,1,1914,1930,NL,1
e669b94f,NL,2,NL,NL,0,Western,1,1990,1,1,1963,1964,NL,1
e67515f5,NL,1,NL,NL,0,Western,2,1962,2,1,1930,1933,NL,1
e675d06f,NL,1,NL,NL,0,Western,1,1988,2,1,1951,1968,NL,1
e6782323,France,2,NL,NL,0,Western,2,1962,2,1,1942,1928,France,0
e6812f77,NL,1,NL,NL,0,Western,2,1956,2,1,1920,1927,NL,1
e682904c,NL,1,NL,NL,0,Western,0,1991,2,1,1970,1952,NL,1
e685c0ad,France,2,NL,NL,0,Western,2,1953,2,1,1920,1916,France,0
e69b02a8,NL,1,NL,NL,0,Western,1,1994,2,1,1966,1964,NL,1
e6a9b0de,NL,-,NL,NL,0,Western,2,1989,2,1,1968,1955,NL,1
e6bc25d7,NL,1,US,NL,1,Western,1,1955,2,1,1917,1920,NL,1
e6c03348,NL,2,NL,NL,0,Western,0,1982,2,1,1956,1943,NL,1
e6c1be46,US,1,France,NL,1,Western,1,1960,2,1,1928,1921,US,0
e6c80ba5,NL,1,NL,NL,0,Western,2,1952,2,1,1913,1927,NL,1
e6d142ba,NL,1,NL,NL,0,Western,0,1990,2,1,1953,1953,NL,1
e6d5afc4,NL,2,NL,NL,0,Western,1,1963,2,1,1929,1937,NL,1
e6d7256a,NL,2,NL,NL,0,Western,1,1958,2,1,1933,1938,NL,1
e6d82e3d,NL,2,NL,France,1,Western,1,1970,2,1,1938,1937,NL,1
e6daca30,France,2,NL,NL,0,Western,1,1960,2,1,1929,1930,France,0
e6de4aff,NL,2,US,NL,1,Western,1,1983,2,1,1962,1948,NL,1
e6e32bae,NL,1,NL,NL,0,Western,1,1995,2,1,1974,1974,NL,1
e6e3ab82,NL,1,NL,NL,0,Western,1,1992,2,1,1965,1959,NL,1
e6e90855,NL,2,NL,NL,0,Western,2,1989,2,1,1966,1958,NL,1
e6edb4fd,NL,1,NL,France,1,Western,2,1984,2,-,1946,1947,NL,1
e6f26498,NL,1,NL,NL,0,Western,2,1968,2,1,1933,1931,NL,1
e6fc961d,NL,1,NL,NL,0,Western,0,1990,2,1,1959,1958,NL,1
e7030ea5,NL,1,NL,France,1,Western,1,1952,2,1,1924,1918,NL,1
e70a6239,NL,2,France,NL,1,Western,1,1966,2,1,1927,1943,NL,1
e70af148,France,2,NL,US,1,Western,0,1984,2,1,1960,1947,France,0
e70b3745,France,1,NL,NL,0,Western,1,1969,2,1,1942,1935,France,0
e7105d19,NL,1,NL,France,1,Western,1,1994,2,1,1961,1958,NL,1
e7106016,NL,1,NL,NL,0,Western,0,1967,2,1,1937,1935,NL,1
e7145589,NL,2,NL,NL,0,Western,1,1999,2,1,1962,1970,NL,1
e7168dea,NL,2,NL,NL,0,Western,2,1970,2,1,1934,1947,NL,1
e71de7d3,France,2,NL,NL,0,Western,2,1984,2,1,1949,1953,France,0
e71eef03,NL,1,NL,NL,0,Western,0,1985,2,1,1962,1956,NL,1
e72133fc,NL,1,NL,NL,0,Western,2,1953,2,1,1927,1924,NL,1
e721a133,NL,1,NL,France,1,Western,2,1951,2,1,1914,1922,NL,1
e728e823,NL,2,NL,NL,0,Western,2,1995,2,1,1968,1963,NL,1
e7359f7d,France,1,France,NL,1,Western,1,1962,2,1,1931,1939,France,0
e73cb015,NL,1,NL,NL,0,Western,2,1955,2,1,1917,1928,NL,1
e73ccce4,NL,2,NL,NL,0,Western,1,1950,2,1,1919,1929,NL,1
e73f6094,NL,2,NL,NL,0,Western,1,1985,2,1,1948,1953,NL,1
e7588293,NL,2,NL,NL,0,Western,1,1955,2,1,1921,1917,NL,1
e75cb40c,NL,2,NL,NL,0,Western,1,1987,2,1,1962,1950,NL,1
e76cb62d,NL,2,NL,France,1,Western,0,1983,2,1,1957,1961,NL,1
e76e56f1,NL,2,NL,NL,0,Western,2,1970,2,1,1945,1949,NL,1
e7770a28,NL,1,NL,NL,0,Western,2,1958,2,1,1924,1924,NL,1
e7779c2f,NL,2,NL,France,1,Western,0,1983,2,1,1947,1950,NL,1
e7890c02,France,1,NL,NL,0,Western,0,1988,2,1,1960,1966,France,0
e78d8d1d,NL,2,France,NL,1,Western,0,1996,2,1,1967,1973,NL,1
e798c71d,NL,1,NL,NL,0,Western,1,1981,2,1,1942,1961,NL,1
e79e4abf,NL,1,NL,NL,0,Western,0,1954,2,1,1918,1926,NL,1
e7a4e8d2,France,2,NL,NL,0,Western,2,1953,2,1,1929,1931,France,0
e7a9c429,NL,1,NL,France,1,Western,1,1995,2,1,1960,1969,NL,1
e7afbea6,Egypt,1,NL,NL,0,Non-Western,2,1955,2,1,1923,1934,Egypt,0
e7b4e13c,NL,1,NL,NL,0,Western,2,1961,2,1,1933,1924,NL,1
e7bb9de6,NL,2,Egypt,NL,1,Western,2,1993,2,1,1954,1965,NL,1
e7c3b0bb,NL,2,Egypt,NL,1,Western,1,1992,2,1,1965,1956,NL,1
e7c8854a,NL,1,NL,NL,0,Western,0,1981,2,1,1945,1949,NL,1
e7ce9d2d,France,1,France,NL,1,Western,2,1982,2,1,1962,1950,France,0
e7d79375,NL,2,NL,NL,0,Western,0,1994,2,1,1961,1962,NL,1
e7e1b826,NL,1,NL,France,1,Western,1,1983,2,1,1946,1947,NL,1
e7e9b17a,France,1,NL,NL,0,Western,1,1966,2,1,1946,1940,France,0
e7f2331b,NL,1,NL,France,1,Western,0,1954,2,1,1922,1928,NL,1
e7ffc526,NL,1,NL,NL,0,Western,2,1990,2,1,1970,1955,NL,1
e800ceb6,NL,1,NL,NL,0,Western,2,1992,2,1,1964,1953,NL,1
e8085918,NL,2,NL,NL,0,Western,2,1960,2,1,1921,1938,NL,1
e80b1093,US,1,France,France,2,Western,1,1961,2,1,1929,1932,US,0
e80bf91b,Egypt,2,NL,NL,0,Non-Western,1,1956,2,1,1933,1924,Egypt,0
e8107538,NL,1,NL,France,1,Western,0,1986,2,1,1961,1961,NL,1
e81a000a,NL,2,NL,NL,0,Western,2,1990,2,1,1967,1958,NL,1
e822175e,NL,2,NL,France,1,Western,0,1954,2,1,1918,1919,NL,1
e82547fd,NL,2,NL,France,1,Western,1,1968,2,1,1937,1931,NL,1
e8287594,NL,2,US,NL,1,Western,1,1986,2,1,1964,1953,NL,1
e8351bbc,NL,2,NL,NL,0,Western,1,1957,2,1,1935,1921,NL,1
e839490b,NL,1,NL,France,1,Western,1,1988,2,1,1967,1959,NL,1
e83d242e,France,2,NL,NL,0,Western,0,1986,2,1,1959,1955,France,0
e83ead6a,France,1,NL,US,1,Western,0,1956,2,1,1921,1930,France,0
e840148c,NL,1,France,NL,1,Western,1,1997,2,1,1966,1973,NL,1
e8447500,France,1,France,NL,1,Western,0,1950,2,1,1923,1926,France,0
e84acf07,NL,1,NL,NL,0,Western,1,1961,2,1,1927,1940,NL,1
e84d4762,NL,1,NL,France,1,Western,2,1962,2,1,1933,1926,NL,1
e8519eba,NL,2,NL,NL,0,Western,1,1985,2,1,1959,1963,NL,1
e8555952,NL,2,NL,NL,0,Western,1,1994,2,1,1972,1966,NL,1
e85623f8,NL,1,NL,NL,0,Western,0,1952,2,1,1927,1925,NL,1
e856a3ab,NL,2,France,NL,1,Western,1,1986,2,1,1948,1948,NL,1
e86017d7,NL,1,NL,NL,0,Western,0,1980,2,1,1947,1956,NL,1
e860b099,NL,2,NL,NL,0,Western,1,1985,2,1,1964,1963,NL,1
e86aac5d,NL,2,NL,France,1,Western,0,1996,2,1,1972,1960,NL,1
e874a4b8,France,1,NL,France,1,Western,0,1958,2,1,1924,1931,France,0
e876302d,NL,2,NL,NL,0,Western,1,1990,2,1,1965,1963,NL,1
e87c1d0e,France,-,NL,NL,0,Western,0,1964,2,1,1926,1939,France,0
e87e2f15,NL,2,NL,NL,0,Western,1,1992,2,1,1963,1964,NL,1
e8853376,NL,1,France,NL,1,Western,1,1964,2,1,1934,1931,NL,1
e88f66a7,NL,2,France,France,2,Western,2,1961,2,1,1940,1932,NL,1
e8973f4c,NL,1,NL,NL,0,Western,0,1969,2,1,1942,1945,NL,1
e89b1433,NL,2,NL,NL,0,Western,2,1968,2,1,1934,1930,NL,1
e8aa243d,NL,1,NL,France,1,Western,0,1996,2,1,1970,1957,NL,1
e8ab3d2a,NL,1,NL,NL,0,Western,0,1993,2,1,1972,1965,NL,1
e8ae8f05,France,1,France,NL,1,Western,1,1988,2,1,1958,1957,France,0
e8bb8aac,NL,1,NL,NL,0,Western,0,1961,2,1,1925,1933,NL,1
e8bf4ce9,NL,1,France,NL,1,Western,2,1954,2,1,1933,1926,NL,1
e8ce677b,NL,2,NL,NL,0,Western,1,1969,2,1,1949,1930,NL,1
e8d10c59,NL,2,NL,NL,0,Western,1,1959,2,1,1923,1920,NL,1
e8e24faf,NL,1,NL,NL,0,Western,0,1969,2,1,1948,1949,NL,1
e8e46f5a,NL,2,NL,NL,0,Western,1,1951,2,1,1925,1929,NL,1
e8e9f9eb,NL,1,NL,NL,0,Western,0,1988,2,1,1965,1957,NL,1
e8f7bb9e,France,1,NL,NL,0,Western,1,1983,2,1,1960,1948,France,0
e8f9e1c8,NL,2,NL,NL,0,Western,0,1962,2,1,1926,1940,NL,1
e8fb7b2c,NL,2,NL,US,1,Western,2,1960,2,1,1922,1929,NL,1
e902abae,NL,2,NL,NL,0,Western,2,1989,2,1,1969,1964,NL,1
e90372b0,NL,1,NL,NL,0,Western,1,1989,2,1,1963,1962,NL,1
e9076771,NL,1,NL,NL,0,Western,2,1952,2,1,1932,1920,NL,1
e90bb548,NL,1,NL,NL,0,Western,1,1993,2,1,1961,1969,NL,1
e91655e0,NL,1,NL,France,1,Western,0,1983,2,1,1960,1948,NL,1
e921904a,NL,1,NL,NL,0,Western,2,1961,2,1,1923,1930,NL,1
e92cc6e6,NL,2,NL,NL,0,Western,0,1989,2,1,1952,1956,NL,1
e93174e3,NL,1,France,NL,1,Western,0,1989,2,1,1956,1958,NL,1
e93913d8,NL,2,France,France,2,Western,0,1958,2,1,1919,1938,NL,1
e93a236e,France,2,NL,NL,0,Western,1,1950,-,1,1922,1924,France,0
e93da74a,NL,2,NL,NL,0,Western,1,1965,2,1,1929,1928,NL,1
e94148ec,NL,1,NL,Egypt,1,Western,2,1994,2,1,1957,1964,NL,1
e9460f34,NL,1,France,NL,1,Western,2,1983,2,1,1945,1963,NL,1
e946711a,NL,2,NL,NL,0,Western,1,1992,2,1,1961,1971,NL,1
e953af2c,NL,1,Egypt,NL,1,Western,0,1999,2,1,1968,1974,NL,1
e961b362,NL,1,NL,France,1,Western,1,1980,2,1,1947,1953,NL,1
e963b347,NL,1,NL,NL,0,Western,0,1982,2,1,1947,1943,NL,1
e9656802,France,2,NL,NL,0,Western,1,1967,2,1,1942,1930,France,0
e96daf9d,NL,2,NL,France,1,Western,2,1963,2,1,1941,1938,NL,1
e96ff7e5,NL,2,NL,NL,0,Western,1,1966,2,1,1946,1936,NL,1
e96ffebd,NL,1,NL,France,1,Western,0,1986,2,1,1954,1956,NL,1
e9726cfd,NL,1,France,NL,1,Western,1,1983,2,1,1945,1947,NL,1
e98deda6,NL,1,NL,France,1,Western,1,1959,2,1,1922,1929,NL,1
e99638e2,NL,1,NL,NL,0,Western,2,1967,2,1,1928,1945,NL,1
e99a625f,NL,1,US,NL,1,Western,1,1999,2,1,1968,1964,NL,1
e99af422,NL,2,NL,NL,0,Western,2,1992,2,1,1970,1960,NL,1
e99bcbfe,NL,2,NL,NL,0,Western,2,1993,2,1,1972,1955,NL,1
e99effb9,NL,1,France,NL,1,Western,0,1953,2,1,1927,1919,NL,1
e9a6c5ab,NL,1,NL,NL,0,Western,2,1952,2,1,1931,1925,NL,1
e9b8c8cd,NL,2,NL,NL,0,Western,0,1953,2,1,1920,1931,NL,1
e9b9f8ec,NL,2,NL,NL,0,Western,0,1952,2,1,1915,1920,NL,1
e9bef8e6,NL,1,NL,NL,0,Western,1,1991,1,1,1957,1965,NL,1
e9c8bd3e,NL,2,NL,NL,0,Western,1,1965,2,1,1939,1941,NL,1
e9cff668,NL,1,NL,NL,0,Western,2,1953,2,1,1931,1925,NL,1
e9d42fbc,NL,2,NL,France,1,Western,1,1966,2,1,1946,1943,NL,1
e9de6ffd,NL,2,US,France,2,Western,0,1962,2,1,1926,1927,NL,1
e9dec351,NL,1,NL,France,1,Western,1,1954,2,1,1934,1920,NL,1
e9e879e5,NL,2,NL,NL,0,Western,0,1956,2,1,1922,1922,NL,1
e9f782ea,France,1,NL,France,1,Western,2,1955,2,1,1934,1931,France,0
e9fc6223,France,2,NL,NL,0,Western,1,1981,2,1,1952,1942,France,0
ea002a74,US,1,US,NL,1,Western,1,1989,2,1,1967,1969,US,0
ea0035f9,NL,1,NL,NL,0,Western,1,1995,2,1,1964,1960,NL,1
ea032c8a,NL,2,NL,France,1,Western,2,1963,2,1,1933,1943,NL,1
ea0b0f98,France,1,NL,NL,0,Western,1,1983,2,1,1945,1954,France,0
ea0b8cdc,NL,2,NL,France,1,Western,1,1951,2,1,1926,1913,NL,1
ea0dc655,France,2,NL,France,1,Western,1,1986,2,1,1963,1966,France,0
ea0e4273,NL,1,NL,NL,0,Western,1,1956,2,1,1918,1926,NL,1
ea1035a2,NL,2,NL,France,1,Western,0,1962,2,1,1942,1929,NL,1
ea10fe62,NL,2,France,NL,1,Western,2,1988,2,1,1964,1952,NL,1
ea118937,France,2,France,NL,1,Western,2,1984,2,1,1952,1962,France,0
ea19c9fa,NL,2,NL,NL,0,Western,0,1994,2,1,1961,1967,NL,1
ea23e8cc,France,1,France,NL,1,Western,2,1967,2,1,1933,1931,France,0
ea26f846,France,2,NL,France,1,Western,0,1969,2,1,1933,1945,France,0
ea27c94f,NL,2,NL,France,1,Western,1,1955,2,1,1928,1927,NL,1
ea285acc,NL,2,France,NL,1,Western,2,1954,2,1,1918,1929,NL,1
ea322008,NL,1,France,NL,1,Western,1,1984,2,1,1959,1960,NL,1
ea3610cf,NL,1,NL,NL,0,Western,1,1970,2,1,1936,1940,NL,1
ea3f6c22,NL,1,NL,NL,0,Western,1,1988,2,1,1951,1964,NL,1
ea44caef,NL,1,France,NL,1,Western,0,1968,2,1,1933,1944,NL,1
ea53b729,NL,2,NL,NL,0,Western,1,1960,2,1,1939,1928,NL,1
ea59dcc6,NL,1,NL,France,1,Western,0,1999,2,1,1978,1963,NL,1
ea5f7759,US,1,France,NL,1,Western,1,1969,2,1,1940,1946,US,0
ea6a07fc,France,1,NL,NL,0,Western,0,1984,2,1,1955,1956,France,0
ea6f763d,NL,1,NL,NL,0,Western,1,1960,2,1,1929,1932,NL,1
ea823345,NL,2,NL,NL,0,Western,1,1968,2,1,1938,1940,NL,1
ea867fa9,NL,2,NL,NL,0,Western,0,1983,2,1,1952,1952,NL,1
ea8de933,NL,1,NL,NL,0,Western,0,1983,2,1,1955,1944,NL,1
ea9b5c7f,NL,1,NL,NL,0,Western,0,1966,2,1,1935,1946,NL,1
ea9f8a17,NL,2,NL,NL,0,Western,2,1955,2,1,1925,1925,NL,1
eabf61a1,NL,-,NL,NL,0,Western,1,1980,2,1,1956,1955,NL,1
eac01c2b,France,2,NL,NL,0,Western,2,1989,2,1,1953,1966,France,0
eac56837,NL,2,NL,NL,0,Western,1,1959,2,1,1924,1939,NL,1
eac6923a,France,1,NL,US,1,Western,2,1955,2,1,1933,1917,France,0
eacab39c,NL,1,NL,NL,0,Western,1,1964,2,1,1941,1928,NL,1
eacde9e4,NL,1,NL,NL,0,Western,2,1954,2,1,1915,1928,NL,1
eadb90dc,NL,1,NL,NL,0,Western,2,1964,2,1,1943,1944,NL,1
eae2cbfd,NL,1,NL,France,1,Western,0,1997,2,1,1970,1974,NL,1
eae819b3,NL,2,NL,NL,0,Western,2,1969,2,1,1945,1933,NL,1
eae8a764,NL,2,NL,France,1,Western,1,1988,2,1,1964,1965,NL,1
eaec3e4d,NL,1,France,France,2,Western,1,1966,2,1,1932,1932,NL,1
eaef3230,NL,1,NL,Egypt,1,Western,0,1998,2,1,1960,1974,NL,1
eaf99c00,NL,1,NL,NL,0,Western,1,1950,2,1,1917,1923,NL,1
eaf9a625,NL,1,NL,Egypt,1,Western,0,1963,2,1,1929,1929,NL,1
eafa4b18,NL,1,NL,NL,0,Western,1,1986,2,1,1955,1960,NL,1
eb04decf,NL,2,France,NL,1,Western,0,1981,2,1,1947,1947,NL,1
eb064fd4,Egypt,1,NL,NL,0,Non-Western,1,1984,2,1,1951,1958,Egypt,0
eb0c40bd,NL,2,NL,NL,0,Western,1,1991,2,1,1957,1953,NL,1
eb0e0c49,NL,2,NL,NL,0,Western,0,1968,2,1,1945,1948,NL,1
eb10cd57,NL,1,NL,NL,0,Western,1,1986,2,1,1950,1951,NL,1
eb145b94,NL,2,NL,US,1,Western,0,1992,2,1,1966,1957,NL,1
eb166a55,NL,2,NL,France,1,Western,1,1989,2,1,1968,1959,NL,1
eb181133,NL,1,France,NL,1,Western,2,1953,2,1,1922,1919,NL,1
eb18d676,NL,1,NL,NL,0,Western,2,1966,2,1,1929,1931,NL,1
eb18df94,US,1,NL,NL,0,Western,1,1984,2,1,1946,1950,US,0
eb19a11a,NL,1,NL,NL,0,Western,1,1983,2,1,1958,1951,NL,1
eb26f36e,NL,1,Egypt,NL,1,Western,1,1970,2,1,1934,1934,NL,1
eb354381,NL,2,NL,France,1,Western,0,1970,2,1,1937,1947,NL,1
eb39b456,NL,2,NL,NL,0,Western,1,1954,2,1,1922,1916,NL,1
eb44a3ef,NL,2,NL,NL,0,Western,2,1982,2,1,1956,1944,NL,1
eb530288,NL,1,NL,NL,0,Western,2,1960,2,1,1939,1921,NL,1
eb56e847,NL,1,France,France,2,Western,0,1970,2,1,1933,1931,NL,1
eb5b2c9d,Egypt,1,NL,NL,0,Non-Western,1,1983,2,1,1953,1962,Egypt,0
eb5cee70,NL,1,NL,NL,0,Western,2,1988,2,1,1949,1958,NL,1
eb624969,NL,1,NL,NL,0,Western,1,1953,2,1,1915,1928,NL,1
eb68e79e,NL,2,France,NL,1,Western,2,1991,2,1,1970,1969,NL,1
eb6d49c3,NL,1,NL,France,1,Western,1,1982,2,1,1945,1959,NL,1
eb785c50,NL,2,NL,US,1,Western,0,1992,2,1,1960,1964,NL,1
eb8b1c67,NL,2,NL,NL,0,Western,2,1964,2,1,1933,1935,NL,1
eb8c2cb5,NL,2,NL,NL,0,Western,1,1986,2,1,1951,1962,NL,1
eb921e0d,NL,1,NL,NL,0,Western,2,1967,2,1,1941,1941,NL,1
eba18e0f,NL,2,NL,NL,0,Western,0,1961,2,1,1937,1939,NL,1
eba3dfb7,NL,2,NL,NL,0,Western,1,1962,2,1,1941,1932,NL,1
eba3f3ad,NL,1,NL,NL,0,Western,1,1997,2,1,1975,1972,NL,1
ebaa93bd,NL,2,NL,NL,0,Western,2,1964,2,1,1935,1925,NL,1
ebadf312,NL,2,NL,NL,0,Western,0,1963,2,1,1943,1939,NL,1
ebb2bae0,NL,1,NL,France,1,Western,1,1986,2,-,1960,1950,NL,1
ebb7532c,NL,2,NL,NL,0,Western,1,1955,2,1,1926,1927,NL,1
ebb75cd7,NL,1,France,NL,1,Western,2,1970,2,1,1945,1933,NL,1
ebb9c4b9,NL,1,NL,NL,0,Western,2,1991,2,1,1962,1962,NL,1
ebc166c7,NL,2,NL,NL,0,Western,2,1981,2,1,1942,1955,NL,1
ebdd0b7b,NL,2,NL,NL,0,Western,1,1953,2,1,1928,1926,NL,1
ebded5b6,NL,2,NL,NL,0,Western,1,1950,2,1,1924,1914,NL,1
ebe3498a,France,1,NL,NL,0,Western,1,1958,2,1,1936,1935,France,0
ebefa1d5,France,2,US,NL,1,Western,1,1961,2,1,1935,1935,France,0
ebf06cb4,NL,1,NL,NL,0,Western,2,1996,2,1,1975,1966,NL,1
ebf5a74c,NL,1,NL,NL,0,Western,0,1999,2,1,1970,1965,NL,1
ebfae55e,NL,2,NL,France,1,Western,2,1953,2,1,1921,1920,NL,1
ec005967,France,2,NL,NL,0,Western,0,1957,2,1,1936,1926,France,0
ec03aab1,NL,2,NL,NL,0,Western,1,1952,1,1,1915,1930,NL,1
ec0a42f1,France,1,NL,Egypt,1,Western,0,1956,2,1,1933,1931,France,0
ec0d7b87,NL,2,NL,NL,0,Western,1,1991,2,1,1965,1955,NL,1
ec14647d,NL,1,NL,US,1,Western,1,1952,2,1,1930,1927,NL,1
ec15be39,NL,1,NL,NL,0,Western,0,1961,2,1,1926,1939,NL,1
ec178921,NL,2,Egypt,France,2,Western,0,1991,2,1,1959,1958,NL,1
ec18086c,NL,2,Egypt,France,2,Western,0,1981,2,1,1948,1957,NL,1
ec2c9354,NL,2,NL,NL,0,Western,2,1981,2,2,1946,1950,NL,1
ec2f50fd,NL,1,NL,NL,0,Western,0,1956,2,1,1918,1932,NL,1
ec314f5b,NL,-,NL,NL,0,Western,1,1980,2,1,1945,1953,NL,1
ec3601d2,NL,2,US,NL,1,Western,2,1950,2,1,1915,1930,NL,1
ec3a683f,NL,2,France,NL,1,Western,0,1963,2,1,1938,1942,NL,1
ec48ea6b,NL,2,NL,NL,0,Western,1,1983,2,1,1944,1961,NL,1
ec4e31fd,NL,1,NL,NL,0,Western,2,1984,2,1,1964,1947,NL,1
ec6170e1,NL,1,NL,NL,0,Western,0,1998,2,1,1959,1970,NL,1
ec648af2,NL,2,NL,NL,0,Western,2,1988,-,1,1961,1968,NL,1
ec7013a0,NL,1,NL,Egypt,1,Western,0,1993,2,1,1961,1956,NL,1
ec71a0b1,NL,1,NL,France,1,Western,1,1970,2,1,1948,1939,NL,1
ec730fdd,NL,1,NL,US,1,Western,2,1960,2,1,1934,1928,NL,1
ec7717ef,France,2,NL,NL,0,Western,1,1956,2,1,1927,1929,France,0
ec7cce04,NL,2,NL,NL,0,Western,0,1987,2,1,1960,1965,NL,1
ec87e904,NL,1,NL,France,1,Western,2,1998,2,1,1976,1971,NL,1
ec9bfaf3,NL,2,NL,NL,0,Western,0,1954,2,1,1926,1931,NL,1
ec9fd80c,NL,2,France,NL,1,Western,1,1987,2,1,1964,1957,NL,1
eca280b3,NL,1,NL,NL,0,Western,1,1992,2,1,1961,1970,NL,1
eca366ee,NL,1,NL,NL,0,Western,1,1961,2,1,1923,1940,NL,1
eca9fe36,US,2,NL,France,1,Western,0,1990,2,1,1952,1968,US,0
ecaf24ee,NL,1,NL,NL,0,Western,2,1999,2,1,1962,1976,NL,1
ecb51086,NL,2,France,NL,1,Western,1,1962,2,1,1926,1931,NL,1
ecb54e1b,NL,1,NL,France,1,Western,1,1984,2,1,1961,1948,NL,1
ecb64cee,NL,1,NL,NL,0,Western,2,1998,2,1,1967,1969,NL,1
ecbb618d,US,1,Egypt,NL,1,Western,2,1980,2,1,1959,1955,US,0
ecbde024,France,1,NL,NL,0,Western,2,1965,-,1,1940,1941,France,0
ecc1fbda,NL,2,NL,NL,0,Western,0,1983,2,1,1960,1959,NL,1
ecc6004d,NL,2,NL,France,1,Western,0,1994,2,1,1969,1971,NL,1
ecc8f2a7,NL,1,NL,France,1,Western,1,1969,2,1,1931,1933,NL,1
ecd1fe3b,NL,2,NL,US,1,Western,2,1965,2,1,1930,1930,NL,1
ecda2baf,NL,1,NL,NL,0,Western,1,1966,2,1,1938,1940,NL,1
ece411cb,NL,2,NL,NL,0,Western,0,1954,2,1,1934,1930,NL,1
ecee0176,NL,2,NL,NL,0,Western,2,1952,2,1,1915,1927,NL,1
eceef5a0,NL,-,NL,NL,0,Western,0,1990,2,1,1961,1959,NL,1
ecf1d9c4,NL,1,NL,NL,0,Western,1,1962,-,1,1931,1923,NL,1
ecf5d9dd,NL,1,NL,France,1,Western,1,1956,2,1,1936,1931,NL,1
ecf82923,NL,1,NL,NL,0,Western,2,1970,2,1,1941,1942,NL,1
ecfc1b95,France,1,NL,France,1,Western,1,1953,2,1,1916,1924,France,0
ed058468,France,2,NL,NL,0,Western,1,1988,2,1,1951,1949,France,0
ed06121b,France,1,NL,NL,0,Western,1,1958,2,1,1927,1923,France,0
ed109e8e,NL,-,NL,NL,0,Western,2,1988,2,1,1956,1957,NL,1
ed1ed7bf,NL,1,NL,NL,0,Western,1,1984,2,1,1951,1951,NL,1
ed29af76,NL,1,NL,France,1,Western,1,1950,2,1,1919,1929,NL,1
ed2e4a7c,France,1,France,NL,1,Western,1,1986,2,1,1949,1961,France,0
ed344d90,France,1,NL,NL,0,Western,2,1965,2,1,1937,1930,France,0
ed48b18a,NL,2,NL,NL,0,Western,0,1997,2,1,1958,1974,NL,1
ed49696a,NL,1,NL,NL,0,Western,1,1970,2,1,1934,1938,NL,1
ed56f05b,NL,-,NL,NL,0,Western,0,1994,2,1,1972,1958,NL,1
ed5861c9,NL,-,France,NL,1,Western,2,1952,2,1,1924,1918,NL,1
ed6287cc,NL,1,NL,NL,0,Western,1,1994,2,1,1971,1968,NL,1
ed67549e,NL,1,US,France,2,Western,2,1983,2,1,1955,1952,NL,1
ed685979,NL,1,NL,France,1,Western,0,1956,2,1,1919,1923,NL,1
ed699197,NL,2,France,NL,1,Western,1,1960,2,1,1928,1940,NL,1
ed723cc1,NL,2,NL,NL,0,Western,2,1992,2,1,1966,1971,NL,1
ed77c46a,NL,2,NL,NL,0,Western,2,1997,2,1,1969,1958,NL,1
ed79dd7c,NL,2,NL,France,1,Western,2,1966,2,1,1945,1944,NL,1
ed7a4cb7,NL,1,NL,NL,0,Western,0,1969,2,1,1934,1949,NL,1
ed8711d6,France,1,NL,NL,0,Western,1,1951,2,1,1924,1929,France,0
ed874515,NL,2,NL,NL,0,Western,0,1952,2,1,1927,1930,NL,1
ed8bf189,Egypt,2,NL,NL,0,Non-Western,1,1982,2,1,1961,1945,Egypt,0
ed91a876,NL,1,US,France,2,Western,2,1955,-,2,1930,1926,NL,1
ed940304,NL,1,NL,NL,0,Western,0,1968,2,1,1932,1931,NL,1
ed976005,NL,1,NL,France,1,Western,1,1994,2,1,1958,1964,NL,1
eda654b3,NL,2,France,NL,1,Western,1,1984,2,1,1947,1947,NL,1
edb190bf,US,2,NL,NL,0,Western,2,1951,2,1,1919,1915,US,0
edb1c177,NL,1,US,NL,1,Western,2,1982,2,1,1960,1950,NL,1
edbd8051,NL,-,NL,France,1,Western,1,1950,2,1,1925,1916,NL,1
edce2c3d,France,2,NL,France,1,Western,0,1964,2,1,1934,1931,France,0
edcf8a5f,NL,2,NL,France,1,Western,2,1983,2,1,1959,1948,NL,1
edcfcdf0,NL,2,NL,NL,0,Western,2,1993,2,1,1967,1972,NL,1
edd0dc98,NL,1,NL,NL,0,Western,2,1988,2,1,1968,1965,NL,1
edd5b389,NL,1,NL,NL,0,Western,0,1955,2,1,1927,1930,NL,1
edd7b93a,NL,2,France,NL,1,Western,1,1963,2,1,1940,1925,NL,1
edd9b0d5,NL,2,NL,NL,0,Western,0,1997,2,1,1975,1974,NL,1
edda5900,NL,2,NL,NL,0,Western,0,1954,2,1,1933,1926,NL,1
eddd923b,NL,1,NL,France,1,Western,2,1995,2,1,1968,1972,NL,1
ede11020,NL,2,NL,France,1,Western,0,1988,2,1,1959,1956,NL,1
ede1dc81,NL,2,NL,NL,0,Western,2,1962,2,1,1929,1926,NL,1
ede587fc,NL,2,NL,NL,0,Western,1,1995,2,1,1971,1967,NL,1
ede63e0f,NL,1,NL,US,1,Western,2,1960,2,1,1927,1932,NL,1
edea8851,NL,2,France,NL,1,Western,2,1985,2,1,1955,1947,NL,1
eded0598,NL,1,NL,NL,0,Western,2,1952,2,1,1917,1917,NL,1
edef3b49,NL,2,NL,NL,0,Western,0,1980,2,1,1949,1942,NL,1
edefa754,NL,1,France,US,2,Western,2,1950,2,1,1912,1916,NL,1
edf12531,NL,2,NL,NL,0,Western,0,1983,2,1,1951,1959,NL,1
ee0037da,NL,1,NL,NL,0,Western,1,1983,2,1,1949,1954,NL,1
ee01e63f,NL,1,NL,NL,0,Western,1,1953,2,1,1930,1923,NL,1
ee0aacbb,NL,1,NL,NL,0,Western,2,1985,2,1,1959,1959,NL,1
ee0b1fed,NL,1,NL,Egypt,1,Western,0,1987,2,1,1963,1951,NL,1
ee0ba125,NL,1,NL,Egypt,1,Western,2,1967,2,1,1931,1937,NL,1
ee14367e,Egypt,1,NL,NL,0,Non-Western,2,1988,2,1,1952,1955,Egypt,0
ee1ac57c,NL,1,NL,France,1,Western,0,1954,2,1,1929,1928,NL,1
ee1c6ed6,NL,1,NL,US,1,Western,1,1950,2,1,1930,1915,NL,1
ee1fbe3a,NL,1,France,NL,1,Western,0,1953,2,1,1922,1931,NL,1
ee3b4f73,NL,1,NL,NL,0,Western,2,1954,2,1,1916,1923,NL,1
ee430cff,France,2,NL,NL,0,Western,0,1953,2,1,1929,1917,France,0
ee43abbd,NL,2,NL,NL,0,Western,1,1966,2,1,1928,1943,NL,1
ee52a2d8,France,1,Egypt,NL,1,Western,1,1950,2,1,1912,1928,France,0
ee5a0230,NL,-,NL,NL,0,Western,1,1990,2,1,1953,1969,NL,1
ee6120a8,NL,1,NL,NL,0,Western,2,1983,2,1,1944,1962,NL,1
ee680ce4,NL,1,US,NL,1,Western,1,1999,2,1,1977,1977,NL,1
ee68666a,NL,1,NL,NL,0,Western,1,1964,2,1,1930,1938,NL,1
ee69470c,NL,2,NL,NL,0,Western,1,1983,2,1,1945,1962,NL,1
ee6a237d,NL,2,NL,NL,0,Western,1,1962,2,1,1923,1930,NL,1
ee6a35eb,NL,2,NL,NL,0,Western,1,1996,2,1,1962,1960,NL,1
ee6abbef,NL,2,NL,NL,0,Western,1,1988,2,1,1955,1963,NL,1
ee6c2114,NL,1,NL,NL,0,Western,0,1958,2,1,1934,1920,NL,1
ee6d56bc,NL,1,NL,NL,0,Western,2,1999,2,1,1976,1963,NL,1
ee6d6bd9,NL,2,US,NL,1,Western,2,1959,2,1,1925,1938,NL,1
ee6ee6ac,NL,2,NL,NL,0,Western,1,1968,2,1,1934,1948,NL,1
ee71b999,NL,1,NL,NL,0,Western,0,1985,2,1,1962,1963,NL,1
ee79c8fa,NL,1,NL,NL,0,Western,1,1998,2,1,1968,1967,NL,1
ee7a0439,Egypt,1,NL,NL,0,Non-Western,0,1967,2,1,1934,1932,Egypt,0
ee7ff12f,NL,2,France,NL,1,Western,2,1962,2,1,1939,1929,NL,1
ee8040ae,NL,1,NL,NL,0,Western,1,1955,2,1,1931,1935,NL,1
ee847ad6,NL,2,NL,NL,0,Western,0,1994,2,1,1958,1967,NL,1
ee86ff7d,NL,2,France,NL,1,Western,2,1988,2,1,1953,1965,NL,1
ee8be9a4,NL,2,Egypt,NL,1,Western,1,1969,2,1,1947,1939,NL,1
ee8d621f,NL,1,NL,NL,0,Western,1,1958,2,1,1925,1928,NL,1
ee9dd8f1,NL,2,NL,NL,0,Western,2,1986,2,1,1962,1948,NL,1
ee9fc488,France,2,US,NL,1,Western,1,1952,2,1,1922,1920,France,0
ee9fe0e0,NL,2,NL,NL,0,Western,1,1969,2,1,1934,1947,NL,1
eea16959,NL,1,NL,NL,0,Western,2,1970,2,1,1936,1931,NL,1
eea75207,NL,2,NL,NL,0,Western,1,1985,2,1,1949,1947,NL,1
eeba87aa,US,2,France,US,2,Western,0,1984,2,1,1961,1953,US,0
eec40411,NL,2,NL,France,1,Western,0,1953,2,1,1920,1925,NL,1
eec8d0a6,NL,2,NL,NL,0,Western,2,1994,2,1,1958,1958,NL,1
eecdc3d0,NL,1,France,NL,1,Western,1,1955,2,1,1920,1930,NL,1
eed13e3b,NL,2,NL,NL,0,Western,1,1951,2,1,1920,1918,NL,1
eedbf3ea,NL,2,NL,NL,0,Western,2,1989,2,1,1968,1951,NL,1
eedc01f3,NL,2,NL,NL,0,Western,1,1999,2,1,1961,1975,NL,1
eee013c8,NL,2,France,NL,1,Western,1,1988,2,1,1949,1966,NL,1
eee0943e,NL,1,France,France,2,Western,1,1966,2,1,1936,1943,NL,1
eee26308,NL,1,NL,NL,0,Western,2,1992,2,1,1966,1967,NL,1
eee31526,NL,2,NL,France,1,Western,2,1951,2,1,1915,1929,NL,1
eeeb6064,NL,2,NL,NL,0,Western,1,1992,2,1,1970,1970,NL,1
eeefd5f5,NL,2,NL,NL,0,Western,0,1995,2,1,1963,1964,NL,1
eef223cb,France,2,NL,NL,0,Western,1,1959,2,1,1935,1931,France,0
eef2c54e,NL,1,NL,NL,0,Western,2,1950,2,1,1915,1916,NL,1
eef938dc,NL,2,NL,NL,0,Western,1,1997,2,1,1968,1976,NL,1
eefca7f9,NL,1,NL,NL,0,Western,2,1997,2,1,1969,1975,NL,1
eeff5f78,NL,1,NL,NL,0,Western,0,1958,2,1,1920,1928,NL,1
ef01ec67,NL,1,NL,NL,0,Western,0,1986,2,1,1953,1957,NL,1
ef21d99d,NL,2,NL,NL,0,Western,1,1960,2,1,1935,1930,NL,1
ef241fd9,NL,1,NL,NL,0,Western,0,1963,2,1,1939,1939,NL,1
ef277d99,NL,2,NL,NL,0,Western,0,1985,2,1,1955,1962,NL,1
ef305974,NL,1,NL,NL,0,Western,1,1957,2,1,1933,1923,NL,1
ef30aac4,NL,2,NL,NL,0,Western,1,1958,2,1,1936,1934,NL,1
ef30e45d,NL,2,France,NL,1,Western,2,1994,2,1,1970,1974,NL,1
ef339a43,NL,1,NL,Egypt,1,Western,0,1958,2,1,1927,1934,NL,1
ef34e06e,NL,2,France,France,2,Western,2,1991,2,1,1953,1970,NL,1
ef492850,NL,1,NL,France,1,Western,2,1952,2,1,1926,1928,NL,1
ef4c4542,NL,1,NL,France,1,Western,2,1983,2,1,1962,1954,NL,1
ef4deef6,France,1,NL,France,1,Western,1,1970,2,1,1935,1934,France,0
ef4fed5f,NL,2,US,NL,1,Western,0,1981,2,1,1961,1950,NL,1
ef5300fb,NL,1,NL,NL,0,Western,2,1997,2,1,1970,1977,NL,1
ef5a9dbb,NL,2,NL,NL,0,Western,2,1986,2,1,1959,1960,NL,1
ef5f22c6,NL,2,NL,NL,0,Western,1,1968,2,1,1945,1945,NL,1
ef658484,NL,1,France,NL,1,Western,0,1994,2,1,1962,1965,NL,1
ef6729c9,NL,1,NL,US,1,Western,2,1985,2,1,1962,1949,NL,1
ef766475,France,1,France,NL,1,Western,0,1970,2,1,1940,1942,France,0
ef76e51b,NL,1,NL,NL,0,Western,1,1960,2,1,1923,1925,NL,1
ef7fffb6,NL,2,NL,NL,0,Western,2,1984,2,1,1946,1952,NL,1
ef80b7d3,NL,2,NL,Egypt,1,Western,2,1993,2,1,1962,1967,NL,1
ef86c38b,France,1,NL,NL,0,Western,1,1985,2,1,1946,1951,France,0
ef8cc68f,NL,2,France,NL,1,Western,0,1996,2,1,1962,1970,NL,1
ef8ec7be,NL,2,NL,NL,0,Western,0,1951,2,1,1930,1915,NL,1
ef90405f,NL,1,NL,NL,0,Western,1,1955,2,1,1926,1929,NL,1
ef95a2ca,NL,2,NL,US,1,Western,2,1992,2,1,1968,1956,NL,1
ef9fdf21,NL,1,NL,NL,0,Western,0,1990,2,1,1966,1969,NL,1
efa5ed21,NL,1,NL,NL,0,Western,1,1982,2,1,1956,1962,NL,1
efa76f68,NL,1,Egypt,France,2,Western,1,1960,2,1,1929,1934,NL,1
efa83af7,NL,2,NL,NL,0,Western,0,1959,2,1,1923,1928,NL,1
efac331b,France,1,NL,NL,0,Western,0,1986,2,1,1951,1953,France,0
efac8feb,NL,1,NL,NL,0,Western,0,1991,2,1,1963,1970,NL,1
efbd5d63,NL,1,NL,NL,0,Western,2,1955,2,1,1931,1928,NL,1
efc0f02c,NL,1,NL,Egypt,1,Western,1,1966,2,1,1942,1934,NL,1
efc2df81,NL,1,NL,NL,0,Western,2,1961,1,1,1939,1932,NL,1
efc4f844,NL,2,France,NL,1,Western,1,1967,2,1,1938,1935,NL,1
efc5ee8a,France,2,NL,France,1,Western,0,1954,2,1,1934,1923,France,0
efcce446,France,1,US,France,2,Western,0,1957,2,1,1929,1927,France,0
efdc17a2,NL,2,NL,NL,0,Western,0,1954,2,1,1916,1933,NL,1
efe012fe,NL,1,NL,NL,0,Western,0,1989,2,1,1966,1966,NL,1
efe3e9bc,NL,1,US,France,2,Western,1,1969,2,1,1935,1931,NL,1
efe75e6f,NL,2,US,NL,1,Western,0,1965,2,1,1943,1942,NL,1
efe84e34,NL,2,NL,NL,0,Western,1,1999,2,1,1960,1971,NL,1
efe9f98d,NL,1,NL,NL,0,Western,2,1958,2,1,1938,1920,NL,1
eff34def,NL,1,NL,NL,0,Western,0,1983,2,1,1962,1954,NL,1
f00d2435,NL,2,NL,NL,0,Western,0,1997,2,1,1968,1965,NL,1
f01575d1,NL,2,NL,NL,0,Western,2,1991,2,1,1960,1968,NL,1
f022d9ab,NL,2,NL,NL,0,Western,0,1995,2,1,1975,1968,NL,1
f02918fb,NL,2,NL,NL,0,Western,0,1996,2,1,1970,1967,NL,1
f029fe15,NL,2,NL,NL,0,Western,1,1953,2,1,1914,1923,NL,1
f02b1870,NL,1,NL,NL,0,Western,0,1998,2,1,1976,1966,NL,1
f02e5f9b,NL,2,NL,NL,0,Western,1,1955,2,1,1930,1921,NL,1
f03cca14,NL,1,NL,NL,0,Western,2,1984,2,1,1946,1958,NL,1
f03cf5de,NL,1,NL,France,1,Western,0,1968,2,1,1942,1936,NL,1
f046d2dc,NL,2,NL,NL,0,Western,2,1970,2,1,1934,1933,NL,1
f047b1fa,NL,1,NL,NL,0,Western,1,1984,2,1,1950,1958,NL,1
f04af5df,NL,2,NL,NL,0,Western,0,1981,2,1,1947,1951,NL,1
f05985f5,NL,1,NL,NL,0,Western,0,1956,2,1,1929,1926,NL,1
f059e978,France,2,NL,NL,0,Western,0,1963,2,1,1941,1935,France,0
f05ce025,France,1,NL,France,1,Western,2,1953,2,1,1928,1932,France,0
f05dad53,NL,1,NL,NL,0,Western,0,1959,2,1,1938,1935,NL,1
f068fa87,NL,2,NL,NL,0,Western,2,1958,2,1,1935,1937,NL,1
f070001c,NL,2,NL,France,1,Western,1,1969,2,1,1930,1949,NL,1
f07246b9,NL,2,NL,France,1,Western,0,1997,2,1,1967,1959,NL,1
f075236b,NL,2,NL,France,1,Western,0,1956,2,1,1930,1930,NL,1
f0772372,NL,2,NL,NL,0,Western,2,1956,2,1,1928,1924,NL,1
f079245b,NL,2,NL,NL,0,Western,2,1963,2,1,1941,1943,NL,1
f0798aec,NL,2,NL,NL,0,Western,0,1981,2,1,1947,1952,NL,1
f07a15ab,NL,1,NL,NL,0,Western,1,1961,2,1,1935,1925,NL,1
f084b272,France,2,NL,NL,0,Western,0,1966,2,1,1933,1933,France,0
f0852f2d,NL,1,France,NL,1,Western,2,1967,2,1,1939,1946,NL,1
f0926577,NL,2,France,Egypt,2,Western,2,1952,2,1,1914,1922,NL,1
f0931296,NL,2,NL,NL,0,Western,1,1952,2,1,1921,1922,NL,1
f0997255,NL,1,France,NL,1,Western,1,1988,2,1,1960,1955,NL,1
f09b2b8b,NL,2,NL,NL,0,Western,1,1991,2,1,1971,1968,NL,1
f0a2a36d,NL,2,NL,NL,0,Western,2,1997,2,1,1977,1959,NL,1
f0b0e861,NL,1,NL,NL,0,Western,1,1980,2,1,1944,1947,NL,1
f0b278d1,NL,1,France,NL,1,Western,1,1994,2,1,1968,1963,NL,1
f0b29199,NL,1,NL,France,1,Western,0,1950,2,1,1913,1926,NL,1
f0b3bb67,NL,2,NL,NL,0,Western,0,1961,2,1,1940,1922,NL,1
f0bcfc0a,NL,1,NL,NL,0,Western,1,1954,2,1,1934,1924,NL,1
f0cb737b,NL,2,France,NL,1,Western,2,1982,2,1,1947,1949,NL,1
f0d034a5,France,1,NL,France,1,Western,0,1989,2,1,1963,1951,France,0
f0d824fe,NL,1,France,Egypt,2,Western,1,1961,2,1,1938,1935,NL,1
f0ddd4f8,NL,1,NL,NL,0,Western,1,1988,2,1,1966,1956,NL,1
f0e1c94a,NL,1,NL,NL,0,Western,2,1994,2,1,1970,1964,NL,1
f0e5b82e,NL,1,NL,NL,0,Western,2,1992,2,1,1965,1967,NL,1
f0ed4dc9,NL,1,NL,NL,0,Western,1,1956,2,1,1923,1934,NL,1
f0edd258,NL,2,NL,NL,0,Western,2,1983,2,1,1947,1945,NL,1
f0f3b515,NL,2,NL,NL,0,Western,2,1995,2,1,1970,1960,NL,1
f0f86c19,NL,1,Egypt,France,2,Western,1,1960,2,1,1923,1937,NL,1
f0fb2c36,NL,2,NL,NL,0,Western,-,1993,2,1,1955,1960,NL,1
f103b8bd,NL,1,NL,NL,0,Western,1,1950,2,1,1912,1917,NL,1
f106e36c,France,2,NL,NL,0,Western,1,1966,2,1,1936,1928,France,0
f10fe0d7,NL,1,France,NL,1,Western,2,1964,2,1,1925,1937,NL,1
f10fe675,NL,1,France,NL,1,Western,1,1961,-,1,1932,1932,NL,1
f12d2de7,NL,2,NL,NL,0,Western,1,1985,2,1,1949,1953,NL,1
f12ea5e1,NL,1,NL,NL,0,Western,-,1980,2,1,1948,1943,NL,1
f130529e,NL,2,NL,France,1,Western,2,1969,2,1,1945,1936,NL,1
f13b0fd7,NL,1,NL,France,1,Western,0,1984,2,1,1964,1945,NL,1
f14d8fd9,NL,1,France,NL,1,Western,1,1991,2,1,1952,1959,NL,1
f14e0054,NL,2,France,NL,1,Western,0,1992,2,1,1962,1967,NL,1
f15570e0,NL,2,France,NL,1,Western,1,1967,2,1,1931,1933,NL,1
f15bd79d,NL,1,NL,NL,0,Western,1,1984,2,1,1951,1964,NL,1
f1682761,NL,2,France,NL,1,Western,2,1961,2,1,1939,1940,NL,1
f173acfb,NL,1,France,France,2,Western,2,1965,2,1,1935,1936,NL,1
f173cb1e,NL,2,NL,France,1,Western,1,1994,2,1,1967,1959,NL,1
f17d777e,NL,1,NL,NL,0,Western,1,1966,2,1,1944,1929,NL,1
f180d1a8,NL,1,France,NL,1,Western,1,1994,2,1,1957,1968,NL,1
f18bee3c,NL,1,NL,NL,0,Western,0,1950,2,1,1923,1913,NL,1
f18e1cf9,NL,2,Egypt,NL,1,Western,2,1983,2,1,1963,1951,NL,1
f198a003,Egypt,2,NL,NL,0,Non-Western,2,1961,2,1,1934,1925,Egypt,0
f19b400e,France,1,NL,NL,0,Western,2,1986,2,1,1965,1960,France,0
f19d9228,NL,1,NL,NL,0,Western,1,1995,2,1,1956,1957,NL,1
f19e82cb,France,1,NL,NL,0,Western,0,1963,2,1,1928,1937,France,0
f1a2e3f0,NL,1,NL,NL,0,Western,2,1997,2,1,1966,1973,NL,1
f1a2f58f,NL,1,NL,NL,0,Western,1,1983,2,1,1944,1960,NL,1
f1a80772,NL,2,France,NL,1,Western,0,1997,2,1,1972,1963,NL,1
f1ae41aa,France,2,NL,NL,0,Western,2,1957,2,1,1923,1923,France,0
f1ae5325,NL,1,NL,NL,0,Western,0,1991,2,1,1955,1962,NL,1
f1af8a52,NL,2,NL,NL,0,Western,1,1999,2,1,1961,1974,NL,1
f1b3c990,NL,2,NL,NL,0,Western,1,1997,2,1,1973,1964,NL,1
f1b7a334,NL,2,NL,NL,0,Western,1,1970,2,1,1950,1948,NL,1
f1bdeda9,NL,2,NL,France,1,Western,2,1981,2,1,1951,1961,NL,1
f1c26fa4,NL,1,NL,NL,0,Western,2,1990,2,1,1955,1965,NL,1
f1d3a2ea,NL,2,NL,NL,0,Western,2,1969,2,1,1933,1937,NL,1
f1d6b536,NL,2,NL,NL,0,Western,1,1952,2,1,1928,1929,NL,1
f1d91872,Egypt,2,NL,France,1,Non-Western,0,1980,2,1,1955,1949,Egypt,0
f1df2b6e,France,2,Egypt,NL,1,Western,1,1986,2,1,1958,1949,France,0
f1e85675,NL,1,NL,NL,0,Western,0,1987,2,1,1959,1949,NL,1
f1ea093a,France,2,NL,NL,0,Western,1,1956,2,1,1921,1931,France,0
f1f18294,NL,1,NL,NL,0,Western,1,1963,2,1,1925,1933,NL,1
f1f6f529,NL,2,NL,NL,0,Western,2,1987,2,1,1962,1961,NL,1
f1f7230a,NL,2,NL,NL,0,Western,0,1960,2,1,1932,1929,NL,1
f1fae788,NL,1,NL,NL,0,Western,1,1995,2,1,1972,1975,NL,1
f200f0b0,NL,1,NL,NL,0,Western,1,1989,2,1,1965,1965,NL,1
f208411a,NL,2,NL,NL,0,Western,1,1997,2,1,1964,1972,NL,1
f20980ce,NL,1,NL,NL,0,Western,1,1988,1,2,1952,1966,NL,1
f20ac608,NL,2,France,NL,1,Western,2,1980,2,1,1950,1945,NL,1
f20d74ca,NL,2,NL,France,1,Western,1,1955,2,1,1920,1920,NL,1
f20dfffd,NL,1,NL,NL,0,Western,2,1980,2,1,1949,1953,NL,1
f20eb96b,France,2,NL,NL,0,Western,1,1963,2,1,1930,1933,France,0
f2195b53,France,-,NL,NL,0,Western,0,1960,2,1,1924,1938,France,0
f21cfd4c,US,1,NL,NL,0,Western,0,1985,2,1,1952,1965,US,0
f2200892,NL,1,NL,NL,0,Western,1,1950,2,1,1917,1919,NL,1
f22afcd0,France,2,NL,NL,0,Western,2,1961,2,1,1938,1928,France,0
f22c4f25,NL,1,US,NL,1,Western,1,1959,2,1,1931,1931,NL,1
f2368f8e,NL,1,France,NL,1,Western,2,1991,2,1,1958,1970,NL,1
f2396070,NL,-,NL,NL,0,Western,2,1951,2,1,1929,1921,NL,1
f23bd9ef,NL,2,NL,NL,0,Western,0,1985,2,1,1956,1953,NL,1
f2472908,NL,2,France,NL,1,Western,1,1954,2,1,1918,1915,NL,1
f247900a,France,1,France,NL,1,Western,2,1988,2,1,1954,1958,France,0
f24b86bc,NL,1,NL,NL,0,Western,0,1983,2,1,1961,1944,NL,1
f24c249e,NL,2,US,NL,1,Western,1,1987,2,1,1957,1965,NL,1
f251ef33,NL,2,NL,NL,0,Western,0,1950,2,1,1912,1923,NL,1
f260804a,NL,1,France,NL,1,Western,0,1999,2,1,1970,1977,NL,1
f262e48f,Egypt,2,NL,NL,0,Non-Western,2,1955,2,1,1925,1925,Egypt,0
f27a24e3,NL,-,NL,NL,0,Western,0,1987,2,1,1951,1961,NL,1
f27bc41b,NL,2,NL,France,1,Western,0,1985,2,1,1958,1948,NL,1
f27f522b,NL,1,NL,NL,0,Western,1,1950,2,1,1925,1928,NL,1
f28d8315,NL,1,NL,France,1,Western,1,1950,2,1,1924,1917,NL,1
f28fcfa6,NL,1,NL,NL,0,Western,1,1983,-,1,1960,1963,NL,1
f294d484,NL,1,NL,France,1,Western,0,1994,2,1,1973,1974,NL,1
f29935d2,NL,2,France,NL,1,Western,2,1968,2,1,1936,1937,NL,1
f2adeb86,France,2,France,NL,1,Western,1,1981,2,1,1943,1961,France,0
f2bb4a03,NL,1,France,NL,1,Western,0,1994,2,1,1971,1969,NL,1
f2c1bbfb,France,2,NL,France,1,Western,2,1958,2,1,1932,1924,France,0
f2c426c5,NL,1,France,NL,1,Western,2,1988,2,1,1959,1968,NL,1
f2c6d8bf,NL,1,NL,NL,0,Western,1,1963,2,1,1933,1932,NL,1
f2cceb45,NL,1,NL,NL,0,Western,1,1951,1,1,1923,1913,NL,1
f2d8797d,NL,1,NL,France,1,Western,2,1998,2,2,1975,1963,NL,1
f2dd841f,France,1,NL,NL,0,Western,2,1966,2,1,1943,1928,France,0
f2e2cd9d,NL,2,NL,NL,0,Western,1,1982,2,1,1946,1954,NL,1
f2ea57c6,NL,1,France,France,2,Western,1,1991,2,1,1962,1971,NL,1
f2ec34a0,US,2,US,NL,1,Western,2,1984,2,1,1955,1950,US,0
f2fb5462,NL,2,NL,NL,0,Western,-,1993,2,1,1973,1954,NL,1
f3011f5b,NL,2,France,NL,1,Western,0,1985,2,1,1957,1951,NL,1
f305cb21,NL,2,NL,NL,0,Western,1,1990,2,1,1966,1963,NL,1
f31095d7,NL,2,France,NL,1,Western,1,1991,2,1,1963,1960,NL,1
f316c467,NL,1,France,NL,1,Western,1,1986,2,1,1948,1953,NL,1
f31a6869,NL,2,NL,NL,0,Western,2,1982,2,1,1943,1947,NL,1
f321f965,NL,2,France,NL,1,Western,2,1955,2,1,1923,1928,NL,1
f322e3f3,NL,2,NL,NL,0,Western,0,1950,2,1,1915,1923,NL,1
f32a0b25,NL,1,NL,NL,0,Western,0,1964,2,1,1944,1930,NL,1
f32bf55e,NL,2,France,France,2,Western,1,1951,2,1,1924,1927,NL,1
f32d86a5,NL,1,NL,NL,0,Western,2,1989,2,1,1957,1964,NL,1
f3393571,France,1,NL,NL,0,Western,0,1985,2,1,1949,1955,France,0
f33b4bd6,NL,2,NL,NL,0,Western,2,1999,2,1,1978,1960,NL,1
f345caa4,NL,2,NL,NL,0,Western,0,1986,2,1,1957,1959,NL,1
f35d63aa,NL,1,NL,NL,0,Western,2,1984,2,1,1949,1957,NL,1
f3632c65,France,1,NL,NL,0,Western,1,1964,2,1,1943,1939,France,0
f3681f07,NL,1,NL,NL,0,Western,2,1991,2,1,1957,1955,NL,1
f36e4408,NL,1,NL,NL,0,Western,1,1985,2,1,1957,1956,NL,1
f3750aa0,NL,1,NL,US,1,Western,2,1999,2,1,1960,1964,NL,1
f37a1945,NL,1,NL,NL,0,Western,1,1996,2,1,1974,1959,NL,1
f37a2d31,NL,1,NL,France,1,Western,2,1962,1,1,1937,1934,NL,1
f37e1ab4,NL,1,NL,France,1,Western,2,1998,2,1,1965,1971,NL,1
f383529b,NL,1,NL,NL,0,Western,1,1970,2,1,1939,1933,NL,1
f38c6d5d,NL,1,France,NL,1,Western,1,1996,2,1,1968,1967,NL,1
f397c669,NL,-,France,NL,1,Western,1,1999,2,1,1968,1976,NL,1
f39c1e5c,NL,1,NL,NL,0,Western,1,1952,2,1,1930,1922,NL,1
f3a8e0a4,France,2,NL,NL,0,Western,1,1969,2,1,1946,1945,France,0
f3b87d08,NL,2,NL,NL,0,Western,0,1958,2,1,1937,1928,NL,1
f3bb8dd2,France,1,NL,France,1,Western,0,1986,2,1,1962,1965,France,0
f3d730f1,NL,2,France,NL,1,Western,1,1990,2,1,1958,1960,NL,1
f3d87f68,NL,1,France,NL,1,Western,1,1954,2,1,1923,1916,NL,1
f3e5998f,NL,2,NL,France,1,Western,2,1962,2,1,1932,1924,NL,1
f3e5b7f9,NL,1,NL,NL,0,Western,0,1984,2,1,1946,1959,NL,1
f3e83468,NL,2,NL,NL,0,Western,0,1984,2,1,1952,1963,NL,1
f3f19edc,Egypt,1,NL,US,1,Non-Western,0,1962,2,1,1937,1932,Egypt,0
f3f22673,NL,-,NL,France,1,Western,0,1950,2,1,1911,1912,NL,1
f3f7072b,NL,-,NL,NL,0,Western,0,1997,2,1,1962,1959,NL,1
f3f75624,France,1,NL,NL,0,Western,1,1981,2,1,1942,1960,France,0
f3f8a2ef,France,1,France,NL,1,Western,1,1988,2,1,1960,1954,France,0
f40c61d1,NL,2,NL,NL,0,Western,1,1951,2,1,1931,1929,NL,1
f41439b9,NL,1,US,France,2,Western,1,1997,2,1,1965,1975,NL,1
f420633f,US,1,NL,NL,0,Western,0,1966,2,1,1940,1934,US,0
f421b773,NL,1,NL,NL,0,Western,0,1991,2,1,1968,1961,NL,1
f425e5a7,NL,1,NL,France,1,Western,1,1997,2,1,1963,1975,NL,1
f4291179,NL,1,NL,France,1,Western,0,1952,2,1,1927,1924,NL,1
f42e042c,NL,2,France,France,2,Western,2,1992,2,1,1960,1964,NL,1
f4317101,NL,1,NL,NL,0,Western,1,1969,2,1,1933,1946,NL,1
f43241fd,NL,1,NL,NL,0,Western,1,1998,2,1,1961,1963,NL,1
f4359d31,NL,2,NL,NL,0,Western,0,1995,2,1,1969,1963,NL,1
f439ce4e,France,2,NL,NL,0,Western,2,1961,2,1,1928,1934,France,0
f439d5a0,NL,1,NL,France,1,Western,0,1980,2,1,1946,1948,NL,1
f44096a5,NL,1,NL,NL,0,Western,0,1952,2,1,1916,1918,NL,1
f44ebcb4,Egypt,1,NL,NL,0,Non-Western,0,1960,2,1,1922,1924,Egypt,0
f453739b,NL,1,NL,NL,0,Western,2,1992,2,1,1967,1963,NL,1
f4581394,NL,1,NL,NL,0,Western,1,1986,2,1,1962,1961,NL,1
f45bb560,NL,1,NL,NL,0,Western,0,1995,2,1,1959,1973,NL,1
f461d5db,NL,2,Egypt,NL,1,Western,0,1961,2,1,1923,1927,NL,1
f463a81e,NL,2,NL,NL,0,Western,1,1952,2,1,1919,1913,NL,1
f46736f5,NL,1,NL,NL,0,Western,2,1968,2,1,1947,1948,NL,1
f46f05c2,NL,2,NL,NL,0,Western,2,1987,2,1,1967,1951,NL,1
f47655a6,NL,2,NL,NL,0,Western,1,1989,2,1,1966,1963,NL,1
f476d1f1,NL,1,France,NL,1,Western,2,1970,2,1,1934,1934,NL,1
f4805cbe,France,2,NL,NL,0,Western,2,1955,2,1,1935,1933,France,0
f4811e74,France,1,NL,NL,0,Western,2,1963,2,1,1930,1926,France,0
f48e0e7b,NL,1,France,NL,1,Western,2,1980,2,1,1948,1949,NL,1
f48f761c,NL,2,NL,NL,0,Western,0,1960,2,1,1921,1926,NL,1
f490e7b8,France,1,France,NL,1,Western,1,1962,2,1,1936,1942,France,0
f495a6df,US,1,NL,NL,0,Western,0,1951,2,1,1926,1925,US,0
f4985f3e,France,1,NL,NL,0,Western,1,1962,2,1,1939,1936,France,0
f499c7ea,NL,1,NL,NL,0,Western,0,1955,2,1,1933,1920,NL,1
f4a0efec,NL,1,NL,NL,0,Western,0,1987,2,1,1965,1964,NL,1
f4aa2cfb,NL,1,NL,NL,0,Western,0,1985,2,1,1951,1952,NL,1
f4aea6c3,NL,-,NL,NL,0,Western,2,1970,2,1,1939,1945,NL,1
f4b126c4,NL,2,NL,NL,0,Western,1,1985,2,1,1962,1957,NL,1
f4b3312f,NL,1,NL,NL,0,Western,0,1967,2,1,1941,1940,NL,1
f4b47fb6,NL,1,NL,NL,0,Western,2,1993,2,1,1961,1970,NL,1
f4b7b9e5,NL,1,France,NL,1,Western,2,1989,2,1,1952,1958,NL,1
f4c29590,US,1,NL,NL,0,Western,0,1969,2,1,1935,1936,US,0
f4c6fae4,NL,2,NL,NL,0,Western,0,1964,2,1,1939,1936,NL,1
f4d18902,NL,2,NL,NL,0,Western,0,1963,2,1,1927,1940,NL,1
f4d1ac29,Egypt,1,NL,NL,0,Non-Western,2,1983,2,1,1960,1956,Egypt,0
f4d77913,France,1,France,NL,1,Western,2,1970,2,1,1946,1936,France,0
f4db3b36,NL,2,France,NL,1,Western,0,1981,2,1,1949,1946,NL,1
f4e1ef6f,NL,1,NL,NL,0,Western,2,1993,2,1,1966,1968,NL,1
f4f39fb2,NL,2,NL,NL,0,Western,0,1967,1,1,1946,1930,NL,1
f4f6d49d,NL,1,NL,NL,0,Western,1,1999,2,1,1978,1974,NL,1
f4fc0622,NL,2,NL,NL,0,Western,1,1995,2,1,1965,1970,NL,1
f4fe0330,NL,1,NL,Egypt,1,Western,0,1991,2,1,1965,1970,NL,1
f4ffe6ad,NL,-,NL,NL,0,Western,0,1990,2,-,1965,1969,NL,1
f5003cfe,NL,2,NL,NL,0,Western,2,1962,2,-,1935,1941,NL,1
f529da83,NL,2,NL,NL,0,Western,0,1994,2,1,1968,1963,NL,1
f52ab0a1,NL,2,NL,NL,0,Western,0,1959,2,1,1923,1924,NL,1
f53029a8,NL,2,NL,US,1,Western,1,1955,2,1,1935,1920,NL,1
f5361121,NL,2,NL,NL,0,Western,2,1980,2,1,1941,1948,NL,1
f546a057,France,1,NL,NL,0,Western,2,1961,2,1,1940,1939,France,0
f546dbab,NL,1,NL,NL,0,Western,2,1952,2,1,1930,1920,NL,1
f548c722,NL,2,NL,NL,0,Western,0,1989,2,1,1955,1951,NL,1
f5494ab3,NL,2,NL,NL,0,Western,1,1962,2,1,1938,1933,NL,1
f553e081,NL,2,NL,NL,0,Western,0,1962,2,1,1934,1939,NL,1
f55a826c,NL,1,NL,NL,0,Western,0,1955,2,1,1932,1920,NL,1
f55c01d7,NL,1,France,NL,1,Western,1,1965,2,1,1937,1938,NL,1
f55cdb23,NL,2,NL,NL,0,Western,2,1970,2,1,1939,1933,NL,1
f56a6ba0,NL,2,NL,NL,0,Western,1,1990,2,1,1969,1969,NL,1
f56b9100,NL,1,NL,NL,0,Western,1,1995,2,1,1958,1973,NL,1
f56cdf75,NL,2,NL,NL,0,Western,0,1964,2,1,1944,1927,NL,1
f5708aeb,NL,1,NL,NL,0,Western,1,1959,2,1,1925,1937,NL,1
f5744572,NL,2,NL,NL,0,Western,1,1957,2,1,1933,1932,NL,1
f578659f,US,1,NL,NL,0,Western,0,1985,2,1,1953,1953,US,0
f579f180,NL,2,NL,France,1,Western,0,1982,2,1,1959,1944,NL,1
f57e3940,NL,2,NL,NL,0,Western,2,1986,2,1,1965,1947,NL,1
f57e7e03,NL,1,NL,NL,0,Western,0,1993,2,1,1969,1970,NL,1
f582f035,NL,1,NL,NL,0,Western,1,1986,2,1,1963,1962,NL,1
f58d6730,NL,1,NL,NL,0,Western,2,1955,2,1,1926,1929,NL,1
f58e7fbc,NL,1,Egypt,NL,1,Western,1,1989,2,1,1965,1950,NL,1
f59057aa,NL,1,NL,NL,0,Western,0,1959,2,1,1925,1925,NL,1
f590e3d4,NL,1,NL,NL,0,Western,0,1981,2,1,1945,1948,NL,1
f596975e,NL,2,NL,NL,0,Western,1,1954,2,1,1922,1925,NL,1
f59b4bab,NL,1,NL,NL,0,Western,0,1984,2,1,1956,1950,NL,1
f59e031c,NL,1,NL,NL,0,Western,0,1966,2,1,1937,1932,NL,1
f5a7e68b,NL,2,NL,NL,0,Western,2,1970,2,1,1947,1950,NL,1
f5a9ba67,France,2,NL,NL,0,Western,1,1953,2,1,1918,1925,France,0
f5ae3535,NL,2,France,NL,1,Western,0,1960,2,1,1935,1933,NL,1
f5b0442b,France,1,NL,NL,0,Western,2,1969,2,1,1937,1930,France,0
f5b19965,France,1,US,NL,1,Western,0,1990,2,1,1953,1970,France,0
f5b470fc,France,2,NL,NL,0,Western,0,1963,2,1,1931,1941,France,0
f5bbb181,NL,1,NL,France,1,Western,1,1956,2,1,1924,1930,NL,1
f5c02fc2,France,1,NL,NL,0,Western,2,1981,2,1,1942,1951,France,0
f5c77f28,NL,2,NL,NL,0,Western,0,1957,2,1,1929,1929,NL,1
f5c8146d,NL,1,NL,NL,0,Western,2,1996,2,1,1964,1959,NL,1
f5cfe2ae,NL,1,NL,NL,0,Western,1,1953,2,1,1916,1915,NL,1
f5d44f55,NL,1,NL,NL,0,Western,2,1988,2,1,1964,1956,NL,1
f5d4ed5e,NL,2,NL,US,1,Western,1,1954,2,1,1931,1918,NL,1
f5d5e7b8,NL,2,NL,NL,0,Western,1,1951,2,1,1927,1920,NL,1
f5d98e2d,NL,1,NL,NL,0,Western,0,1952,2,1,1919,1913,NL,1
f5de688a,France,2,NL,France,1,Western,0,1968,2,1,1939,1932,France,0
f5e9ced0,NL,1,NL,France,1,Western,2,1986,2,1,1958,1966,NL,1
f5edb0ce,NL,1,NL,NL,0,Western,0,1988,2,1,1950,1954,NL,1
f62b7dd0,NL,1,France,NL,1,Western,0,1956,2,1,1924,1936,NL,1
f62ec393,NL,1,NL,NL,0,Western,1,1987,2,1,1956,1957,NL,1
f6334bb2,NL,2,Egypt,NL,1,Western,0,1967,2,1,1935,1946,NL,1
f634d221,NL,1,NL,NL,0,Western,1,1953,2,1,1930,1925,NL,1
f63bf53d,France,2,France,NL,1,Western,0,1982,2,1,1958,1951,France,0
f641af5a,NL,1,NL,NL,0,Western,0,1983,2,1,1962,1958,NL,1
f64bef99,NL,2,France,NL,1,Western,1,1990,2,1,1954,1964,NL,1
f652952d,NL,2,NL,NL,0,Western,1,1999,-,1,1970,1965,NL,1
f653a94b,NL,2,NL,NL,0,Western,2,1993,2,1,1958,1959,NL,1
f655ab37,France,1,NL,NL,0,Western,0,1950,2,1,1922,1929,France,0
f658737e,NL,2,NL,NL,0,Western,2,1995,2,-,1964,1960,NL,1
f65fa2ed,NL,2,NL,France,1,Western,0,1958,2,1,1923,1922,NL,1
f66a2bb7,NL,2,France,Egypt,2,Western,0,1990,2,1,1953,1962,NL,1
f66b54de,NL,1,France,NL,1,Western,2,1999,2,1,1977,1971,NL,1
f66bd07d,NL,1,NL,NL,0,Western,2,1988,2,1,1961,1952,NL,1
f675c220,NL,1,NL,NL,0,Western,1,1958,2,1,1933,1925,NL,1
f6824860,NL,1,NL,France,1,Western,1,1952,2,1,1932,1924,NL,1
f682a3cc,France,2,France,NL,1,Western,0,1968,2,1,1932,1937,France,0
f688268a,NL,1,NL,US,1,Western,1,1957,2,1,1933,1918,NL,1
f688df06,NL,1,NL,US,1,Western,1,1951,2,1,1921,1920,NL,1
f69678dc,NL,2,NL,NL,0,Western,0,1957,2,1,1922,1934,NL,1
f698ade2,NL,2,NL,NL,0,Western,1,1992,2,1,1960,1963,NL,1
f69c927b,NL,2,NL,NL,0,Western,1,1960,2,1,1933,1929,NL,1
f6a99111,NL,1,NL,NL,0,Western,1,1986,2,1,1952,1959,NL,1
f6ab002b,NL,2,France,NL,1,Western,0,1952,2,1,1921,1920,NL,1
f6aba1e7,NL,1,NL,NL,0,Western,0,1965,2,1,1928,1932,NL,1
f6ac6e59,NL,1,NL,NL,0,Western,0,1983,2,1,1962,1952,NL,1
f6af2031,France,1,NL,NL,0,Western,2,1965,2,1,1941,1930,France,0
f6b18a8c,NL,1,France,NL,1,Western,2,1994,2,1,1972,1959,NL,1
f6b405b9,NL,2,NL,NL,0,Western,2,1965,2,1,1927,1931,NL,1
f6be5b3c,NL,2,NL,NL,0,Western,1,1959,2,1,1935,1925,NL,1
f6c7d4bb,NL,1,NL,NL,0,Western,2,1988,2,1,1964,1958,NL,1
f6d0b277,France,2,NL,NL,0,Western,2,1952,2,1,1929,1926,France,0
f6d55ec8,NL,1,Egypt,NL,1,Western,0,1983,2,1,1948,1945,NL,1
f6d8b83e,France,1,Egypt,NL,1,Western,0,1987,2,1,1951,1959,France,0
f6de20ba,NL,2,NL,NL,0,Western,1,1984,2,1,1960,1963,NL,1
f6e27a51,NL,1,France,NL,1,Western,2,1997,2,1,1971,1961,NL,1
f6f7bcbe,NL,2,NL,NL,0,Western,1,1987,2,1,1953,1948,NL,1
f6fb9b0a,NL,2,NL,NL,0,Western,1,1952,2,1,1928,1921,NL,1
f6fc69e3,NL,1,NL,NL,0,Western,2,1988,2,1,1957,1964,NL,1
f6fe19ca,France,1,NL,France,1,Western,2,1950,2,-,1925,1913,France,0
f6feb978,NL,2,NL,NL,0,Western,-,1999,2,1,1973,1964,NL,1
f7009a3b,NL,2,NL,NL,0,Western,1,1969,2,1,1938,1944,NL,1
f708c1f5,NL,2,NL,NL,0,Western,1,1962,2,1,1936,1939,NL,1
f712bf4a,NL,2,NL,NL,0,Western,1,1955,2,1,1932,1919,NL,1
f715b3bc,France,2,NL,NL,0,Western,2,1954,2,1,1919,1916,France,0
f71a05be,France,1,NL,US,1,Western,2,1986,2,1,1951,1960,France,0
f71c1a13,France,1,NL,NL,0,Western,2,1989,2,1,1964,1953,France,0
f7218861,NL,1,NL,NL,0,Western,0,1999,2,1,1976,1966,NL,1
f730234e,NL,2,NL,NL,0,Western,2,1987,2,1,1948,1960,NL,1
f730d2ac,NL,2,NL,France,1,Western,0,1956,2,1,1936,1929,NL,1
f73200ff,NL,1,US,France,2,Western,2,1983,2,1,1952,1958,NL,1
f732172a,France,2,NL,NL,0,Western,2,1981,2,1,1943,1942,France,0
f7324e2c,NL,1,NL,NL,0,Western,1,1995,2,1,1965,1969,NL,1
f7354f23,NL,1,NL,NL,0,Western,1,1953,2,1,1922,1922,NL,1
f73ad79a,NL,1,NL,NL,0,Western,1,1965,2,1,1941,1933,NL,1
f73bdcff,NL,2,NL,France,1,Western,0,1996,2,1,1961,1975,NL,1
f74ad4e9,US,1,NL,NL,0,Western,1,1988,2,1,1949,1963,US,0
f74c06c6,France,1,NL,NL,0,Western,1,1986,2,1,1954,1961,France,0
f74e4820,France,2,France,NL,1,Western,0,1955,2,1,1919,1920,France,0
f752a2d7,France,1,NL,France,1,Western,1,1984,2,1,1957,1961,France,0
f7587d6e,NL,1,NL,NL,0,Western,2,1955,2,1,1927,1922,NL,1
f759e099,NL,2,NL,France,1,Western,1,1994,2,1,1964,1960,NL,1
f75a296c,NL,2,NL,France,1,Western,2,1996,2,1,1961,1968,NL,1
f7682fbe,NL,1,NL,France,1,Western,0,1983,2,1,1962,1944,NL,1
f76b4d7e,NL,1,NL,NL,0,Western,0,1985,2,1,1959,1952,NL,1
f77348a4,NL,1,NL,US,1,Western,2,1953,2,1,1931,1927,NL,1
f77e7032,NL,2,NL,US,1,Western,0,1981,2,1,1943,1942,NL,1
f77e77da,NL,2,NL,NL,0,Western,0,1970,2,1,1939,1932,NL,1
f77e9411,France,2,NL,NL,0,Western,2,1957,2,1,1918,1927,France,0
f781f053,France,1,NL,NL,0,Western,2,1955,2,1,1925,1924,France,0
f782b15a,NL,1,France,NL,1,Western,1,1955,2,1,1933,1925,NL,1
f78b0ed8,NL,2,NL,France,1,Western,0,1966,2,1,1939,1944,NL,1
f7900a1a,NL,1,NL,NL,0,Western,2,1993,2,1,1960,1966,NL,1
f794ac57,NL,1,NL,NL,0,Western,-,1995,2,1,1969,1966,NL,1
f79b2d3b,NL,2,NL,France,1,Western,1,1990,2,1,1961,1970,NL,1
f79dd4ec,NL,1,NL,NL,0,Western,0,1985,2,1,1962,1959,NL,1
f7a79dd9,NL,1,NL,NL,0,Western,1,1988,2,1,1955,1949,NL,1
f7ad9e98,France,1,NL,France,1,Western,1,1987,2,1,1961,1952,France,0
f7b59449,NL,2,NL,NL,0,Western,0,1963,2,1,1943,1930,NL,1
f7b6d003,NL,1,France,NL,1,Western,1,1988,2,1,1966,1959,NL,1
f7c26dee,NL,2,NL,NL,0,Western,1,1970,2,-,1935,1935,NL,1
f7c35e45,NL,2,NL,US,1,Western,2,1952,2,1,1916,1929,NL,1
f7c8d084,NL,1,NL,NL,0,Western,1,1991,2,1,1963,1969,NL,1
f7d0f81b,France,1,NL,NL,0,Western,0,1962,2,-,1940,1924,France,0
f7d10954,NL,1,US,NL,1,Western,1,1958,2,1,1937,1930,NL,1
f7d56167,NL,2,NL,NL,0,Western,1,1956,2,1,1923,1923,NL,1
f7d5bc2c,NL,2,NL,NL,0,Western,0,1967,2,1,1944,1940,NL,1
f7db9180,NL,2,NL,NL,0,Western,2,1981,2,1,1960,1943,NL,1
f7de5ba7,France,1,NL,NL,0,Western,2,1965,2,2,1943,1937,France,0
f7de5d21,NL,2,France,NL,1,Western,1,1955,2,1,1931,1926,NL,1
f7e8af51,NL,2,France,NL,1,Western,1,1965,2,1,1935,1939,NL,1
f7e93974,NL,1,NL,NL,0,Western,1,1981,2,1,1953,1943,NL,1
f7ebd418,NL,2,NL,NL,0,Western,2,1991,2,1,1971,1969,NL,1
f7ec172e,France,1,NL,NL,0,Western,0,1986,2,1,1957,1965,France,0
f7ecd068,France,1,NL,France,1,Western,1,1987,2,1,1950,1953,France,0
f7fdfa42,NL,1,NL,NL,0,Western,0,1970,2,1,1948,1933,NL,1
f804a137,NL,1,NL,NL,0,Western,1,1954,2,1,1931,1930,NL,1
f806d611,NL,2,France,NL,1,Western,1,1989,2,1,1969,1952,NL,1
f80ad05f,NL,1,NL,NL,0,Western,2,1951,2,1,1913,1918,NL,1
f810f7e3,NL,2,NL,NL,0,Western,1,1956,2,1,1930,1923,NL,1
f811a4a6,NL,2,NL,NL,0,Western,1,1980,2,1,1945,1956,NL,1
f819340c,NL,1,France,US,2,Western,0,1957,2,1,1928,1937,NL,1
f8258ca2,NL,1,NL,NL,0,Western,2,1962,2,1,1939,1928,NL,1
f82c9e23,NL,1,NL,France,1,Western,1,1960,2,1,1925,1933,NL,1
f837b31c,NL,1,NL,NL,0,Western,0,1992,2,1,1971,1958,NL,1
f8393a33,NL,1,US,US,2,Western,2,1956,2,1,1920,1926,NL,1
f83bc86d,NL,2,NL,NL,0,Western,2,1952,2,1,1926,1916,NL,1
f842c008,NL,1,NL,NL,0,Western,1,1962,2,1,1933,1938,NL,1
f8474591,NL,1,NL,France,1,Western,0,1953,2,1,1923,1922,NL,1
f849945e,France,2,NL,France,1,Western,0,1983,2,1,1948,1951,France,0
f84cda83,NL,2,NL,NL,0,Western,2,1959,2,1,1931,1936,NL,1
f84d1beb,NL,2,NL,NL,0,Western,0,1980,2,1,1948,1946,NL,1
f84f2b29,NL,2,NL,France,1,Western,1,1969,2,1,1944,1931,NL,1
f85197fb,France,1,NL,NL,0,Western,0,1984,2,1,1956,1954,France,0
f8519a5d,NL,1,NL,NL,0,Western,0,1986,2,1,1955,1950,NL,1
f851f264,NL,1,NL,NL,0,Western,1,1991,2,1,1971,1966,NL,1
f852b5bd,NL,1,NL,NL,0,Western,2,1982,2,1,1954,1958,NL,1
f8551ee0,NL,1,NL,NL,0,Western,1,1969,2,1,1948,1943,NL,1
f85bed9d,NL,2,US,NL,1,Western,0,1981,2,1,1947,1942,NL,1
f85bfad5,NL,2,NL,Egypt,1,Western,0,1954,2,1,1920,1918,NL,1
f870d817,NL,1,NL,NL,0,Western,1,1970,2,1,1933,1935,NL,1
f87fc5fa,NL,2,NL,NL,0,Western,1,1982,2,2,1954,1946,NL,1
f8877c05,NL,2,NL,France,1,Western,2,1953,2,1,1927,1928,NL,1
f893aa31,NL,1,NL,NL,0,Western,0,1957,2,1,1929,1929,NL,1
f89543cb,NL,1,NL,NL,0,Western,0,1988,2,1,1968,1962,NL,1
f8971808,France,1,NL,France,1,Western,2,1990,2,1,1951,1957,France,0
f8a2cb5d,NL,1,NL,US,1,Western,0,1960,-,1,1933,1939,NL,1
f8a8278f,NL,1,NL,NL,0,Western,1,1994,2,1,1970,1957,NL,1
f8ac5643,NL,1,NL,NL,0,Western,2,1988,2,1,1964,1956,NL,1
f8c16c7b,NL,1,France,Egypt,2,Western,1,1991,2,1,1955,1970,NL,1
f8c5f7c9,NL,2,NL,NL,0,Western,1,1969,2,1,1936,1937,NL,1
f8cd0811,NL,1,NL,NL,0,Western,-,1983,2,1,1960,1944,NL,1
f8d06078,France,1,NL,France,1,Western,2,1984,2,1,1957,1948,France,0
f8d11d76,NL,1,NL,NL,0,Western,1,1959,2,1,1939,1927,NL,1
f8d19c43,NL,2,NL,France,1,Western,2,1994,2,1,1967,1971,NL,1
f8d1bdf0,NL,2,Egypt,France,2,Western,1,1981,2,1,1943,1957,NL,1
f8d46568,NL,2,NL,NL,0,Western,0,1981,2,1,1946,1944,NL,1
f8d5361d,NL,2,France,NL,1,Western,0,1950,2,1,1924,1918,NL,1
f8e5acd2,NL,2,France,NL,1,Western,2,1965,2,1,1929,1928,NL,1
f8e9c18a,NL,2,NL,NL,0,Western,0,1995,2,1,1961,1959,NL,1
f8ee81c0,NL,2,NL,NL,0,Western,2,1967,2,1,1941,1947,NL,1
f8eea61b,NL,1,NL,France,1,Western,-,1967,2,1,1947,1935,NL,1
f8f30df1,NL,2,NL,NL,0,Western,0,1984,2,1,1953,1963,NL,1
f8f64b68,NL,1,NL,NL,0,Western,2,1989,2,1,1955,1963,NL,1
f8f7f23d,NL,1,NL,NL,0,Western,1,1996,2,1,1960,1967,NL,1
f8f805aa,NL,1,NL,NL,0,Western,1,1984,2,1,1948,1955,NL,1
f907d460,NL,1,NL,NL,0,Western,1,1992,2,1,1965,1971,NL,1
f90881de,France,1,France,NL,1,Western,0,1965,2,1,1934,1931,France,0
f90a540a,US,2,France,NL,1,Western,0,1970,2,1,1934,1947,US,0
f90a9694,NL,1,NL,France,1,Western,1,1984,2,-,1947,1945,NL,1
f90ce6c0,US,1,NL,NL,0,Western,1,1988,2,1,1965,1951,US,0
f90d07ad,Egypt,2,NL,NL,0,Non-Western,1,1952,2,1,1923,1926,Egypt,0
f9101a1e,NL,1,NL,NL,0,Western,1,1996,2,1,1962,1965,NL,1
f92ba4ce,NL,1,NL,NL,0,Western,1,1952,2,1,1919,1924,NL,1
f92d2b1e,NL,2,NL,NL,0,Western,1,1986,2,1,1958,1963,NL,1
f92f1c58,NL,2,NL,NL,0,Western,1,1996,2,1,1961,1961,NL,1
f94c561d,NL,2,NL,France,1,Western,0,1983,2,1,1961,1961,NL,1
f9511500,NL,2,NL,France,1,Western,2,1953,2,1,1931,1931,NL,1
f956d3eb,NL,2,France,France,2,Western,2,1983,2,-,1958,1945,NL,1
f95807f7,NL,2,NL,NL,0,Western,1,1985,1,1,1965,1955,NL,1
f95844f6,NL,2,NL,France,1,Western,0,1993,2,1,1963,1962,NL,1
f95c9408,NL,2,France,NL,1,Western,0,1987,2,1,1959,1948,NL,1
f965faba,France,1,France,NL,1,Western,0,1982,2,1,1954,1949,France,0
f96bd9b5,NL,2,NL,NL,0,Western,0,1961,2,1,1930,1925,NL,1
f96d2968,NL,2,France,NL,1,Western,1,1968,2,1,1946,1944,NL,1
f96eb16b,NL,1,NL,NL,0,Western,2,1986,2,1,1965,1963,NL,1
f97a89cd,France,1,NL,NL,0,Western,0,1980,2,1,1947,1946,France,0
f984812b,NL,2,France,NL,1,Western,1,1981,2,1,1945,1943,NL,1
f98f3c61,NL,1,NL,Egypt,1,Western,0,1951,2,1,1922,1915,NL,1
f9b23ef7,NL,2,France,NL,1,Western,1,1989,2,1,1954,1966,NL,1
f9b24946,NL,1,NL,Egypt,1,Western,2,1957,2,1,1933,1934,NL,1
f9b4237b,NL,1,NL,NL,0,Western,2,1951,2,1,1914,1925,NL,1
f9b8b8dc,France,2,NL,France,1,Western,2,1953,2,1,1928,1918,France,0
f9c10678,NL,1,France,NL,1,Western,0,1963,2,1,1926,1928,NL,1
f9c5500b,NL,1,NL,NL,0,Western,2,1964,2,1,1926,1934,NL,1
f9c925cb,NL,1,France,NL,1,Western,1,1981,2,1,1955,1957,NL,1
f9d0f39d,NL,1,NL,NL,0,Western,1,1950,2,1,1930,1911,NL,1
f9df5596,France,1,France,NL,1,Western,1,1983,2,1,1949,1952,France,0
f9dfaeae,France,2,NL,NL,0,Western,0,1964,2,1,1929,1934,France,0
f9e0d019,France,2,NL,NL,0,Western,0,1954,2,1,1923,1915,France,0
f9e2b3bc,NL,2,NL,NL,0,Western,1,1990,2,1,1962,1955,NL,1
f9e4028a,NL,2,NL,NL,0,Western,1,1955,2,1,1927,1920,NL,1
f9e44424,NL,2,NL,NL,0,Western,2,1995,2,1,1957,1966,NL,1
f9e72534,NL,2,NL,NL,0,Western,1,1966,2,1,1942,1930,NL,1
f9e7e115,NL,2,NL,NL,0,Western,1,1992,2,1,1956,1959,NL,1
f9ed1901,NL,2,NL,NL,0,Western,1,1994,2,1,1956,1962,NL,1
f9f19a05,NL,1,Egypt,NL,1,Western,2,1994,2,1,1968,1966,NL,1
f9f43ab0,NL,1,NL,NL,0,Western,2,1959,2,1,1922,1933,NL,1
f9f5aa13,NL,2,NL,NL,0,Western,0,1952,2,1,1920,1932,NL,1
f9fc9171,NL,1,NL,NL,0,Western,2,1950,2,1,1919,1918,NL,1
fa08629e,NL,2,France,NL,1,Western,0,1967,2,1,1932,1947,NL,1
fa18db5c,NL,1,NL,NL,0,Western,1,1989,2,1,1966,1950,NL,1
fa1b23cc,NL,1,Egypt,NL,1,Western,2,1997,2,1,1966,1965,NL,1
fa1dedbe,NL,1,NL,Egypt,1,Western,2,1997,2,1,1967,1969,NL,1
fa1ebd41,NL,2,NL,France,1,Western,2,1966,2,1,1933,1934,NL,1
fa31a1b1,NL,2,NL,NL,0,Western,2,1952,2,1,1921,1931,NL,1
fa32236f,France,1,NL,NL,0,Western,1,1950,2,1,1925,1916,France,0
fa35e32c,NL,2,NL,NL,0,Western,0,1995,2,1,1975,1975,NL,1
fa417f36,NL,2,NL,NL,0,Western,1,1994,2,1,1962,1970,NL,1
fa4b4929,NL,1,NL,NL,0,Western,0,1956,2,1,1930,1926,NL,1
fa4c51fd,NL,2,NL,NL,0,Western,0,1952,2,1,1917,1930,NL,1
fa50d2cc,France,2,NL,France,1,Western,0,1967,2,1,1946,1932,France,0
fa51f460,NL,1,Egypt,NL,1,Western,2,1997,2,1,1968,1965,NL,1
fa58474c,NL,2,NL,NL,0,Western,1,1960,2,1,1940,1927,NL,1
fa5c380d,NL,-,NL,NL,0,Western,2,1967,2,1,1938,1937,NL,1
fa7900eb,NL,-,NL,US,1,Western,2,1983,2,1,1957,1963,NL,1
fa839721,NL,1,NL,NL,0,Western,2,1981,2,1,1953,1947,NL,1
fa84a9e9,NL,-,NL,France,1,Western,1,1986,2,1,1955,1957,NL,1
fa87edb5,NL,2,NL,NL,0,Western,2,1996,2,1,1973,1958,NL,1
fa8be9f8,NL,1,France,NL,1,Western,0,1981,2,1,1947,1944,NL,1
fa94c50c,NL,1,NL,NL,0,Western,2,1955,2,1,1933,1934,NL,1
faa13f90,NL,2,NL,NL,0,Western,1,1966,2,1,1941,1931,NL,1
faa61aff,US,2,NL,NL,0,Western,1,1970,2,1,1939,1946,US,0
faa71b5c,Egypt,2,Egypt,NL,1,Non-Western,0,1987,2,1,1962,1961,Egypt,0
faa80175,NL,1,NL,NL,0,Western,2,1999,2,1,1978,1963,NL,1
faacc9ce,NL,2,France,NL,1,Western,0,1953,2,1,1929,1926,NL,1
fab0dd0a,NL,2,France,US,2,Western,2,1957,2,1,1922,1934,NL,1
fab3bc00,NL,-,NL,NL,0,Western,2,1966,2,1,1939,1944,NL,1
fab771c9,France,2,France,NL,1,Western,2,1990,2,1,1956,1968,France,0
fac44326,NL,1,NL,NL,0,Western,2,1997,2,1,1976,1959,NL,1
fac576d4,France,2,France,France,2,Western,1,1988,2,1,1954,1956,France,0
fac6cd07,NL,1,NL,NL,0,Western,1,1991,2,1,1954,1963,NL,1
facc3832,NL,2,NL,NL,0,Western,1,1994,2,1,1972,1966,NL,1
fad4ee65,NL,2,NL,France,1,Western,0,1960,2,1,1940,1936,NL,1
fad6c92a,NL,2,NL,US,1,Western,0,1969,2,1,1940,1942,NL,1
fad902c2,NL,2,NL,NL,0,Western,0,1996,2,1,1957,1974,NL,1
fae04481,NL,1,France,NL,1,Western,2,1954,2,1,1915,1922,NL,1
fae46a40,NL,2,NL,NL,0,Western,0,1981,2,1,1949,1959,NL,1
faefdde0,NL,2,NL,France,1,Western,1,1962,2,1,1926,1937,NL,1
faf84c81,NL,1,NL,NL,0,Western,1,1956,2,1,1932,1919,NL,1
fafc5a56,France,1,NL,NL,0,Western,0,1966,2,-,1932,1943,France,0
fb06fc73,NL,1,NL,NL,0,Western,0,1993,2,1,1973,1958,NL,1
fb073da4,NL,2,France,France,2,Western,1,1999,2,1,1979,1963,NL,1
fb0a02c6,NL,1,NL,France,1,Western,1,1950,2,1,1912,1912,NL,1
fb10c655,NL,2,NL,NL,0,Western,2,1969,2,1,1940,1937,NL,1
fb127e3a,NL,2,NL,France,1,Western,1,1983,2,1,1963,1959,NL,1
fb12db0b,NL,1,NL,France,1,Western,1,1990,2,1,1968,1970,NL,1
fb162e6c,NL,2,US,NL,1,Western,2,1950,2,1,1921,1924,NL,1
fb20a76c,France,2,France,NL,1,Western,0,1951,2,1,1927,1924,France,0
fb24bd11,NL,2,NL,NL,0,Western,1,1963,2,1,1933,1927,NL,1
fb2c9d5f,NL,1,France,NL,1,Western,2,1991,2,1,1962,1957,NL,1
fb3291f6,NL,1,NL,US,1,Western,1,1952,2,1,1913,1930,NL,1
fb4640b3,NL,2,NL,NL,0,Western,2,1951,2,1,1930,1924,NL,1
fb507958,NL,1,NL,France,1,Western,0,1962,2,1,1926,1923,NL,1
fb525ac0,NL,1,NL,NL,0,Western,-,1995,2,1,1958,1969,NL,1
fb5510c9,NL,2,Egypt,NL,1,Western,0,1991,2,1,1964,1954,NL,1
fb63d41c,NL,2,NL,NL,0,Western,1,1998,2,1,1972,1973,NL,1
fb695bc5,NL,2,NL,NL,0,Western,2,1995,2,1,1967,1964,NL,1
fb6b3258,NL,1,NL,France,1,Western,1,1996,2,1,1968,1974,NL,1
fb7131a2,US,1,France,NL,1,Western,0,1958,2,1,1921,1934,US,0
fb75021b,NL,2,NL,NL,0,Western,1,1954,2,1,1922,1920,NL,1
fb79b4cf,NL,2,France,NL,1,Western,0,1995,2,1,1961,1962,NL,1
fb7b3cce,NL,1,NL,NL,0,Western,2,1968,2,1,1937,1948,NL,1
fb81a14a,NL,2,NL,NL,0,Western,2,1961,2,1,1927,1938,NL,1
fb85bfee,France,1,NL,NL,0,Western,1,1955,2,1,1923,1928,France,0
fb88d3cb,NL,2,France,NL,1,Western,0,1980,2,1,1943,1960,NL,1
fb8ddac7,NL,1,NL,NL,0,Western,0,1990,2,1,1969,1963,NL,1
fb97e348,NL,2,Egypt,NL,1,Western,0,1953,2,1,1928,1927,NL,1
fba08946,NL,1,France,NL,1,Western,1,1984,2,1,1947,1951,NL,1
fbacd9dc,US,1,Egypt,France,2,Western,1,1955,2,1,1929,1929,US,0
fbb6c1ec,NL,2,NL,NL,0,Western,2,1995,2,1,1967,1969,NL,1
fbbdf61f,NL,2,NL,France,1,Western,2,1959,2,1,1930,1933,NL,1
fbc2fa3c,NL,2,France,US,2,Western,0,1984,2,1,1946,1964,NL,1
fbc4f7bf,US,2,France,NL,1,Western,0,1966,2,1,1937,1927,US,0
fbcc780f,France,2,NL,NL,0,Western,1,1950,2,1,1911,1919,France,0
fbd0ef51,NL,1,NL,NL,0,Western,1,1966,2,1,1939,1929,NL,1
fbd49013,NL,1,NL,NL,0,Western,2,1989,2,1,1958,1957,NL,1
fbd9472e,NL,2,France,NL,1,Western,0,1967,2,1,1931,1941,NL,1
fbe19b53,France,2,NL,NL,0,Western,0,1989,2,1,1955,1963,France,0
fbe3850e,France,1,NL,NL,0,Western,2,1970,2,1,1935,1933,France,0
fbeabf05,NL,1,NL,NL,0,Western,1,1968,2,1,1931,1930,NL,1
fbf32ad4,NL,2,NL,NL,0,Western,2,1998,2,1,1962,1965,NL,1
fbf3d0ba,NL,2,Egypt,France,2,Western,1,1969,2,1,1937,1935,NL,1
fbfc4fc9,NL,2,NL,NL,0,Western,1,1996,2,1,1962,1966,NL,1
fbfc7d06,US,1,NL,France,1,Western,2,1965,2,1,1937,1931,US,0
fbfdacda,France,1,NL,France,1,Western,1,1953,2,1,1924,1933,France,0
fbfef060,NL,2,France,NL,1,Western,1,1984,2,1,1962,1953,NL,1
fc020916,NL,2,France,NL,1,Western,1,1991,2,1,1964,1953,NL,1
fc052da0,NL,2,France,NL,1,Western,1,1953,2,1,1920,1932,NL,1
fc05828c,NL,1,NL,NL,0,Western,1,1995,2,1,1966,1968,NL,1
fc131088,France,2,US,France,2,Western,1,1986,2,1,1947,1963,France,0
fc271a3e,Egypt,1,NL,NL,0,Non-Western,0,1990,2,1,1963,1969,Egypt,0
fc2b4e1c,NL,2,NL,NL,0,Western,2,1985,2,1,1965,1950,NL,1
fc355151,NL,2,NL,NL,0,Western,1,1996,2,1,1975,1968,NL,1
fc3acaf9,NL,2,NL,NL,0,Western,0,1961,2,1,1924,1932,NL,1
fc3c01e5,NL,1,NL,NL,0,Western,0,1992,2,1,1966,1972,NL,1
fc4097b1,NL,1,NL,NL,0,Western,2,1959,2,1,1923,1930,NL,1
fc40b34b,NL,2,NL,NL,0,Western,2,1989,2,1,1960,1968,NL,1
fc4dcb92,NL,1,NL,NL,0,Western,0,1987,2,1,1962,1961,NL,1
fc4ebda3,NL,1,NL,NL,0,Western,1,1957,2,1,1918,1923,NL,1
fc500ebd,NL,2,NL,NL,0,Western,2,1953,-,1,1916,1930,NL,1
fc5dc145,NL,1,NL,NL,0,Western,0,1989,2,1,1959,1956,NL,1
fc6060f6,France,1,France,France,2,Western,1,1986,2,1,1953,1957,France,0
fc61341d,France,1,Egypt,NL,1,Western,1,1968,2,1,1937,1945,France,0
fc68c4d6,NL,1,NL,France,1,Western,1,1981,2,1,1960,1959,NL,1
fc7c311e,NL,2,US,France,2,Western,0,1953,2,1,1931,1924,NL,1
fc7e1053,NL,2,NL,NL,0,Western,0,1959,2,1,1939,1938,NL,1
fc8adc9c,NL,1,France,NL,1,Western,0,1982,2,1,1962,1954,NL,1
fc8d169a,US,2,NL,NL,0,Western,1,1960,2,1,1926,1926,US,0
fc921c8d,NL,2,France,Egypt,2,Western,1,1956,2,1,1926,1917,NL,1
fc960515,NL,1,NL,NL,0,Western,2,1962,2,1,1939,1939,NL,1
fc9b5bb6,NL,1,NL,NL,0,Western,1,1984,2,1,1948,1960,NL,1
fca38304,NL,1,NL,NL,0,Western,0,1954,2,1,1926,1922,NL,1
fcaa5eac,NL,1,NL,NL,0,Western,2,1951,2,1,1919,1915,NL,1
fcab7911,NL,1,NL,NL,0,Western,0,1998,1,1,1963,1970,NL,1
fcaf8d6a,NL,1,NL,NL,0,Western,2,1961,2,1,1922,1923,NL,1
fcb611aa,NL,2,NL,NL,0,Western,2,1964,2,1,1935,1925,NL,1
fcbc7de5,NL,2,NL,France,1,Western,1,1998,2,1,1973,1969,NL,1
fcbff251,NL,1,France,NL,1,Western,1,1959,2,1,1932,1922,NL,1
fcc055d6,NL,2,NL,France,1,Western,0,1952,2,1,1932,1918,NL,1
fcc598dd,France,1,NL,NL,0,Western,2,1986,2,1,1959,1955,France,0
fcc7a0cc,France,2,NL,NL,0,Western,2,1985,2,1,1959,1964,France,0
fccf3f8b,NL,2,US,NL,1,Western,1,1967,2,1,1945,1944,NL,1
fccff0e4,NL,2,NL,NL,0,Western,0,1989,2,1,1960,1953,NL,1
fcde1770,NL,2,NL,NL,0,Western,1,1984,2,1,1950,1947,NL,1
fce00299,NL,2,NL,NL,0,Western,0,1953,2,1,1927,1915,NL,1
fce62142,NL,1,France,NL,1,Western,1,1984,2,1,1946,1955,NL,1
fcec5b4a,NL,2,NL,NL,0,Western,1,1956,2,1,1925,1923,NL,1
fcee0dbb,NL,1,NL,NL,0,Western,0,1952,2,1,1927,1926,NL,1
fcf17c92,NL,1,NL,NL,0,Western,2,1962,2,1,1930,1936,NL,1
fcf98701,France,1,NL,NL,0,Western,1,1983,2,1,1950,1953,France,0
fcffc1a5,NL,2,France,NL,1,Western,1,1966,2,1,1942,1936,NL,1
fd05f57c,France,1,NL,NL,0,Western,0,1964,2,1,1939,1931,France,0
fd0b0077,France,1,NL,France,1,Western,2,1951,2,1,1922,1913,France,0
fd1124b6,NL,2,NL,France,1,Western,0,1989,2,1,1955,1954,NL,1
fd1a7aec,NL,2,NL,NL,0,Western,1,1955,2,1,1923,1922,NL,1
fd1f0e4b,NL,2,NL,NL,0,Western,2,1960,2,1,1936,1922,NL,1
fd2110f3,NL,1,NL,NL,0,Western,1,1982,2,1,1959,1951,NL,1
fd22d2c6,NL,1,France,NL,1,Western,0,1967,2,1,1930,1938,NL,1
fd29273a,NL,1,NL,NL,0,Western,1,1963,2,1,1935,1926,NL,1
fd3b32c4,NL,1,France,NL,1,Western,-,1985,2,1,1965,1960,NL,1
fd3e7fa5,NL,2,NL,NL,0,Western,0,1967,2,1,1946,1937,NL,1
fd3f465d,NL,2,NL,NL,0,Western,1,1989,2,1,1960,1951,NL,1
fd41d86b,NL,2,NL,France,1,Western,1,1969,2,1,1936,1949,NL,1
fd4217a8,NL,1,France,NL,1,Western,0,1997,2,1,1958,1965,NL,1
fd43f3b8,NL,2,NL,NL,0,Western,1,1957,2,1,1922,1919,NL,1
fd45d76d,NL,2,Egypt,NL,1,Western,-,1988,2,1,1953,1968,NL,1
fd461329,NL,2,France,NL,1,Western,1,1998,2,2,1973,1973,NL,1
fd466e32,France,2,NL,US,1,Western,1,1958,2,1,1925,1924,France,0
fd4eaae6,NL,2,NL,NL,0,Western,2,1999,2,1,1972,1964,NL,1
fd4f6993,NL,2,NL,NL,0,Western,2,1957,-,1,1934,1924,NL,1
fd508489,NL,1,Egypt,NL,1,Western,2,1960,2,1,1926,1930,NL,1
fd52693b,Egypt,2,France,NL,1,Non-Western,1,1955,2,1,1925,1928,Egypt,0
fd52b1ad,NL,1,NL,NL,0,Western,2,1953,-,1,1932,1933,NL,1
fd548ed0,NL,1,France,France,2,Western,1,1957,2,1,1933,1920,NL,1
fd557796,NL,2,NL,NL,0,Western,1,1997,2,1,1970,1976,NL,1
fd55d0dd,NL,2,NL,NL,0,Western,1,1993,2,1,1956,1973,NL,1
fd61b169,NL,1,NL,NL,0,Western,0,1997,2,1,1967,1958,NL,1
fd692d9b,US,1,NL,NL,0,Western,2,1980,2,1,1945,1949,US,0
fd6d9610,NL,1,NL,NL,0,Western,1,1981,2,1,1943,1957,NL,1
fd6f0dd5,NL,2,NL,NL,0,Western,2,1997,2,1,1974,1976,NL,1
fd704c30,NL,2,NL,NL,0,Western,2,1994,2,1,1962,1973,NL,1
fd763fbe,NL,2,NL,France,1,Western,1,1988,2,1,1960,1952,NL,1
fd7e42f4,Egypt,2,NL,NL,0,Non-Western,0,1956,2,1,1917,1932,Egypt,0
fd804260,NL,1,France,NL,1,Western,0,1988,2,1,1968,1967,NL,1
fd832f02,NL,2,NL,NL,0,Western,1,1954,1,1,1930,1918,NL,1
fd83ff67,NL,2,NL,France,1,Western,2,1994,2,1,1959,1967,NL,1
fd85f4c4,NL,2,NL,NL,0,Western,1,1987,2,1,1960,1966,NL,1
fd87eb6e,NL,1,NL,NL,0,Western,1,1968,2,1,1930,1936,NL,1
fd972dc0,France,1,NL,NL,0,Western,2,1950,2,1,1911,1923,France,0
fd992134,NL,1,US,Egypt,2,Western,2,1967,2,1,1931,1928,NL,1
fda57175,France,1,NL,US,1,Western,0,1950,2,1,1926,1911,France,0
fdadd6e8,France,1,France,NL,1,Western,1,1981,2,1,1950,1951,France,0
fdb05dc8,NL,2,NL,NL,0,Western,1,1970,2,1,1938,1944,NL,1
fdc0ab9b,NL,1,NL,NL,0,Western,0,1992,2,1,1970,1960,NL,1
fdc2e188,NL,1,France,France,2,Western,2,1953,2,1,1921,1924,NL,1
fdc33ae2,NL,2,NL,NL,0,Western,1,1955,2,1,1925,1920,NL,1
fdcaa7d5,NL,1,NL,NL,0,Western,1,1986,2,1,1954,1948,NL,1
fdceb837,US,1,NL,NL,0,Western,1,1989,2,1,1964,1954,US,0
fdd4aa91,NL,2,NL,NL,0,Western,0,1953,2,1,1933,1925,NL,1
fdd74cc8,NL,1,NL,NL,0,Western,2,1964,1,1,1932,1936,NL,1
fdda82ea,NL,2,NL,NL,0,Western,2,1994,2,1,1970,1964,NL,1
fdde0af1,NL,2,NL,NL,0,Western,1,1997,2,1,1971,1969,NL,1
fdded656,NL,1,France,NL,1,Western,0,1959,2,1,1924,1938,NL,1
fde5cc4e,NL,2,France,NL,1,Western,1,1998,2,1,1965,1977,NL,1
fde6401f,France,1,NL,NL,0,Western,1,1987,2,1,1950,1956,France,0
fe040e2e,NL,2,France,NL,1,Western,0,1957,2,1,1920,1921,NL,1
fe0c39fc,NL,1,France,NL,1,Western,2,1983,2,1,1944,1953,NL,1
fe100c54,NL,1,NL,NL,0,Western,1,1959,2,1,1933,1938,NL,1
fe122dd9,NL,2,NL,NL,0,Western,0,1997,2,-,1960,1977,NL,1
fe188adf,France,1,France,NL,1,Western,0,1957,2,1,1922,1930,France,0
fe2c5da3,NL,2,NL,NL,0,Western,1,1988,2,1,1955,1963,NL,1
fe2cf4e7,NL,2,NL,NL,0,Western,2,1961,2,1,1933,1940,NL,1
fe2f208b,NL,1,NL,NL,0,Western,1,1968,2,1,1930,1930,NL,1
fe318d51,NL,2,NL,NL,0,Western,0,1996,2,2,1975,1972,NL,1
fe3743bd,NL,1,NL,Egypt,1,Western,2,1987,2,1,1952,1961,NL,1
fe397dfd,NL,1,US,France,2,Western,1,1991,2,1,1961,1960,NL,1
fe39c796,France,1,France,NL,1,Western,0,1955,2,1,1926,1930,France,0
fe39f067,NL,2,NL,NL,0,Western,2,1952,2,1,1927,1932,NL,1
fe3e4d5e,NL,1,France,France,2,Western,2,1993,2,1,1972,1964,NL,1
fe413cd4,US,2,NL,NL,0,Western,2,1958,2,1,1935,1934,US,0
fe48f0ef,NL,2,NL,France,1,Western,0,1965,2,1,1934,1937,NL,1
fe4cbb1c,France,1,France,France,2,Western,2,1964,2,1,1943,1942,France,0
fe506d16,NL,1,NL,NL,0,Western,1,1987,2,1,1954,1949,NL,1
fe510f4e,NL,1,NL,France,1,Western,0,1966,2,1,1946,1944,NL,1
fe5222e0,NL,1,NL,France,1,Western,2,1980,2,1,1941,1945,NL,1
fe5b2cad,NL,1,NL,France,1,Western,2,1995,2,1,1967,1969,NL,1
fe5ca4e1,NL,1,NL,NL,0,Western,0,1966,2,1,1930,1940,NL,1
fe5f2236,NL,1,NL,NL,0,Western,0,1966,2,1,1942,1941,NL,1
fe6058c2,France,2,France,NL,1,Western,0,1985,2,1,1950,1952,France,0
fe6888d6,NL,1,NL,NL,0,Western,2,1954,2,1,1924,1917,NL,1
fe736d24,NL,1,NL,NL,0,Western,2,1999,2,1,1963,1966,NL,1
fe755a51,NL,1,NL,NL,0,Western,1,1956,2,1,1923,1920,NL,1
fe7d22cb,NL,1,NL,NL,0,Western,2,1969,2,-,1935,1932,NL,1
fe810327,NL,1,France,NL,1,Western,1,1982,2,1,1961,1943,NL,1
fe83992d,NL,-,NL,NL,0,Western,0,1958,2,1,1936,1927,NL,1
fe896f03,NL,1,NL,NL,0,Western,0,1958,2,1,1933,1930,NL,1
fe92b225,NL,1,NL,France,1,Western,0,1987,2,1,1948,1964,NL,1
fea06fe0,NL,2,NL,NL,0,Western,2,1988,2,1,1953,1954,NL,1
fea259f4,NL,1,NL,NL,0,Western,2,1999,2,1,1976,1967,NL,1
fea51a57,France,2,France,NL,1,Western,2,1950,2,1,1911,1912,France,0
feb38588,France,2,US,NL,1,Western,1,1990,2,1,1955,1961,France,0
feb944fc,NL,1,NL,NL,0,Western,1,1962,2,1,1942,1927,NL,1
feba10ec,NL,1,France,NL,1,Western,1,1951,2,1,1926,1921,NL,1
febc85e4,NL,2,NL,US,1,Western,0,1960,2,1,1932,1927,NL,1
fec2092a,NL,1,NL,NL,0,Western,2,1989,2,1,1957,1967,NL,1
fec2c0e9,NL,1,NL,NL,0,Western,1,1959,2,1,1933,1925,NL,1
fec4bda5,NL,2,NL,France,1,Western,0,1965,2,1,1936,1933,NL,1
fecc5e0e,NL,1,France,NL,1,Western,1,1981,2,1,1942,1960,NL,1
fece507b,NL,2,NL,NL,0,Western,0,1998,2,1,1965,1978,NL,1
fed82943,NL,2,France,Egypt,2,Western,1,1987,2,1,1952,1950,NL,1
fed9260b,NL,2,Egypt,NL,1,Western,0,1958,2,1,1935,1925,NL,1
fee23022,NL,2,NL,US,1,Western,2,1967,2,1,1936,1942,NL,1
fee2926a,France,2,NL,NL,0,Western,1,1987,2,1,1963,1955,France,0
feea54a9,NL,2,NL,NL,0,Western,2,1999,2,1,1964,1972,NL,1
fef54721,NL,2,NL,NL,0,Western,0,1983,2,1,1958,1952,NL,1
fef9446b,NL,1,France,NL,1,Western,1,1951,2,1,1922,1926,NL,1
fef944b5,NL,2,NL,NL,0,Western,1,1950,2,1,1918,1918,NL,1
fefb3ae3,NL,1,NL,NL,0,Western,1,1998,2,1,1977,1967,NL,1
fefb78c4,NL,2,NL,NL,0,Western,1,1993,2,1,1964,1967,NL,1
ff00cbce,NL,1,US,NL,1,Western,2,1956,2,1,1936,1935,NL,1
ff014f4f,NL,2,NL,France,1,Western,1,1950,1,1,1927,1911,NL,1
ff04f0fa,NL,2,NL,NL,0,Western,2,1980,2,1,1956,1948,NL,1
ff0d7c5f,NL,2,France,NL,1,Western,1,1991,2,1,1961,1955,NL,1
ff0f8a5b,US,1,NL,NL,0,Western,2,1983,2,1,1952,1957,US,0
ff126473,NL,1,NL,France,1,Western,1,1965,2,1,1931,1928,NL,1
ff1a0942,NL,2,NL,NL,0,Western,0,1968,2,1,1929,1944,NL,1
ff1e956b,NL,2,NL,France,1,Western,1,1988,2,1,1967,1964,NL,1
ff20b34f,NL,1,NL,NL,0,Western,2,1966,2,1,1934,1929,NL,1
ff21b70a,US,2,NL,NL,0,Western,1,1968,2,1,1945,1936,US,0
ff26a2d4,NL,1,NL,NL,0,Western,1,1956,2,1,1929,1921,NL,1
ff2cf466,NL,1,NL,NL,0,Western,2,1989,2,1,1958,1964,NL,1
ff379786,NL,1,NL,NL,0,Western,2,1988,2,1,1949,1954,NL,1
ff3a8841,NL,2,NL,France,1,Western,2,1957,2,1,1921,1922,NL,1
ff459056,NL,1,NL,France,1,Western,2,1963,2,1,1935,1939,NL,1
ff475e87,NL,1,NL,NL,0,Western,2,1964,2,1,1926,1941,NL,1
ff5227ce,NL,2,NL,NL,0,Western,0,1967,2,1,1937,1931,NL,1
ff5e56b6,NL,2,NL,NL,0,Western,0,1966,2,1,1941,1942,NL,1
ff6564cf,Egypt,2,France,NL,1,Non-Western,-,1980,2,1,1953,1952,Egypt,0
ff674921,NL,1,France,NL,1,Western,1,1964,2,1,1944,1930,NL,1
ff6d5a5f,NL,1,NL,NL,0,Western,1,1967,2,1,1932,1929,NL,1
ff72aac7,France,1,NL,France,1,Western,2,1963,2,1,1940,1929,France,0
ff7cf7af,NL,1,NL,NL,0,Western,1,1998,2,1,1960,1975,NL,1
ff83fc5a,NL,1,NL,Egypt,1,Western,1,1988,2,1,1967,1960,NL,1
ff975c52,NL,2,NL,NL,0,Western,2,1984,2,1,1948,1956,NL,1
ff9d0482,NL,2,NL,NL,0,Western,2,1967,2,1,1929,1945,NL,1
ffa63f05,France,1,NL,NL,0,Western,2,1981,2,1,1951,1956,France,0
ffb7d072,France,1,NL,NL,0,Western,0,1985,2,1,1965,1962,France,0
ffc23a7a,France,1,NL,US,1,Western,1,1952,2,1,1924,1930,France,0
ffc507c9,France,2,NL,NL,0,Western,0,1959,2,1,1929,1936,France,0
ffc90f02,NL,2,NL,NL,0,Western,1,1996,2,1,1959,1975,NL,1
ffcb1262,NL,1,France,NL,1,Western,1,1954,2,1,1918,1931,NL,1
ffd0e444,NL,2,NL,France,1,Western,1,1964,2,1,1938,1930,NL,1
ffd12d2d,NL,2,NL,NL,0,Western,1,1984,2,1,1950,1959,NL,1
ffd53154,US,1,NL,NL,0,Western,1,1990,2,1,1965,1962,US,0
ffd975e9,NL,1,NL,Egypt,1,Western,2,1998,2,1,1960,1964,NL,1
ffda4553,France,2,NL,NL,0,Western,1,1952,2,1,1918,1925,France,0
ffdbf188,NL,1,France,Egypt,2,Western,0,1961,2,1,1934,1932,NL,1
ffde5af9,France,2,NL,NL,0,Western,2,1955,2,1,1919,1925,France,0
ffe64841,France,2,NL,NL,0,Western,2,1954,2,1,1916,1934,France,0
ffed4c22,NL,1,NL,NL,0,Western,1,1966,2,1,1936,1944,NL,1
fffd3c01,NL,2,US,NL,1,Western,1,1994,2,1,1963,1973,NL,1
